Sensor ID,Asset ID (FK),Sensor Type,Reading Value,Timestamp,Baseline Value
SNS-1001-T,AST-1001,Temperature,7.2,2024-07-25 13:09,7.0
SNS-1001-T,AST-1001,Temperature,6.95,2024-07-26 01:51,7.0
SNS-1001-T,AST-1001,Temperature,7.64,2024-07-27 22:49,7.0
SNS-1001-T,AST-1001,Temperature,7.31,2024-07-28 04:10,7.0
SNS-1001-T,AST-1001,Temperature,7.11,2024-07-29 06:36,7.0
SNS-1001-T,AST-1001,Temperature,6.25,2024-07-30 06:21,7.0
SNS-1001-T,AST-1001,Temperature,7.6,2024-07-31 11:34,7.0
SNS-1001-T,AST-1001,Temperature,6.93,2024-08-01 13:10,7.0
SNS-1001-T,AST-1001,Temperature,6.78,2024-08-02 10:07,7.0
SNS-1001-T,AST-1001,Temperature,6.91,2024-08-03 00:53,7.0
SNS-1001-T,AST-1001,Temperature,7.35,2024-08-04 11:32,7.0
SNS-1001-T,AST-1001,Temperature,6.54,2024-08-05 22:45,7.0
SNS-1001-T,AST-1001,Temperature,7.33,2024-08-06 04:02,7.0
SNS-1001-T,AST-1001,Temperature,7.1,2024-08-07 08:16,7.0
SNS-1001-T,AST-1001,Temperature,6.85,2024-08-08 12:08,7.0
SNS-1001-T,AST-1001,Temperature,7.46,2024-08-09 01:58,7.0
SNS-1001-T,AST-1001,Temperature,6.77,2024-08-10 18:41,7.0
SNS-1001-T,AST-1001,Temperature,7.29,2024-08-11 17:04,7.0
SNS-1001-T,AST-1001,Temperature,6.71,2024-08-12 14:19,7.0
SNS-1001-T,AST-1001,Temperature,6.93,2024-08-13 07:19,7.0
SNS-1001-T,AST-1001,Temperature,7.38,2024-08-14 10:07,7.0
SNS-1001-T,AST-1001,Temperature,7.6,2024-08-15 17:33,7.0
SNS-1001-T,AST-1001,Temperature,7.04,2024-08-16 09:01,7.0
SNS-1001-T,AST-1001,Temperature,7.69,2024-08-17 00:37,7.0
SNS-1001-T,AST-1001,Temperature,7.1,2024-08-18 05:24,7.0
SNS-1001-T,AST-1001,Temperature,6.27,2024-08-19 05:04,7.0
SNS-1001-T,AST-1001,Temperature,6.74,2024-08-20 18:37,7.0
SNS-1001-T,AST-1001,Temperature,6.87,2024-08-21 18:11,7.0
SNS-1001-T,AST-1001,Temperature,7.11,2024-08-22 20:18,7.0
SNS-1001-T,AST-1001,Temperature,7.46,2024-08-23 05:25,7.0
SNS-1001-T,AST-1001,Temperature,7.2,2024-08-24 11:24,7.0
SNS-1001-T,AST-1001,Temperature,7.19,2024-08-25 02:19,7.0
SNS-1001-T,AST-1001,Temperature,7.02,2024-08-26 16:21,7.0
SNS-1001-T,AST-1001,Temperature,7.25,2024-08-27 22:14,7.0
SNS-1001-T,AST-1001,Temperature,6.32,2024-08-28 00:35,7.0
SNS-1001-T,AST-1001,Temperature,7.08,2024-08-29 01:16,7.0
SNS-1001-T,AST-1001,Temperature,7.02,2024-08-30 11:58,7.0
SNS-1001-T,AST-1001,Temperature,7.22,2024-08-31 15:44,7.0
SNS-1001-T,AST-1001,Temperature,7.41,2024-09-01 14:37,7.0
SNS-1001-T,AST-1001,Temperature,6.74,2024-09-02 02:49,7.0
SNS-1001-T,AST-1001,Temperature,6.71,2024-09-03 13:39,7.0
SNS-1001-T,AST-1001,Temperature,6.88,2024-09-04 11:13,7.0
SNS-1001-T,AST-1001,Temperature,6.68,2024-09-05 08:55,7.0
SNS-1001-T,AST-1001,Temperature,7.3,2024-09-06 07:06,7.0
SNS-1001-T,AST-1001,Temperature,7.44,2024-09-07 12:31,7.0
SNS-1001-T,AST-1001,Temperature,6.62,2024-09-08 02:52,7.0
SNS-1001-T,AST-1001,Temperature,7.22,2024-09-09 08:42,7.0
SNS-1001-T,AST-1001,Temperature,7.43,2024-09-10 20:46,7.0
SNS-1001-T,AST-1001,Temperature,6.85,2024-09-11 20:35,7.0
SNS-1001-T,AST-1001,Temperature,7.22,2024-09-12 02:39,7.0
SNS-1001-T,AST-1001,Temperature,7.87,2024-09-13 05:42,7.0
SNS-1001-T,AST-1001,Temperature,7.32,2024-09-14 07:44,7.0
SNS-1001-T,AST-1001,Temperature,7.52,2024-09-15 13:05,7.0
SNS-1001-T,AST-1001,Temperature,7.3,2024-09-16 06:14,7.0
SNS-1001-T,AST-1001,Temperature,7.1,2024-09-17 14:46,7.0
SNS-1001-T,AST-1001,Temperature,7.27,2024-09-18 13:29,7.0
SNS-1001-T,AST-1001,Temperature,7.39,2024-09-19 00:38,7.0
SNS-1001-T,AST-1001,Temperature,6.8,2024-09-20 21:56,7.0
SNS-1001-T,AST-1001,Temperature,7.05,2024-09-21 21:25,7.0
SNS-1001-T,AST-1001,Temperature,7.43,2024-09-22 22:50,7.0
SNS-1001-T,AST-1001,Temperature,6.81,2024-09-23 07:10,7.0
SNS-1001-T,AST-1001,Temperature,6.54,2024-09-24 21:41,7.0
SNS-1001-T,AST-1001,Temperature,6.8,2024-09-25 22:08,7.0
SNS-1001-T,AST-1001,Temperature,7.21,2024-09-26 20:43,7.0
SNS-1001-T,AST-1001,Temperature,7.59,2024-09-27 06:47,7.0
SNS-1001-T,AST-1001,Temperature,7.58,2024-09-28 19:53,7.0
SNS-1001-T,AST-1001,Temperature,7.36,2024-09-29 14:41,7.0
SNS-1001-T,AST-1001,Temperature,8.7,2024-09-30 20:19,7.0
SNS-1001-T,AST-1001,Temperature,6.85,2024-10-01 00:27,7.0
SNS-1001-T,AST-1001,Temperature,7.07,2024-10-02 06:34,7.0
SNS-1001-T,AST-1001,Temperature,6.98,2024-10-03 12:45,7.0
SNS-1001-T,AST-1001,Temperature,7.6,2024-10-04 14:05,7.0
SNS-1001-T,AST-1001,Temperature,7.19,2024-10-05 14:42,7.0
SNS-1001-T,AST-1001,Temperature,6.91,2024-10-06 11:19,7.0
SNS-1001-T,AST-1001,Temperature,6.91,2024-10-07 01:01,7.0
SNS-1001-T,AST-1001,Temperature,7.51,2024-10-08 19:41,7.0
SNS-1001-T,AST-1001,Temperature,6.69,2024-10-09 05:32,7.0
SNS-1001-T,AST-1001,Temperature,7.04,2024-10-10 15:16,7.0
SNS-1001-T,AST-1001,Temperature,8.03,2024-10-11 05:21,7.0
SNS-1001-T,AST-1001,Temperature,7.59,2024-10-12 00:06,7.0
SNS-1001-T,AST-1001,Temperature,7.36,2024-10-13 02:29,7.0
SNS-1001-T,AST-1001,Temperature,7.49,2024-10-14 03:25,7.0
SNS-1001-T,AST-1001,Temperature,7.84,2024-10-15 01:22,7.0
SNS-1001-T,AST-1001,Temperature,6.61,2024-10-16 11:50,7.0
SNS-1001-T,AST-1001,Temperature,6.79,2024-10-17 14:01,7.0
SNS-1001-T,AST-1001,Temperature,7.37,2024-10-18 21:33,7.0
SNS-1001-T,AST-1001,Temperature,7.82,2024-10-19 12:55,7.0
SNS-1001-T,AST-1001,Temperature,6.69,2024-10-20 22:53,7.0
SNS-1001-T,AST-1001,Temperature,7.3,2024-10-21 07:49,7.0
SNS-1001-T,AST-1001,Temperature,6.94,2024-10-22 18:16,7.0
SNS-1001-T,AST-1001,Temperature,7.33,2024-10-23 20:43,7.0
SNS-1001-T,AST-1001,Temperature,6.92,2024-10-24 06:10,7.0
SNS-1001-T,AST-1001,Temperature,7.49,2024-10-25 09:21,7.0
SNS-1001-T,AST-1001,Temperature,7.44,2024-10-26 07:54,7.0
SNS-1001-T,AST-1001,Temperature,7.11,2024-10-27 17:06,7.0
SNS-1001-T,AST-1001,Temperature,7.64,2024-10-28 11:48,7.0
SNS-1001-T,AST-1001,Temperature,7.47,2024-10-29 00:53,7.0
SNS-1001-T,AST-1001,Temperature,7.07,2024-10-30 07:56,7.0
SNS-1001-T,AST-1001,Temperature,7.24,2024-10-31 10:17,7.0
SNS-1001-T,AST-1001,Temperature,7.44,2024-11-01 15:44,7.0
SNS-1001-T,AST-1001,Temperature,7.45,2024-11-02 11:03,7.0
SNS-1001-T,AST-1001,Temperature,7.45,2024-11-03 10:52,7.0
SNS-1001-T,AST-1001,Temperature,6.87,2024-11-04 17:36,7.0
SNS-1001-T,AST-1001,Temperature,7.07,2024-11-05 01:41,7.0
SNS-1001-T,AST-1001,Temperature,7.01,2024-11-06 22:22,7.0
SNS-1001-T,AST-1001,Temperature,7.29,2024-11-07 18:55,7.0
SNS-1001-T,AST-1001,Temperature,6.92,2024-11-08 12:25,7.0
SNS-1001-T,AST-1001,Temperature,7.12,2024-11-09 02:29,7.0
SNS-1001-T,AST-1001,Temperature,7.2,2024-11-10 02:06,7.0
SNS-1001-T,AST-1001,Temperature,7.09,2024-11-11 17:34,7.0
SNS-1001-T,AST-1001,Temperature,7.16,2024-11-12 19:13,7.0
SNS-1001-T,AST-1001,Temperature,7.36,2024-11-13 00:57,7.0
SNS-1001-T,AST-1001,Temperature,7.29,2024-11-14 12:57,7.0
SNS-1001-T,AST-1001,Temperature,7.21,2024-11-15 14:41,7.0
SNS-1001-T,AST-1001,Temperature,8.07,2024-11-16 20:02,7.0
SNS-1001-T,AST-1001,Temperature,6.9,2024-11-17 21:52,7.0
SNS-1001-T,AST-1001,Temperature,8.08,2024-11-18 04:27,7.0
SNS-1001-T,AST-1001,Temperature,6.88,2024-11-19 13:04,7.0
SNS-1001-T,AST-1001,Temperature,7.34,2024-11-20 18:40,7.0
SNS-1001-T,AST-1001,Temperature,7.96,2024-11-21 20:48,7.0
SNS-1001-T,AST-1001,Temperature,6.68,2024-11-22 19:02,7.0
SNS-1001-T,AST-1001,Temperature,7.94,2024-11-23 08:47,7.0
SNS-1001-T,AST-1001,Temperature,6.52,2024-11-24 19:49,7.0
SNS-1001-T,AST-1001,Temperature,7.75,2024-11-25 09:16,7.0
SNS-1001-T,AST-1001,Temperature,7.21,2024-11-26 21:50,7.0
SNS-1001-T,AST-1001,Temperature,7.22,2024-11-27 10:07,7.0
SNS-1001-T,AST-1001,Temperature,7.25,2024-11-28 15:36,7.0
SNS-1001-T,AST-1001,Temperature,7.41,2024-11-29 02:39,7.0
SNS-1001-T,AST-1001,Temperature,7.82,2024-11-30 19:32,7.0
SNS-1001-T,AST-1001,Temperature,7.25,2024-12-01 20:23,7.0
SNS-1001-T,AST-1001,Temperature,7.46,2024-12-02 04:08,7.0
SNS-1001-T,AST-1001,Temperature,7.75,2024-12-03 08:34,7.0
SNS-1001-T,AST-1001,Temperature,6.73,2024-12-04 08:30,7.0
SNS-1001-T,AST-1001,Temperature,6.39,2024-12-05 09:36,7.0
SNS-1001-T,AST-1001,Temperature,6.52,2024-12-06 22:29,7.0
SNS-1001-T,AST-1001,Temperature,7.18,2024-12-07 14:14,7.0
SNS-1001-T,AST-1001,Temperature,7.35,2024-12-08 07:52,7.0
SNS-1001-T,AST-1001,Temperature,6.82,2024-12-09 15:10,7.0
SNS-1001-T,AST-1001,Temperature,6.99,2024-12-10 02:07,7.0
SNS-1001-T,AST-1001,Temperature,6.88,2024-12-11 04:21,7.0
SNS-1001-T,AST-1001,Temperature,7.98,2024-12-12 18:37,7.0
SNS-1001-T,AST-1001,Temperature,7.21,2024-12-13 20:54,7.0
SNS-1001-T,AST-1001,Temperature,7.15,2024-12-14 17:10,7.0
SNS-1001-T,AST-1001,Temperature,7.11,2024-12-15 08:28,7.0
SNS-1001-T,AST-1001,Temperature,6.59,2024-12-16 17:02,7.0
SNS-1001-T,AST-1001,Temperature,7.74,2024-12-17 16:52,7.0
SNS-1001-T,AST-1001,Temperature,8.43,2024-12-18 10:31,7.0
SNS-1001-T,AST-1001,Temperature,7.64,2024-12-19 06:22,7.0
SNS-1001-T,AST-1001,Temperature,6.93,2024-12-20 20:35,7.0
SNS-1001-T,AST-1001,Temperature,6.76,2024-12-21 18:29,7.0
SNS-1001-T,AST-1001,Temperature,7.22,2024-12-22 17:25,7.0
SNS-1001-T,AST-1001,Temperature,6.85,2024-12-23 06:21,7.0
SNS-1001-T,AST-1001,Temperature,7.56,2024-12-24 22:35,7.0
SNS-1001-T,AST-1001,Temperature,7.95,2024-12-25 02:09,7.0
SNS-1001-T,AST-1001,Temperature,6.93,2024-12-26 06:10,7.0
SNS-1001-T,AST-1001,Temperature,6.99,2024-12-27 01:30,7.0
SNS-1001-T,AST-1001,Temperature,7.29,2024-12-28 09:57,7.0
SNS-1001-T,AST-1001,Temperature,7.17,2024-12-29 18:15,7.0
SNS-1001-T,AST-1001,Temperature,7.38,2024-12-30 12:33,7.0
SNS-1001-T,AST-1001,Temperature,6.79,2024-12-31 17:11,7.0
SNS-1001-T,AST-1001,Temperature,6.88,2025-01-01 05:06,7.0
SNS-1001-T,AST-1001,Temperature,6.46,2025-01-02 06:34,7.0
SNS-1001-T,AST-1001,Temperature,7.15,2025-01-03 01:19,7.0
SNS-1001-T,AST-1001,Temperature,6.7,2025-01-04 01:58,7.0
SNS-1001-T,AST-1001,Temperature,7.58,2025-01-05 15:44,7.0
SNS-1001-T,AST-1001,Temperature,6.95,2025-01-06 10:24,7.0
SNS-1001-T,AST-1001,Temperature,7.41,2025-01-07 22:07,7.0
SNS-1001-T,AST-1001,Temperature,7.09,2025-01-08 21:10,7.0
SNS-1001-T,AST-1001,Temperature,7.21,2025-01-09 19:08,7.0
SNS-1001-T,AST-1001,Temperature,7.11,2025-01-10 04:09,7.0
SNS-1001-T,AST-1001,Temperature,7.33,2025-01-11 12:21,7.0
SNS-1001-T,AST-1001,Temperature,7.0,2025-01-12 09:48,7.0
SNS-1001-T,AST-1001,Temperature,6.36,2025-01-13 06:44,7.0
SNS-1001-T,AST-1001,Temperature,6.77,2025-01-14 05:53,7.0
SNS-1001-T,AST-1001,Temperature,7.5,2025-01-15 14:06,7.0
SNS-1001-T,AST-1001,Temperature,6.28,2025-01-16 14:19,7.0
SNS-1001-T,AST-1001,Temperature,7.3,2025-01-17 12:52,7.0
SNS-1001-T,AST-1001,Temperature,7.0,2025-01-18 03:18,7.0
SNS-1001-T,AST-1001,Temperature,7.5,2025-01-19 13:44,7.0
SNS-1001-T,AST-1001,Temperature,6.82,2025-01-20 07:48,7.0
SNS-1001-T,AST-1001,Temperature,7.05,2025-01-21 03:13,7.0
SNS-1001-T,AST-1001,Temperature,6.77,2025-01-22 16:37,7.0
SNS-1001-T,AST-1001,Temperature,7.33,2025-01-23 07:10,7.0
SNS-1001-T,AST-1001,Temperature,7.91,2025-01-24 13:23,7.0
SNS-1001-T,AST-1001,Temperature,7.42,2025-01-25 13:29,7.0
SNS-1001-T,AST-1001,Temperature,7.14,2025-01-26 00:51,7.0
SNS-1001-T,AST-1001,Temperature,7.2,2025-01-27 21:41,7.0
SNS-1001-T,AST-1001,Temperature,7.45,2025-01-28 13:35,7.0
SNS-1001-T,AST-1001,Temperature,7.79,2025-01-29 21:26,7.0
SNS-1001-T,AST-1001,Temperature,6.95,2025-01-30 22:49,7.0
SNS-1001-T,AST-1001,Temperature,7.17,2025-01-31 09:03,7.0
SNS-1001-T,AST-1001,Temperature,7.59,2025-02-01 18:00,7.0
SNS-1001-T,AST-1001,Temperature,6.75,2025-02-02 21:20,7.0
SNS-1001-T,AST-1001,Temperature,6.49,2025-02-03 16:26,7.0
SNS-1001-T,AST-1001,Temperature,7.05,2025-02-04 04:29,7.0
SNS-1001-T,AST-1001,Temperature,6.55,2025-02-05 21:21,7.0
SNS-1001-T,AST-1001,Temperature,7.89,2025-02-06 15:10,7.0
SNS-1001-T,AST-1001,Temperature,7.6,2025-02-07 03:24,7.0
SNS-1001-T,AST-1001,Temperature,8.17,2025-02-08 17:12,7.0
SNS-1001-T,AST-1001,Temperature,7.17,2025-02-09 04:11,7.0
SNS-1001-T,AST-1001,Temperature,7.13,2025-02-10 01:45,7.0
SNS-1001-T,AST-1001,Temperature,6.93,2025-02-11 12:26,7.0
SNS-1001-T,AST-1001,Temperature,7.64,2025-02-12 04:50,7.0
SNS-1001-T,AST-1001,Temperature,6.31,2025-02-13 08:15,7.0
SNS-1001-T,AST-1001,Temperature,6.7,2025-02-14 03:42,7.0
SNS-1001-T,AST-1001,Temperature,7.84,2025-02-15 00:13,7.0
SNS-1001-T,AST-1001,Temperature,7.43,2025-02-16 02:47,7.0
SNS-1001-T,AST-1001,Temperature,6.69,2025-02-17 15:14,7.0
SNS-1001-T,AST-1001,Temperature,7.04,2025-02-18 19:48,7.0
SNS-1001-T,AST-1001,Temperature,6.99,2025-02-19 15:12,7.0
SNS-1001-T,AST-1001,Temperature,7.37,2025-02-20 01:12,7.0
SNS-1001-T,AST-1001,Temperature,7.01,2025-02-21 04:34,7.0
SNS-1001-T,AST-1001,Temperature,7.5,2025-02-22 07:15,7.0
SNS-1001-T,AST-1001,Temperature,7.06,2025-02-23 13:15,7.0
SNS-1001-T,AST-1001,Temperature,6.62,2025-02-24 10:17,7.0
SNS-1001-T,AST-1001,Temperature,7.84,2025-02-25 17:08,7.0
SNS-1001-T,AST-1001,Temperature,7.12,2025-02-26 18:25,7.0
SNS-1001-T,AST-1001,Temperature,7.57,2025-02-27 06:31,7.0
SNS-1001-T,AST-1001,Temperature,6.59,2025-02-28 19:58,7.0
SNS-1001-T,AST-1001,Temperature,7.43,2025-03-01 03:16,7.0
SNS-1001-T,AST-1001,Temperature,7.21,2025-03-02 12:38,7.0
SNS-1001-T,AST-1001,Temperature,6.74,2025-03-03 04:00,7.0
SNS-1001-T,AST-1001,Temperature,7.23,2025-03-04 15:10,7.0
SNS-1001-T,AST-1001,Temperature,7.52,2025-03-05 09:22,7.0
SNS-1001-T,AST-1001,Temperature,6.88,2025-03-06 16:04,7.0
SNS-1001-T,AST-1001,Temperature,7.14,2025-03-07 05:22,7.0
SNS-1001-T,AST-1001,Temperature,6.76,2025-03-08 06:33,7.0
SNS-1001-T,AST-1001,Temperature,6.59,2025-03-09 15:55,7.0
SNS-1001-T,AST-1001,Temperature,6.79,2025-03-10 06:35,7.0
SNS-1001-T,AST-1001,Temperature,7.41,2025-03-11 11:35,7.0
SNS-1001-T,AST-1001,Temperature,7.59,2025-03-12 01:42,7.0
SNS-1001-T,AST-1001,Temperature,6.85,2025-03-13 15:25,7.0
SNS-1001-T,AST-1001,Temperature,7.41,2025-03-14 15:16,7.0
SNS-1001-T,AST-1001,Temperature,6.9,2025-03-15 08:05,7.0
SNS-1001-T,AST-1001,Temperature,7.1,2025-03-16 12:51,7.0
SNS-1001-T,AST-1001,Temperature,7.38,2025-03-17 18:38,7.0
SNS-1001-T,AST-1001,Temperature,7.46,2025-03-18 11:13,7.0
SNS-1001-T,AST-1001,Temperature,7.31,2025-03-19 21:02,7.0
SNS-1001-T,AST-1001,Temperature,7.3,2025-03-20 13:54,7.0
SNS-1001-T,AST-1001,Temperature,7.21,2025-03-21 16:17,7.0
SNS-1001-T,AST-1001,Temperature,7.12,2025-03-22 19:18,7.0
SNS-1001-T,AST-1001,Temperature,7.4,2025-03-23 00:35,7.0
SNS-1001-T,AST-1001,Temperature,6.96,2025-03-24 16:20,7.0
SNS-1001-T,AST-1001,Temperature,7.01,2025-03-25 01:18,7.0
SNS-1001-T,AST-1001,Temperature,7.71,2025-03-26 14:52,7.0
SNS-1001-T,AST-1001,Temperature,7.21,2025-03-27 05:01,7.0
SNS-1001-T,AST-1001,Temperature,7.17,2025-03-28 18:58,7.0
SNS-1001-T,AST-1001,Temperature,7.56,2025-03-29 17:23,7.0
SNS-1001-T,AST-1001,Temperature,8.05,2025-03-30 22:45,7.0
SNS-1001-T,AST-1001,Temperature,6.99,2025-03-31 09:43,7.0
SNS-1001-T,AST-1001,Temperature,6.97,2025-04-01 06:17,7.0
SNS-1001-T,AST-1001,Temperature,7.02,2025-04-02 00:01,7.0
SNS-1001-T,AST-1001,Temperature,7.12,2025-04-03 15:12,7.0
SNS-1001-T,AST-1001,Temperature,7.23,2025-04-04 18:05,7.0
SNS-1001-T,AST-1001,Temperature,7.53,2025-04-05 10:36,7.0
SNS-1001-T,AST-1001,Temperature,7.05,2025-04-06 22:13,7.0
SNS-1001-T,AST-1001,Temperature,7.21,2025-04-07 11:13,7.0
SNS-1001-T,AST-1001,Temperature,7.34,2025-04-08 05:10,7.0
SNS-1001-T,AST-1001,Temperature,6.89,2025-04-09 22:52,7.0
SNS-1001-T,AST-1001,Temperature,7.62,2025-04-10 22:10,7.0
SNS-1001-T,AST-1001,Temperature,7.71,2025-04-11 03:48,7.0
SNS-1001-T,AST-1001,Temperature,6.92,2025-04-12 05:31,7.0
SNS-1001-T,AST-1001,Temperature,7.77,2025-04-13 20:15,7.0
SNS-1001-T,AST-1001,Temperature,7.87,2025-04-14 20:56,7.0
SNS-1001-T,AST-1001,Temperature,7.27,2025-04-15 12:05,7.0
SNS-1001-T,AST-1001,Temperature,7.29,2025-04-16 08:15,7.0
SNS-1001-T,AST-1001,Temperature,7.14,2025-04-17 05:40,7.0
SNS-1001-T,AST-1001,Temperature,7.87,2025-04-18 19:29,7.0
SNS-1001-T,AST-1001,Temperature,8.17,2025-04-19 07:40,7.0
SNS-1001-T,AST-1001,Temperature,6.95,2025-04-20 06:51,7.0
SNS-1001-T,AST-1001,Temperature,7.4,2025-04-21 19:41,7.0
SNS-1001-T,AST-1001,Temperature,7.6,2025-04-22 16:40,7.0
SNS-1001-T,AST-1001,Temperature,7.72,2025-04-23 20:51,7.0
SNS-1001-T,AST-1001,Temperature,7.42,2025-04-24 18:07,7.0
SNS-1001-T,AST-1001,Temperature,7.65,2025-04-25 18:49,7.0
SNS-1001-T,AST-1001,Temperature,6.84,2025-04-26 00:16,7.0
SNS-1001-T,AST-1001,Temperature,7.25,2025-04-27 05:37,7.0
SNS-1001-T,AST-1001,Temperature,7.19,2025-04-28 17:06,7.0
SNS-1001-T,AST-1001,Temperature,7.27,2025-04-29 07:37,7.0
SNS-1001-T,AST-1001,Temperature,7.81,2025-04-30 02:55,7.0
SNS-1001-T,AST-1001,Temperature,7.0,2025-05-01 16:03,7.0
SNS-1001-T,AST-1001,Temperature,7.26,2025-05-02 07:36,7.0
SNS-1001-T,AST-1001,Temperature,6.96,2025-05-03 00:01,7.0
SNS-1001-T,AST-1001,Temperature,7.34,2025-05-04 11:45,7.0
SNS-1001-T,AST-1001,Temperature,6.96,2025-05-05 22:25,7.0
SNS-1001-T,AST-1001,Temperature,7.94,2025-05-06 03:46,7.0
SNS-1001-T,AST-1001,Temperature,6.78,2025-05-07 15:38,7.0
SNS-1001-T,AST-1001,Temperature,7.48,2025-05-08 21:08,7.0
SNS-1001-T,AST-1001,Temperature,7.46,2025-05-09 14:23,7.0
SNS-1001-T,AST-1001,Temperature,7.16,2025-05-10 22:24,7.0
SNS-1001-T,AST-1001,Temperature,7.1,2025-05-11 00:38,7.0
SNS-1001-T,AST-1001,Temperature,7.34,2025-05-12 19:27,7.0
SNS-1001-T,AST-1001,Temperature,7.34,2025-05-13 19:44,7.0
SNS-1001-T,AST-1001,Temperature,7.39,2025-05-14 03:01,7.0
SNS-1001-T,AST-1001,Temperature,7.29,2025-05-15 11:06,7.0
SNS-1001-T,AST-1001,Temperature,7.5,2025-05-16 15:25,7.0
SNS-1001-T,AST-1001,Temperature,7.2,2025-05-17 13:15,7.0
SNS-1001-T,AST-1001,Temperature,6.65,2025-05-18 07:26,7.0
SNS-1001-T,AST-1001,Temperature,7.04,2025-05-19 06:41,7.0
SNS-1001-T,AST-1001,Temperature,6.26,2025-05-20 17:02,7.0
SNS-1001-T,AST-1001,Temperature,6.84,2025-05-21 22:08,7.0
SNS-1001-T,AST-1001,Temperature,7.21,2025-05-22 14:41,7.0
SNS-1001-T,AST-1001,Temperature,7.15,2025-05-23 11:05,7.0
SNS-1001-T,AST-1001,Temperature,7.25,2025-05-24 00:04,7.0
SNS-1001-T,AST-1001,Temperature,6.84,2025-05-25 15:47,7.0
SNS-1001-T,AST-1001,Temperature,7.13,2025-05-26 03:06,7.0
SNS-1001-T,AST-1001,Temperature,7.81,2025-05-27 21:03,7.0
SNS-1001-T,AST-1001,Temperature,7.62,2025-05-28 16:51,7.0
SNS-1001-T,AST-1001,Temperature,7.61,2025-05-29 18:04,7.0
SNS-1001-T,AST-1001,Temperature,7.51,2025-05-30 12:48,7.0
SNS-1001-T,AST-1001,Temperature,8.09,2025-05-31 16:04,7.0
SNS-1001-T,AST-1001,Temperature,6.99,2025-06-01 05:09,7.0
SNS-1001-T,AST-1001,Temperature,7.14,2025-06-02 07:10,7.0
SNS-1001-T,AST-1001,Temperature,7.44,2025-06-03 15:29,7.0
SNS-1001-T,AST-1001,Temperature,7.96,2025-06-04 22:57,7.0
SNS-1001-T,AST-1001,Temperature,7.45,2025-06-05 04:40,7.0
SNS-1001-T,AST-1001,Temperature,7.18,2025-06-06 16:43,7.0
SNS-1001-T,AST-1001,Temperature,6.62,2025-06-07 07:21,7.0
SNS-1001-T,AST-1001,Temperature,7.38,2025-06-08 16:28,7.0
SNS-1001-T,AST-1001,Temperature,7.71,2025-06-09 20:24,7.0
SNS-1001-T,AST-1001,Temperature,7.56,2025-06-10 04:36,7.0
SNS-1001-T,AST-1001,Temperature,6.67,2025-06-11 16:07,7.0
SNS-1001-T,AST-1001,Temperature,7.5,2025-06-12 05:57,7.0
SNS-1001-T,AST-1001,Temperature,7.41,2025-06-13 19:29,7.0
SNS-1001-T,AST-1001,Temperature,7.53,2025-06-14 11:21,7.0
SNS-1001-T,AST-1001,Temperature,7.17,2025-06-15 03:23,7.0
SNS-1001-T,AST-1001,Temperature,6.8,2025-06-16 03:57,7.0
SNS-1001-T,AST-1001,Temperature,7.79,2025-06-17 05:04,7.0
SNS-1001-T,AST-1001,Temperature,7.36,2025-06-18 19:25,7.0
SNS-1001-T,AST-1001,Temperature,6.82,2025-06-19 14:41,7.0
SNS-1001-T,AST-1001,Temperature,7.19,2025-06-20 16:39,7.0
SNS-1001-T,AST-1001,Temperature,7.2,2025-06-21 19:47,7.0
SNS-1001-T,AST-1001,Temperature,7.75,2025-06-22 02:15,7.0
SNS-1001-T,AST-1001,Temperature,7.44,2025-06-23 12:55,7.0
SNS-1001-T,AST-1001,Temperature,7.64,2025-06-24 11:02,7.0
SNS-1001-T,AST-1001,Temperature,7.32,2025-06-25 22:56,7.0
SNS-1001-T,AST-1001,Temperature,7.72,2025-06-26 11:28,7.0
SNS-1001-T,AST-1001,Temperature,7.5,2025-06-27 03:01,7.0
SNS-1001-T,AST-1001,Temperature,7.81,2025-06-28 15:57,7.0
SNS-1001-T,AST-1001,Temperature,6.95,2025-06-29 15:26,7.0
SNS-1001-T,AST-1001,Temperature,7.3,2025-06-30 19:55,7.0
SNS-1001-T,AST-1001,Temperature,7.47,2025-07-01 11:36,7.0
SNS-1001-T,AST-1001,Temperature,7.46,2025-07-02 21:40,7.0
SNS-1001-T,AST-1001,Temperature,7.81,2025-07-03 04:38,7.0
SNS-1001-T,AST-1001,Temperature,8.04,2025-07-04 15:58,7.0
SNS-1001-T,AST-1001,Temperature,6.94,2025-07-05 22:24,7.0
SNS-1001-T,AST-1001,Temperature,7.53,2025-07-06 16:51,7.0
SNS-1001-T,AST-1001,Temperature,7.57,2025-07-07 07:39,7.0
SNS-1001-T,AST-1001,Temperature,7.65,2025-07-08 10:48,7.0
SNS-1001-T,AST-1001,Temperature,7.69,2025-07-09 12:00,7.0
SNS-1001-T,AST-1001,Temperature,6.98,2025-07-10 15:22,7.0
SNS-1001-T,AST-1001,Temperature,6.85,2025-07-11 05:22,7.0
SNS-1001-T,AST-1001,Temperature,8.08,2025-07-12 10:22,7.0
SNS-1001-T,AST-1001,Temperature,7.83,2025-07-13 11:28,7.0
SNS-1001-T,AST-1001,Temperature,6.88,2025-07-14 12:35,7.0
SNS-1001-T,AST-1001,Temperature,6.78,2025-07-15 18:42,7.0
SNS-1001-T,AST-1001,Temperature,7.75,2025-07-16 21:03,7.0
SNS-1001-T,AST-1001,Temperature,7.56,2025-07-17 08:05,7.0
SNS-1001-T,AST-1001,Temperature,6.78,2025-07-18 07:47,7.0
SNS-1001-T,AST-1001,Temperature,7.42,2025-07-19 07:36,7.0
SNS-1001-T,AST-1001,Temperature,7.07,2025-07-20 02:10,7.0
SNS-1001-T,AST-1001,Temperature,7.84,2025-07-21 04:30,7.0
SNS-1001-T,AST-1001,Temperature,7.23,2025-07-22 05:56,7.0
SNS-1001-T,AST-1001,Temperature,7.6,2025-07-23 18:32,7.0
SNS-1001-T,AST-1001,Temperature,7.53,2025-07-24 13:48,7.0
SNS-1001-T,AST-1001,Temperature,7.31,2025-07-25 05:12,7.0
SNS-1001-T,AST-1001,Temperature,6.93,2025-07-26 20:20,7.0
SNS-1001-T,AST-1001,Temperature,8.19,2025-07-27 17:16,7.0
SNS-1001-T,AST-1001,Temperature,7.38,2025-07-28 02:36,7.0
SNS-1001-T,AST-1001,Temperature,8.0,2025-07-29 13:09,7.0
SNS-1001-T,AST-1001,Temperature,7.76,2025-07-30 02:01,7.0
SNS-1001-T,AST-1001,Temperature,7.68,2025-07-31 13:32,7.0
SNS-1001-T,AST-1001,Temperature,7.29,2025-08-01 11:58,7.0
SNS-1001-T,AST-1001,Temperature,6.97,2025-08-02 15:23,7.0
SNS-1001-T,AST-1001,Temperature,8.2,2025-08-03 22:07,7.0
SNS-1001-T,AST-1001,Temperature,7.31,2025-08-04 16:34,7.0
SNS-1001-T,AST-1001,Temperature,7.38,2025-08-05 20:11,7.0
SNS-1001-T,AST-1001,Temperature,7.46,2025-08-06 05:20,7.0
SNS-1001-T,AST-1001,Temperature,7.56,2025-08-07 18:13,7.0
SNS-1001-T,AST-1001,Temperature,7.24,2025-08-08 20:38,7.0
SNS-1001-T,AST-1001,Temperature,6.76,2025-08-09 15:58,7.0
SNS-1001-T,AST-1001,Temperature,7.71,2025-08-10 12:43,7.0
SNS-1001-T,AST-1001,Temperature,7.28,2025-08-11 22:10,7.0
SNS-1001-T,AST-1001,Temperature,7.54,2025-08-12 04:31,7.0
SNS-1001-T,AST-1001,Temperature,7.53,2025-08-13 07:39,7.0
SNS-1001-T,AST-1001,Temperature,7.21,2025-08-14 21:13,7.0
SNS-1001-T,AST-1001,Temperature,7.14,2025-08-15 21:31,7.0
SNS-1001-T,AST-1001,Temperature,7.46,2025-08-16 11:36,7.0
SNS-1001-T,AST-1001,Temperature,7.67,2025-08-17 18:46,7.0
SNS-1001-T,AST-1001,Temperature,7.47,2025-08-18 00:17,7.0
SNS-1001-T,AST-1001,Temperature,7.28,2025-08-19 21:32,7.0
SNS-1001-T,AST-1001,Temperature,7.07,2025-08-20 09:26,7.0
SNS-1001-T,AST-1001,Temperature,7.76,2025-08-21 11:58,7.0
SNS-1001-T,AST-1001,Temperature,8.61,2025-08-22 04:54,7.0
SNS-1001-T,AST-1001,Temperature,7.65,2025-08-23 20:51,7.0
SNS-1001-T,AST-1001,Temperature,7.58,2025-08-24 18:17,7.0
SNS-1001-T,AST-1001,Temperature,7.55,2025-08-25 15:20,7.0
SNS-1001-T,AST-1001,Temperature,7.33,2025-08-26 14:48,7.0
SNS-1001-T,AST-1001,Temperature,7.62,2025-08-27 17:10,7.0
SNS-1001-T,AST-1001,Temperature,7.96,2025-08-28 09:08,7.0
SNS-1001-T,AST-1001,Temperature,7.4,2025-08-29 03:56,7.0
SNS-1001-T,AST-1001,Temperature,7.57,2025-08-30 22:25,7.0
SNS-1001-T,AST-1001,Temperature,7.67,2025-08-31 02:37,7.0
SNS-1001-T,AST-1001,Temperature,6.86,2025-09-01 14:38,7.0
SNS-1001-T,AST-1001,Temperature,7.57,2025-09-02 22:03,7.0
SNS-1001-T,AST-1001,Temperature,8.26,2025-09-03 22:14,7.0
SNS-1001-T,AST-1001,Temperature,7.42,2025-09-04 01:30,7.0
SNS-1001-T,AST-1001,Temperature,7.55,2025-09-05 18:36,7.0
SNS-1001-T,AST-1001,Temperature,8.05,2025-09-06 09:07,7.0
SNS-1001-T,AST-1001,Temperature,7.08,2025-09-07 10:11,7.0
SNS-1001-T,AST-1001,Temperature,7.21,2025-09-08 16:45,7.0
SNS-1001-T,AST-1001,Temperature,6.97,2025-09-09 09:28,7.0
SNS-1001-T,AST-1001,Temperature,7.47,2025-09-10 04:00,7.0
SNS-1001-T,AST-1001,Temperature,7.85,2025-09-11 22:47,7.0
SNS-1001-T,AST-1001,Temperature,7.69,2025-09-12 12:26,7.0
SNS-1001-T,AST-1001,Temperature,7.93,2025-09-13 02:28,7.0
SNS-1001-T,AST-1001,Temperature,7.53,2025-09-14 10:22,7.0
SNS-1001-T,AST-1001,Temperature,7.36,2025-09-15 10:46,7.0
SNS-1001-T,AST-1001,Temperature,7.45,2025-09-16 10:15,7.0
SNS-1001-T,AST-1001,Temperature,8.13,2025-09-17 00:53,7.0
SNS-1001-T,AST-1001,Temperature,8.58,2025-09-18 20:37,7.0
SNS-1001-T,AST-1001,Temperature,7.48,2025-09-19 01:30,7.0
SNS-1001-T,AST-1001,Temperature,7.91,2025-09-20 15:02,7.0
SNS-1001-T,AST-1001,Temperature,7.46,2025-09-21 16:04,7.0
SNS-1001-T,AST-1001,Temperature,7.2,2025-09-22 17:39,7.0
SNS-1001-T,AST-1001,Temperature,7.35,2025-09-23 04:05,7.0
SNS-1001-T,AST-1001,Temperature,8.22,2025-09-24 00:04,7.0
SNS-1001-T,AST-1001,Temperature,8.03,2025-09-25 06:45,7.0
SNS-1001-T,AST-1001,Temperature,7.18,2025-09-26 02:36,7.0
SNS-1001-T,AST-1001,Temperature,8.35,2025-09-27 14:31,7.0
SNS-1001-T,AST-1001,Temperature,7.5,2025-09-28 13:34,7.0
SNS-1001-T,AST-1001,Temperature,8.13,2025-09-29 18:38,7.0
SNS-1001-T,AST-1001,Temperature,7.62,2025-09-30 05:21,7.0
SNS-1001-T,AST-1001,Temperature,7.43,2025-10-01 10:36,7.0
SNS-1001-T,AST-1001,Temperature,7.68,2025-10-02 14:16,7.0
SNS-1001-T,AST-1001,Temperature,7.66,2025-10-03 19:49,7.0
SNS-1001-T,AST-1001,Temperature,7.71,2025-10-04 10:49,7.0
SNS-1001-T,AST-1001,Temperature,7.89,2025-10-05 17:38,7.0
SNS-1001-T,AST-1001,Temperature,7.85,2025-10-06 21:02,7.0
SNS-1001-T,AST-1001,Temperature,7.27,2025-10-07 03:42,7.0
SNS-1001-T,AST-1001,Temperature,7.58,2025-10-08 19:43,7.0
SNS-1001-T,AST-1001,Temperature,8.03,2025-10-09 13:29,7.0
SNS-1001-T,AST-1001,Temperature,8.02,2025-10-10 20:37,7.0
SNS-1001-T,AST-1001,Temperature,7.09,2025-10-11 03:27,7.0
SNS-1001-T,AST-1001,Temperature,7.72,2025-10-12 04:32,7.0
SNS-1001-T,AST-1001,Temperature,7.46,2025-10-13 14:11,7.0
SNS-1001-T,AST-1001,Temperature,8.28,2025-10-14 00:44,7.0
SNS-1001-T,AST-1001,Temperature,7.56,2025-10-15 17:11,7.0
SNS-1001-T,AST-1001,Temperature,7.76,2025-10-16 03:18,7.0
SNS-1001-T,AST-1001,Temperature,7.98,2025-10-17 22:21,7.0
SNS-1001-T,AST-1001,Temperature,8.51,2025-10-18 13:23,7.0
SNS-1001-T,AST-1001,Temperature,7.66,2025-10-19 15:00,7.0
SNS-1001-T,AST-1001,Temperature,7.21,2025-10-20 02:34,7.0
SNS-1001-T,AST-1001,Temperature,8.33,2025-10-21 14:03,7.0
SNS-1001-T,AST-1001,Temperature,8.44,2025-10-22 13:39,7.0
SNS-1001-T,AST-1001,Temperature,8.63,2025-10-23 06:48,7.0
SNS-1001-T,AST-1001,Temperature,7.51,2025-10-24 07:46,7.0
SNS-1001-T,AST-1001,Temperature,7.83,2025-10-25 18:30,7.0
SNS-1001-T,AST-1001,Temperature,7.38,2025-10-26 09:05,7.0
SNS-1001-T,AST-1001,Temperature,7.76,2025-10-27 13:43,7.0
SNS-1001-T,AST-1001,Temperature,7.43,2025-10-28 18:06,7.0
SNS-1001-T,AST-1001,Temperature,8.59,2025-10-29 19:22,7.0
SNS-1001-T,AST-1001,Temperature,8.6,2025-10-30 08:19,7.0
SNS-1001-T,AST-1001,Temperature,8.47,2025-10-31 00:49,7.0
SNS-1001-T,AST-1001,Temperature,7.91,2025-11-01 21:15,7.0
SNS-1001-T,AST-1001,Temperature,7.15,2025-11-02 20:49,7.0
SNS-1001-T,AST-1001,Temperature,8.06,2025-11-03 11:07,7.0
SNS-1001-T,AST-1001,Temperature,7.64,2025-11-04 16:29,7.0
SNS-1001-T,AST-1001,Temperature,8.52,2025-11-05 03:36,7.0
SNS-1001-T,AST-1001,Temperature,7.68,2025-11-06 17:38,7.0
SNS-1001-T,AST-1001,Temperature,7.82,2025-11-07 05:53,7.0
SNS-1001-T,AST-1001,Temperature,7.78,2025-11-08 06:44,7.0
SNS-1001-T,AST-1001,Temperature,8.46,2025-11-09 11:01,7.0
SNS-1001-T,AST-1001,Temperature,7.76,2025-11-10 20:08,7.0
SNS-1001-T,AST-1001,Temperature,6.9,2025-11-11 20:01,7.0
SNS-1001-T,AST-1001,Temperature,8.23,2025-11-12 22:33,7.0
SNS-1001-T,AST-1001,Temperature,7.25,2025-11-13 22:15,7.0
SNS-1001-T,AST-1001,Temperature,7.66,2025-11-14 04:33,7.0
SNS-1001-T,AST-1001,Temperature,8.06,2025-11-15 08:06,7.0
SNS-1001-T,AST-1001,Temperature,7.86,2025-11-16 05:14,7.0
SNS-1001-T,AST-1001,Temperature,7.96,2025-11-17 02:50,7.0
SNS-1001-T,AST-1001,Temperature,8.34,2025-11-18 01:41,7.0
SNS-1001-T,AST-1001,Temperature,7.55,2025-11-19 11:09,7.0
SNS-1001-T,AST-1001,Temperature,7.92,2025-11-20 19:39,7.0
SNS-1001-T,AST-1001,Temperature,6.94,2025-11-21 12:03,7.0
SNS-1001-T,AST-1001,Temperature,7.48,2025-11-22 18:27,7.0
SNS-1001-T,AST-1001,Temperature,7.63,2025-11-23 07:44,7.0
SNS-1001-T,AST-1001,Temperature,7.57,2025-11-24 04:51,7.0
SNS-1001-T,AST-1001,Temperature,7.77,2025-11-25 17:01,7.0
SNS-1001-T,AST-1001,Temperature,7.27,2025-11-26 10:53,7.0
SNS-1001-T,AST-1001,Temperature,7.82,2025-11-27 15:48,7.0
SNS-1001-T,AST-1001,Temperature,9.17,2025-11-28 17:56,7.0
SNS-1001-T,AST-1001,Temperature,7.94,2025-11-29 18:34,7.0
SNS-1001-T,AST-1001,Temperature,7.32,2025-11-30 18:23,7.0
SNS-1001-T,AST-1001,Temperature,7.93,2025-12-01 16:46,7.0
SNS-1001-T,AST-1001,Temperature,8.24,2025-12-02 19:53,7.0
SNS-1001-T,AST-1001,Temperature,7.77,2025-12-03 20:38,7.0
SNS-1001-T,AST-1001,Temperature,7.74,2025-12-04 10:36,7.0
SNS-1001-T,AST-1001,Temperature,7.91,2025-12-05 09:58,7.0
SNS-1001-T,AST-1001,Temperature,8.47,2025-12-06 14:09,7.0
SNS-1001-T,AST-1001,Temperature,7.83,2025-12-07 00:33,7.0
SNS-1001-T,AST-1001,Temperature,8.3,2025-12-08 16:52,7.0
SNS-1001-T,AST-1001,Temperature,7.98,2025-12-09 19:48,7.0
SNS-1001-T,AST-1001,Temperature,7.77,2025-12-10 16:18,7.0
SNS-1001-T,AST-1001,Temperature,8.43,2025-12-11 08:29,7.0
SNS-1001-T,AST-1001,Temperature,7.86,2025-12-12 07:10,7.0
SNS-1001-T,AST-1001,Temperature,8.25,2025-12-13 05:08,7.0
SNS-1001-T,AST-1001,Temperature,8.13,2025-12-14 10:44,7.0
SNS-1001-T,AST-1001,Temperature,8.4,2025-12-15 19:27,7.0
SNS-1001-T,AST-1001,Temperature,8.52,2025-12-16 14:07,7.0
SNS-1001-T,AST-1001,Temperature,7.44,2025-12-17 01:10,7.0
SNS-1001-T,AST-1001,Temperature,8.39,2025-12-18 05:49,7.0
SNS-1001-T,AST-1001,Temperature,8.26,2025-12-19 11:18,7.0
SNS-1001-T,AST-1001,Temperature,7.38,2025-12-20 00:17,7.0
SNS-1001-T,AST-1001,Temperature,8.12,2025-12-21 17:46,7.0
SNS-1001-T,AST-1001,Temperature,7.99,2025-12-22 05:53,7.0
SNS-1001-T,AST-1001,Temperature,8.19,2025-12-23 10:27,7.0
SNS-1001-T,AST-1001,Temperature,8.68,2025-12-24 12:22,7.0
SNS-1001-T,AST-1001,Temperature,7.7,2025-12-25 21:16,7.0
SNS-1001-T,AST-1001,Temperature,7.88,2025-12-26 06:53,7.0
SNS-1001-T,AST-1001,Temperature,8.21,2025-12-27 22:42,7.0
SNS-1001-T,AST-1001,Temperature,8.16,2025-12-28 19:16,7.0
SNS-1001-T,AST-1001,Temperature,8.07,2025-12-29 05:00,7.0
SNS-1001-T,AST-1001,Temperature,8.65,2025-12-30 06:35,7.0
SNS-1001-T,AST-1001,Temperature,7.5,2025-12-31 01:53,7.0
SNS-1001-T,AST-1001,Temperature,7.49,2026-01-01 15:35,7.0
SNS-1001-T,AST-1001,Temperature,7.88,2026-01-02 00:34,7.0
SNS-1001-T,AST-1001,Temperature,7.85,2026-01-03 19:30,7.0
SNS-1001-T,AST-1001,Temperature,7.55,2026-01-04 20:39,7.0
SNS-1001-T,AST-1001,Temperature,8.02,2026-01-05 20:33,7.0
SNS-1001-T,AST-1001,Temperature,6.84,2026-01-06 09:45,7.0
SNS-1001-T,AST-1001,Temperature,8.19,2026-01-07 20:26,7.0
SNS-1001-T,AST-1001,Temperature,8.57,2026-01-08 16:14,7.0
SNS-1001-T,AST-1001,Temperature,8.45,2026-01-09 02:22,7.0
SNS-1001-T,AST-1001,Temperature,8.79,2026-01-10 13:43,7.0
SNS-1001-T,AST-1001,Temperature,7.85,2026-01-11 14:04,7.0
SNS-1001-T,AST-1001,Temperature,7.63,2026-01-12 01:08,7.0
SNS-1001-T,AST-1001,Temperature,7.4,2026-01-13 22:19,7.0
SNS-1001-T,AST-1001,Temperature,7.36,2026-01-14 06:12,7.0
SNS-1001-T,AST-1001,Temperature,7.89,2026-01-15 00:00,7.0
SNS-1001-T,AST-1001,Temperature,7.8,2026-01-16 13:30,7.0
SNS-1001-T,AST-1001,Temperature,7.62,2026-01-17 21:23,7.0
SNS-1001-T,AST-1001,Temperature,8.01,2026-01-18 07:29,7.0
SNS-1001-T,AST-1001,Temperature,7.63,2026-01-19 11:41,7.0
SNS-1001-T,AST-1001,Temperature,7.64,2026-01-20 09:53,7.0
SNS-1001-T,AST-1001,Temperature,7.32,2026-01-21 13:18,7.0
SNS-1001-T,AST-1001,Temperature,7.73,2026-01-22 01:35,7.0
SNS-1001-T,AST-1001,Temperature,7.99,2026-01-23 02:22,7.0
SNS-1001-T,AST-1001,Temperature,7.07,2026-01-24 09:44,7.0
SNS-1001-T,AST-1001,Temperature,7.64,2026-01-25 01:20,7.0
SNS-1001-T,AST-1001,Temperature,8.0,2026-01-26 08:35,7.0
SNS-1001-T,AST-1001,Temperature,8.11,2026-01-27 14:53,7.0
SNS-1001-T,AST-1001,Temperature,8.31,2026-01-28 02:53,7.0
SNS-1001-T,AST-1001,Temperature,8.04,2026-01-29 12:08,7.0
SNS-1001-T,AST-1001,Temperature,7.92,2026-01-30 11:34,7.0
SNS-1001-T,AST-1001,Temperature,7.85,2026-01-31 02:32,7.0
SNS-1001-T,AST-1001,Temperature,8.44,2026-02-01 19:40,7.0
SNS-1001-T,AST-1001,Temperature,7.58,2026-02-02 15:16,7.0
SNS-1001-T,AST-1001,Temperature,8.33,2026-02-03 18:48,7.0
SNS-1001-T,AST-1001,Temperature,7.66,2026-02-04 21:25,7.0
SNS-1001-T,AST-1001,Temperature,8.25,2026-02-05 13:41,7.0
SNS-1001-T,AST-1001,Temperature,7.23,2026-02-06 08:09,7.0
SNS-1001-T,AST-1001,Temperature,7.49,2026-02-07 07:09,7.0
SNS-1001-T,AST-1001,Temperature,7.85,2026-02-08 14:37,7.0
SNS-1001-T,AST-1001,Temperature,7.71,2026-02-09 07:39,7.0
SNS-1001-T,AST-1001,Temperature,7.85,2026-02-10 08:12,7.0
SNS-1001-T,AST-1001,Temperature,7.92,2026-02-11 03:28,7.0
SNS-1001-T,AST-1001,Temperature,8.05,2026-02-12 11:56,7.0
SNS-1001-T,AST-1001,Temperature,7.76,2026-02-13 08:09,7.0
SNS-1001-T,AST-1001,Temperature,7.89,2026-02-14 17:27,7.0
SNS-1001-T,AST-1001,Temperature,8.16,2026-02-15 21:18,7.0
SNS-1001-T,AST-1001,Temperature,7.82,2026-02-16 13:48,7.0
SNS-1001-T,AST-1001,Temperature,7.89,2026-02-17 07:31,7.0
SNS-1001-T,AST-1001,Temperature,8.12,2026-02-18 12:31,7.0
SNS-1001-T,AST-1001,Temperature,8.19,2026-02-19 06:15,7.0
SNS-1001-T,AST-1001,Temperature,8.14,2026-02-20 01:20,7.0
SNS-1001-T,AST-1001,Temperature,7.15,2026-02-21 03:26,7.0
SNS-1001-T,AST-1001,Temperature,8.24,2026-02-22 11:23,7.0
SNS-1001-T,AST-1001,Temperature,8.38,2026-02-23 04:23,7.0
SNS-1001-T,AST-1001,Temperature,8.73,2026-02-24 10:32,7.0
SNS-1001-T,AST-1001,Temperature,8.04,2026-02-25 20:07,7.0
SNS-1001-T,AST-1001,Temperature,8.13,2026-02-26 02:46,7.0
SNS-1001-T,AST-1001,Temperature,8.19,2026-02-27 03:27,7.0
SNS-1001-T,AST-1001,Temperature,7.8,2026-02-28 11:50,7.0
SNS-1001-T,AST-1001,Temperature,7.24,2026-03-01 04:44,7.0
SNS-1001-T,AST-1001,Temperature,8.45,2026-03-02 11:29,7.0
SNS-1001-T,AST-1001,Temperature,8.37,2026-03-03 09:48,7.0
SNS-1001-T,AST-1001,Temperature,8.04,2026-03-04 13:56,7.0
SNS-1001-T,AST-1001,Temperature,7.87,2026-03-05 10:49,7.0
SNS-1001-T,AST-1001,Temperature,7.89,2026-03-06 01:52,7.0
SNS-1001-T,AST-1001,Temperature,8.19,2026-03-07 21:01,7.0
SNS-1001-T,AST-1001,Temperature,6.78,2026-03-08 15:42,7.0
SNS-1001-T,AST-1001,Temperature,7.65,2026-03-09 08:47,7.0
SNS-1001-T,AST-1001,Temperature,8.12,2026-03-10 04:56,7.0
SNS-1001-T,AST-1001,Temperature,8.34,2026-03-11 00:43,7.0
SNS-1001-T,AST-1001,Temperature,8.16,2026-03-12 17:08,7.0
SNS-1001-T,AST-1001,Temperature,8.28,2026-03-13 17:49,7.0
SNS-1001-T,AST-1001,Temperature,8.26,2026-03-14 02:28,7.0
SNS-1001-T,AST-1001,Temperature,7.9,2026-03-15 01:20,7.0
SNS-1001-T,AST-1001,Temperature,7.66,2026-03-16 18:55,7.0
SNS-1001-T,AST-1001,Temperature,7.21,2026-03-17 11:46,7.0
SNS-1001-T,AST-1001,Temperature,8.05,2026-03-18 01:04,7.0
SNS-1001-T,AST-1001,Temperature,7.32,2026-03-19 06:47,7.0
SNS-1001-T,AST-1001,Temperature,7.66,2026-03-20 09:53,7.0
SNS-1001-T,AST-1001,Temperature,7.86,2026-03-21 14:57,7.0
SNS-1001-T,AST-1001,Temperature,7.17,2026-03-22 08:38,7.0
SNS-1001-T,AST-1001,Temperature,6.77,2026-03-23 14:04,7.0
SNS-1001-T,AST-1001,Temperature,8.05,2026-03-24 05:42,7.0
SNS-1001-T,AST-1001,Temperature,8.17,2026-03-25 11:08,7.0
SNS-1001-T,AST-1001,Temperature,8.18,2026-03-26 06:29,7.0
SNS-1001-T,AST-1001,Temperature,7.7,2026-03-27 01:44,7.0
SNS-1001-T,AST-1001,Temperature,7.82,2026-03-28 00:30,7.0
SNS-1001-T,AST-1001,Temperature,7.85,2026-03-29 00:14,7.0
SNS-1001-T,AST-1001,Temperature,8.05,2026-03-30 07:06,7.0
SNS-1001-T,AST-1001,Temperature,7.45,2026-03-31 07:46,7.0
SNS-1001-T,AST-1001,Temperature,7.66,2026-04-01 09:53,7.0
SNS-1001-T,AST-1001,Temperature,8.15,2026-04-02 15:29,7.0
SNS-1001-T,AST-1001,Temperature,7.95,2026-04-03 14:41,7.0
SNS-1001-T,AST-1001,Temperature,8.38,2026-04-04 17:56,7.0
SNS-1001-T,AST-1001,Temperature,8.49,2026-04-05 06:06,7.0
SNS-1001-T,AST-1001,Temperature,8.25,2026-04-06 08:56,7.0
SNS-1001-T,AST-1001,Temperature,8.48,2026-04-07 09:27,7.0
SNS-1001-T,AST-1001,Temperature,7.78,2026-04-08 01:45,7.0
SNS-1001-T,AST-1001,Temperature,7.52,2026-04-09 18:50,7.0
SNS-1001-T,AST-1001,Temperature,8.26,2026-04-10 20:12,7.0
SNS-1001-T,AST-1001,Temperature,7.55,2026-04-11 13:17,7.0
SNS-1001-T,AST-1001,Temperature,8.16,2026-04-12 07:38,7.0
SNS-1001-T,AST-1001,Temperature,7.65,2026-04-13 16:11,7.0
SNS-1001-T,AST-1001,Temperature,7.89,2026-04-14 01:06,7.0
SNS-1001-T,AST-1001,Temperature,8.26,2026-04-15 06:49,7.0
SNS-1001-T,AST-1001,Temperature,7.93,2026-04-16 09:31,7.0
SNS-1001-T,AST-1001,Temperature,7.63,2026-04-17 00:27,7.0
SNS-1001-T,AST-1001,Temperature,8.04,2026-04-18 07:45,7.0
SNS-1001-T,AST-1001,Temperature,8.25,2026-04-19 11:57,7.0
SNS-1001-T,AST-1001,Temperature,8.3,2026-04-20 06:01,7.0
SNS-1001-T,AST-1001,Temperature,8.27,2026-04-21 17:30,7.0
SNS-1001-T,AST-1001,Temperature,5.57,2026-04-22 12:51,7.0
SNS-1001-T,AST-1001,Temperature,7.46,2026-04-23 12:48,7.0
SNS-1001-T,AST-1001,Temperature,7.42,2026-04-24 03:53,7.0
SNS-1001-T,AST-1001,Temperature,8.36,2026-04-25 21:35,7.0
SNS-1001-T,AST-1001,Temperature,7.77,2026-04-26 13:58,7.0
SNS-1001-T,AST-1001,Temperature,8.04,2026-04-27 12:38,7.0
SNS-1001-T,AST-1001,Temperature,8.39,2026-04-28 04:42,7.0
SNS-1001-T,AST-1001,Temperature,8.85,2026-04-29 20:49,7.0
SNS-1001-T,AST-1001,Temperature,7.61,2026-04-30 12:53,7.0
SNS-1001-T,AST-1001,Temperature,7.69,2026-05-01 14:47,7.0
SNS-1001-T,AST-1001,Temperature,8.01,2026-05-02 12:03,7.0
SNS-1001-T,AST-1001,Temperature,8.24,2026-05-03 15:54,7.0
SNS-1001-T,AST-1001,Temperature,7.45,2026-05-04 09:17,7.0
SNS-1001-T,AST-1001,Temperature,8.07,2026-05-05 08:55,7.0
SNS-1001-T,AST-1001,Temperature,8.13,2026-05-06 17:32,7.0
SNS-1001-T,AST-1001,Temperature,8.25,2026-05-07 10:33,7.0
SNS-1001-T,AST-1001,Temperature,8.07,2026-05-08 15:08,7.0
SNS-1001-T,AST-1001,Temperature,8.54,2026-05-09 12:23,7.0
SNS-1001-T,AST-1001,Temperature,7.79,2026-05-10 11:23,7.0
SNS-1001-T,AST-1001,Temperature,8.23,2026-05-11 12:12,7.0
SNS-1001-T,AST-1001,Temperature,8.43,2026-05-12 04:00,7.0
SNS-1001-T,AST-1001,Temperature,8.08,2026-05-13 19:43,7.0
SNS-1001-T,AST-1001,Temperature,8.66,2026-05-14 21:57,7.0
SNS-1001-T,AST-1001,Temperature,7.72,2026-05-15 19:45,7.0
SNS-1001-T,AST-1001,Temperature,7.7,2026-05-16 17:56,7.0
SNS-1001-T,AST-1001,Temperature,7.82,2026-05-17 19:35,7.0
SNS-1001-T,AST-1001,Temperature,8.31,2026-05-18 12:47,7.0
SNS-1001-T,AST-1001,Temperature,8.35,2026-05-19 18:10,7.0
SNS-1001-T,AST-1001,Temperature,8.69,2026-05-20 05:23,7.0
SNS-1001-T,AST-1001,Temperature,8.17,2026-05-21 00:53,7.0
SNS-1001-T,AST-1001,Temperature,8.14,2026-05-22 11:37,7.0
SNS-1001-T,AST-1001,Temperature,8.39,2026-05-23 00:03,7.0
SNS-1001-T,AST-1001,Temperature,7.47,2026-05-24 22:22,7.0
SNS-1001-T,AST-1001,Temperature,7.99,2026-05-25 09:49,7.0
SNS-1001-T,AST-1001,Temperature,8.36,2026-05-26 21:08,7.0
SNS-1001-T,AST-1001,Temperature,8.43,2026-05-27 05:25,7.0
SNS-1001-T,AST-1001,Temperature,8.37,2026-05-28 07:49,7.0
SNS-1001-T,AST-1001,Temperature,8.86,2026-05-29 09:53,7.0
SNS-1001-T,AST-1001,Temperature,8.05,2026-05-30 18:52,7.0
SNS-1001-T,AST-1001,Temperature,8.62,2026-05-31 04:15,7.0
SNS-1001-T,AST-1001,Temperature,8.49,2026-06-01 14:21,7.0
SNS-1001-T,AST-1001,Temperature,7.54,2026-06-02 20:27,7.0
SNS-1001-T,AST-1001,Temperature,7.94,2026-06-03 11:27,7.0
SNS-1001-T,AST-1001,Temperature,8.69,2026-06-04 06:54,7.0
SNS-1001-T,AST-1001,Temperature,8.59,2026-06-05 13:03,7.0
SNS-1001-T,AST-1001,Temperature,7.33,2026-06-06 16:11,7.0
SNS-1001-T,AST-1001,Temperature,8.61,2026-06-07 04:18,7.0
SNS-1001-T,AST-1001,Temperature,8.16,2026-06-08 14:24,7.0
SNS-1001-T,AST-1001,Temperature,8.46,2026-06-09 18:14,7.0
SNS-1001-T,AST-1001,Temperature,8.79,2026-06-10 02:19,7.0
SNS-1001-T,AST-1001,Temperature,8.52,2026-06-11 03:22,7.0
SNS-1001-T,AST-1001,Temperature,7.94,2026-06-12 17:01,7.0
SNS-1001-T,AST-1001,Temperature,8.3,2026-06-13 14:28,7.0
SNS-1001-T,AST-1001,Temperature,7.55,2026-06-14 21:37,7.0
SNS-1001-T,AST-1001,Temperature,8.32,2026-06-15 16:10,7.0
SNS-1001-T,AST-1001,Temperature,7.84,2026-06-16 10:09,7.0
SNS-1001-T,AST-1001,Temperature,8.15,2026-06-17 19:20,7.0
SNS-1001-T,AST-1001,Temperature,8.36,2026-06-18 01:08,7.0
SNS-1001-T,AST-1001,Temperature,8.53,2026-06-19 02:45,7.0
SNS-1001-T,AST-1001,Temperature,7.83,2026-06-20 10:32,7.0
SNS-1001-T,AST-1001,Temperature,8.21,2026-06-21 08:53,7.0
SNS-1001-T,AST-1001,Temperature,7.5,2026-06-22 17:07,7.0
SNS-1001-T,AST-1001,Temperature,8.49,2026-06-23 02:32,7.0
SNS-1001-T,AST-1001,Temperature,8.8,2026-06-24 16:31,7.0
SNS-1001-T,AST-1001,Temperature,7.37,2026-06-25 11:06,7.0
SNS-1001-T,AST-1001,Temperature,8.85,2026-06-26 16:56,7.0
SNS-1001-T,AST-1001,Temperature,8.48,2026-06-27 15:36,7.0
SNS-1001-T,AST-1001,Temperature,8.2,2026-06-28 18:29,7.0
SNS-1001-T,AST-1001,Temperature,8.24,2026-06-29 19:57,7.0
SNS-1001-T,AST-1001,Temperature,8.14,2026-06-30 05:09,7.0
SNS-1001-T,AST-1001,Temperature,7.85,2026-07-01 21:25,7.0
SNS-1001-T,AST-1001,Temperature,8.17,2026-07-02 13:14,7.0
SNS-1001-T,AST-1001,Temperature,8.08,2026-07-03 15:04,7.0
SNS-1001-T,AST-1001,Temperature,8.26,2026-07-04 08:57,7.0
SNS-1001-T,AST-1001,Temperature,8.64,2026-07-05 17:46,7.0
SNS-1001-T,AST-1001,Temperature,8.71,2026-07-06 22:19,7.0
SNS-1001-T,AST-1001,Temperature,8.36,2026-07-07 02:32,7.0
SNS-1001-T,AST-1001,Temperature,8.27,2026-07-08 12:11,7.0
SNS-1001-T,AST-1001,Temperature,7.84,2026-07-09 01:35,7.0
SNS-1001-T,AST-1001,Temperature,8.54,2026-07-10 17:37,7.0
SNS-1001-T,AST-1001,Temperature,9.14,2026-07-11 13:10,7.0
SNS-1001-T,AST-1001,Temperature,8.59,2026-07-12 01:25,7.0
SNS-1001-T,AST-1001,Temperature,8.24,2026-07-13 12:37,7.0
SNS-1001-T,AST-1001,Temperature,9.16,2026-07-14 08:33,7.0
SNS-1001-T,AST-1001,Temperature,9.19,2026-07-15 12:14,7.0
SNS-1001-T,AST-1001,Temperature,10.57,2026-07-16 02:09,7.0
SNS-1001-T,AST-1001,Temperature,8.34,2026-07-17 16:40,7.0
SNS-1001-T,AST-1001,Temperature,8.54,2026-07-18 00:34,7.0
SNS-1001-T,AST-1001,Temperature,8.31,2026-07-19 09:49,7.0
SNS-1001-T,AST-1001,Temperature,7.79,2026-07-20 15:57,7.0
SNS-1001-T,AST-1001,Temperature,8.1,2026-07-21 21:25,7.0
SNS-1001-T,AST-1001,Temperature,8.4,2026-07-22 09:42,7.0
SNS-1001-T,AST-1001,Temperature,8.47,2026-07-23 14:14,7.0
SNS-1001-T,AST-1001,Temperature,8.43,2026-07-24 02:11,7.0
SNS-1001-T,AST-1001,Temperature,8.61,2026-07-25 05:12,7.0
SNS-1001-V,AST-1001,Vibration,2.67,2024-07-25 05:03,2.5
SNS-1001-V,AST-1001,Vibration,3.01,2024-07-26 15:04,2.5
SNS-1001-V,AST-1001,Vibration,2.41,2024-07-27 19:47,2.5
SNS-1001-V,AST-1001,Vibration,2.08,2024-07-28 17:43,2.5
SNS-1001-V,AST-1001,Vibration,2.57,2024-07-29 01:21,2.5
SNS-1001-V,AST-1001,Vibration,2.55,2024-07-30 06:21,2.5
SNS-1001-V,AST-1001,Vibration,2.74,2024-07-31 15:46,2.5
SNS-1001-V,AST-1001,Vibration,3.15,2024-08-01 16:25,2.5
SNS-1001-V,AST-1001,Vibration,2.28,2024-08-02 14:55,2.5
SNS-1001-V,AST-1001,Vibration,2.36,2024-08-03 06:29,2.5
SNS-1001-V,AST-1001,Vibration,1.98,2024-08-04 11:54,2.5
SNS-1001-V,AST-1001,Vibration,2.59,2024-08-05 15:15,2.5
SNS-1001-V,AST-1001,Vibration,2.4,2024-08-06 03:04,2.5
SNS-1001-V,AST-1001,Vibration,2.67,2024-08-07 18:40,2.5
SNS-1001-V,AST-1001,Vibration,2.2,2024-08-08 06:18,2.5
SNS-1001-V,AST-1001,Vibration,2.54,2024-08-09 08:20,2.5
SNS-1001-V,AST-1001,Vibration,2.02,2024-08-10 18:18,2.5
SNS-1001-V,AST-1001,Vibration,2.17,2024-08-11 21:51,2.5
SNS-1001-V,AST-1001,Vibration,2.11,2024-08-12 09:32,2.5
SNS-1001-V,AST-1001,Vibration,2.1,2024-08-13 15:49,2.5
SNS-1001-V,AST-1001,Vibration,2.52,2024-08-14 17:25,2.5
SNS-1001-V,AST-1001,Vibration,2.19,2024-08-15 04:40,2.5
SNS-1001-V,AST-1001,Vibration,2.63,2024-08-16 02:09,2.5
SNS-1001-V,AST-1001,Vibration,2.55,2024-08-17 01:01,2.5
SNS-1001-V,AST-1001,Vibration,3.05,2024-08-18 20:14,2.5
SNS-1001-V,AST-1001,Vibration,2.29,2024-08-19 11:35,2.5
SNS-1001-V,AST-1001,Vibration,2.44,2024-08-20 01:23,2.5
SNS-1001-V,AST-1001,Vibration,2.3,2024-08-21 14:32,2.5
SNS-1001-V,AST-1001,Vibration,2.32,2024-08-22 09:31,2.5
SNS-1001-V,AST-1001,Vibration,2.85,2024-08-23 11:24,2.5
SNS-1001-V,AST-1001,Vibration,2.84,2024-08-24 14:31,2.5
SNS-1001-V,AST-1001,Vibration,2.6,2024-08-25 07:08,2.5
SNS-1001-V,AST-1001,Vibration,2.25,2024-08-26 04:23,2.5
SNS-1001-V,AST-1001,Vibration,2.49,2024-08-27 09:01,2.5
SNS-1001-V,AST-1001,Vibration,2.58,2024-08-28 01:27,2.5
SNS-1001-V,AST-1001,Vibration,3.14,2024-08-29 05:00,2.5
SNS-1001-V,AST-1001,Vibration,2.82,2024-08-30 12:49,2.5
SNS-1001-V,AST-1001,Vibration,2.64,2024-08-31 07:46,2.5
SNS-1001-V,AST-1001,Vibration,2.64,2024-09-01 04:50,2.5
SNS-1001-V,AST-1001,Vibration,2.51,2024-09-02 08:47,2.5
SNS-1001-V,AST-1001,Vibration,2.84,2024-09-03 04:03,2.5
SNS-1001-V,AST-1001,Vibration,2.45,2024-09-04 22:03,2.5
SNS-1001-V,AST-1001,Vibration,2.82,2024-09-05 01:22,2.5
SNS-1001-V,AST-1001,Vibration,2.45,2024-09-06 12:18,2.5
SNS-1001-V,AST-1001,Vibration,2.94,2024-09-07 08:21,2.5
SNS-1001-V,AST-1001,Vibration,2.49,2024-09-08 16:38,2.5
SNS-1001-V,AST-1001,Vibration,2.36,2024-09-09 00:12,2.5
SNS-1001-V,AST-1001,Vibration,2.48,2024-09-10 18:45,2.5
SNS-1001-V,AST-1001,Vibration,3.18,2024-09-11 01:45,2.5
SNS-1001-V,AST-1001,Vibration,2.96,2024-09-12 18:30,2.5
SNS-1001-V,AST-1001,Vibration,2.67,2024-09-13 15:36,2.5
SNS-1001-V,AST-1001,Vibration,2.33,2024-09-14 20:44,2.5
SNS-1001-V,AST-1001,Vibration,2.71,2024-09-15 17:35,2.5
SNS-1001-V,AST-1001,Vibration,2.78,2024-09-16 14:09,2.5
SNS-1001-V,AST-1001,Vibration,2.64,2024-09-17 16:15,2.5
SNS-1001-V,AST-1001,Vibration,2.36,2024-09-18 04:25,2.5
SNS-1001-V,AST-1001,Vibration,2.25,2024-09-19 11:11,2.5
SNS-1001-V,AST-1001,Vibration,2.62,2024-09-20 18:38,2.5
SNS-1001-V,AST-1001,Vibration,2.41,2024-09-21 06:40,2.5
SNS-1001-V,AST-1001,Vibration,2.58,2024-09-22 07:15,2.5
SNS-1001-V,AST-1001,Vibration,2.54,2024-09-23 15:12,2.5
SNS-1001-V,AST-1001,Vibration,2.1,2024-09-24 18:45,2.5
SNS-1001-V,AST-1001,Vibration,2.74,2024-09-25 04:05,2.5
SNS-1001-V,AST-1001,Vibration,2.27,2024-09-26 00:15,2.5
SNS-1001-V,AST-1001,Vibration,2.99,2024-09-27 20:14,2.5
SNS-1001-V,AST-1001,Vibration,2.39,2024-09-28 07:52,2.5
SNS-1001-V,AST-1001,Vibration,2.58,2024-09-29 07:53,2.5
SNS-1001-V,AST-1001,Vibration,2.42,2024-09-30 01:05,2.5
SNS-1001-V,AST-1001,Vibration,2.75,2024-10-01 07:44,2.5
SNS-1001-V,AST-1001,Vibration,2.67,2024-10-02 05:02,2.5
SNS-1001-V,AST-1001,Vibration,2.65,2024-10-03 02:01,2.5
SNS-1001-V,AST-1001,Vibration,2.92,2024-10-04 07:38,2.5
SNS-1001-V,AST-1001,Vibration,2.38,2024-10-05 00:45,2.5
SNS-1001-V,AST-1001,Vibration,2.96,2024-10-06 19:36,2.5
SNS-1001-V,AST-1001,Vibration,2.75,2024-10-07 14:51,2.5
SNS-1001-V,AST-1001,Vibration,3.05,2024-10-08 17:26,2.5
SNS-1001-V,AST-1001,Vibration,3.09,2024-10-09 08:13,2.5
SNS-1001-V,AST-1001,Vibration,2.77,2024-10-10 07:31,2.5
SNS-1001-V,AST-1001,Vibration,2.61,2024-10-11 22:57,2.5
SNS-1001-V,AST-1001,Vibration,2.9,2024-10-12 13:03,2.5
SNS-1001-V,AST-1001,Vibration,2.73,2024-10-13 15:39,2.5
SNS-1001-V,AST-1001,Vibration,2.73,2024-10-14 11:40,2.5
SNS-1001-V,AST-1001,Vibration,2.52,2024-10-15 14:16,2.5
SNS-1001-V,AST-1001,Vibration,2.69,2024-10-16 04:41,2.5
SNS-1001-V,AST-1001,Vibration,2.26,2024-10-17 15:49,2.5
SNS-1001-V,AST-1001,Vibration,2.72,2024-10-18 19:47,2.5
SNS-1001-V,AST-1001,Vibration,2.97,2024-10-19 12:28,2.5
SNS-1001-V,AST-1001,Vibration,2.24,2024-10-20 06:54,2.5
SNS-1001-V,AST-1001,Vibration,2.47,2024-10-21 13:20,2.5
SNS-1001-V,AST-1001,Vibration,2.33,2024-10-22 20:52,2.5
SNS-1001-V,AST-1001,Vibration,2.52,2024-10-23 04:50,2.5
SNS-1001-V,AST-1001,Vibration,2.52,2024-10-24 06:47,2.5
SNS-1001-V,AST-1001,Vibration,2.63,2024-10-25 00:52,2.5
SNS-1001-V,AST-1001,Vibration,2.66,2024-10-26 19:03,2.5
SNS-1001-V,AST-1001,Vibration,2.59,2024-10-27 01:57,2.5
SNS-1001-V,AST-1001,Vibration,2.67,2024-10-28 01:22,2.5
SNS-1001-V,AST-1001,Vibration,2.66,2024-10-29 04:13,2.5
SNS-1001-V,AST-1001,Vibration,2.05,2024-10-30 03:08,2.5
SNS-1001-V,AST-1001,Vibration,2.5,2024-10-31 17:57,2.5
SNS-1001-V,AST-1001,Vibration,2.06,2024-11-01 07:17,2.5
SNS-1001-V,AST-1001,Vibration,2.43,2024-11-02 02:15,2.5
SNS-1001-V,AST-1001,Vibration,2.98,2024-11-03 04:47,2.5
SNS-1001-V,AST-1001,Vibration,2.23,2024-11-04 07:51,2.5
SNS-1001-V,AST-1001,Vibration,2.0,2024-11-05 18:08,2.5
SNS-1001-V,AST-1001,Vibration,2.53,2024-11-06 11:08,2.5
SNS-1001-V,AST-1001,Vibration,2.14,2024-11-07 01:27,2.5
SNS-1001-V,AST-1001,Vibration,2.81,2024-11-08 18:03,2.5
SNS-1001-V,AST-1001,Vibration,2.22,2024-11-09 13:39,2.5
SNS-1001-V,AST-1001,Vibration,1.88,2024-11-10 19:18,2.5
SNS-1001-V,AST-1001,Vibration,2.94,2024-11-11 20:21,2.5
SNS-1001-V,AST-1001,Vibration,2.61,2024-11-12 11:43,2.5
SNS-1001-V,AST-1001,Vibration,1.58,2024-11-13 08:50,2.5
SNS-1001-V,AST-1001,Vibration,2.13,2024-11-14 07:26,2.5
SNS-1001-V,AST-1001,Vibration,2.43,2024-11-15 21:10,2.5
SNS-1001-V,AST-1001,Vibration,2.68,2024-11-16 13:28,2.5
SNS-1001-V,AST-1001,Vibration,2.2,2024-11-17 08:39,2.5
SNS-1001-V,AST-1001,Vibration,2.77,2024-11-18 13:10,2.5
SNS-1001-V,AST-1001,Vibration,2.3,2024-11-19 18:16,2.5
SNS-1001-V,AST-1001,Vibration,2.36,2024-11-20 22:33,2.5
SNS-1001-V,AST-1001,Vibration,2.47,2024-11-21 08:05,2.5
SNS-1001-V,AST-1001,Vibration,2.27,2024-11-22 19:46,2.5
SNS-1001-V,AST-1001,Vibration,2.73,2024-11-23 05:51,2.5
SNS-1001-V,AST-1001,Vibration,2.28,2024-11-24 06:00,2.5
SNS-1001-V,AST-1001,Vibration,2.66,2024-11-25 17:08,2.5
SNS-1001-V,AST-1001,Vibration,2.69,2024-11-26 08:05,2.5
SNS-1001-V,AST-1001,Vibration,2.82,2024-11-27 06:12,2.5
SNS-1001-V,AST-1001,Vibration,2.56,2024-11-28 20:27,2.5
SNS-1001-V,AST-1001,Vibration,3.05,2024-11-29 11:25,2.5
SNS-1001-V,AST-1001,Vibration,2.51,2024-11-30 22:45,2.5
SNS-1001-V,AST-1001,Vibration,2.92,2024-12-01 00:12,2.5
SNS-1001-V,AST-1001,Vibration,2.46,2024-12-02 11:36,2.5
SNS-1001-V,AST-1001,Vibration,2.58,2024-12-03 01:02,2.5
SNS-1001-V,AST-1001,Vibration,2.84,2024-12-04 10:49,2.5
SNS-1001-V,AST-1001,Vibration,2.11,2024-12-05 16:06,2.5
SNS-1001-V,AST-1001,Vibration,2.48,2024-12-06 06:10,2.5
SNS-1001-V,AST-1001,Vibration,2.94,2024-12-07 17:07,2.5
SNS-1001-V,AST-1001,Vibration,2.43,2024-12-08 05:39,2.5
SNS-1001-V,AST-1001,Vibration,2.79,2024-12-09 01:01,2.5
SNS-1001-V,AST-1001,Vibration,2.61,2024-12-10 12:45,2.5
SNS-1001-V,AST-1001,Vibration,2.36,2024-12-11 22:39,2.5
SNS-1001-V,AST-1001,Vibration,2.21,2024-12-12 06:36,2.5
SNS-1001-V,AST-1001,Vibration,2.22,2024-12-13 21:52,2.5
SNS-1001-V,AST-1001,Vibration,2.91,2024-12-14 06:16,2.5
SNS-1001-V,AST-1001,Vibration,2.87,2024-12-15 22:18,2.5
SNS-1001-V,AST-1001,Vibration,2.88,2024-12-16 01:26,2.5
SNS-1001-V,AST-1001,Vibration,2.32,2024-12-17 21:10,2.5
SNS-1001-V,AST-1001,Vibration,2.19,2024-12-18 21:03,2.5
SNS-1001-V,AST-1001,Vibration,2.24,2024-12-19 10:29,2.5
SNS-1001-V,AST-1001,Vibration,2.66,2024-12-20 10:39,2.5
SNS-1001-V,AST-1001,Vibration,2.82,2024-12-21 20:48,2.5
SNS-1001-V,AST-1001,Vibration,2.81,2024-12-22 01:00,2.5
SNS-1001-V,AST-1001,Vibration,2.76,2024-12-23 09:52,2.5
SNS-1001-V,AST-1001,Vibration,2.23,2024-12-24 20:18,2.5
SNS-1001-V,AST-1001,Vibration,2.24,2024-12-25 04:20,2.5
SNS-1001-V,AST-1001,Vibration,2.84,2024-12-26 19:07,2.5
SNS-1001-V,AST-1001,Vibration,2.64,2024-12-27 11:17,2.5
SNS-1001-V,AST-1001,Vibration,3.08,2024-12-28 09:09,2.5
SNS-1001-V,AST-1001,Vibration,2.6,2024-12-29 07:43,2.5
SNS-1001-V,AST-1001,Vibration,2.26,2024-12-30 21:48,2.5
SNS-1001-V,AST-1001,Vibration,3.14,2024-12-31 09:19,2.5
SNS-1001-V,AST-1001,Vibration,2.81,2025-01-01 19:47,2.5
SNS-1001-V,AST-1001,Vibration,2.62,2025-01-02 02:57,2.5
SNS-1001-V,AST-1001,Vibration,2.29,2025-01-03 01:35,2.5
SNS-1001-V,AST-1001,Vibration,2.69,2025-01-04 03:33,2.5
SNS-1001-V,AST-1001,Vibration,3.19,2025-01-05 21:48,2.5
SNS-1001-V,AST-1001,Vibration,2.54,2025-01-06 01:03,2.5
SNS-1001-V,AST-1001,Vibration,2.7,2025-01-07 10:13,2.5
SNS-1001-V,AST-1001,Vibration,2.14,2025-01-08 08:48,2.5
SNS-1001-V,AST-1001,Vibration,2.76,2025-01-09 10:20,2.5
SNS-1001-V,AST-1001,Vibration,2.91,2025-01-10 04:04,2.5
SNS-1001-V,AST-1001,Vibration,2.41,2025-01-11 11:49,2.5
SNS-1001-V,AST-1001,Vibration,2.39,2025-01-12 18:22,2.5
SNS-1001-V,AST-1001,Vibration,2.17,2025-01-13 06:55,2.5
SNS-1001-V,AST-1001,Vibration,2.66,2025-01-14 10:24,2.5
SNS-1001-V,AST-1001,Vibration,3.15,2025-01-15 15:57,2.5
SNS-1001-V,AST-1001,Vibration,3.08,2025-01-16 09:06,2.5
SNS-1001-V,AST-1001,Vibration,2.71,2025-01-17 21:39,2.5
SNS-1001-V,AST-1001,Vibration,2.49,2025-01-18 09:49,2.5
SNS-1001-V,AST-1001,Vibration,2.37,2025-01-19 14:22,2.5
SNS-1001-V,AST-1001,Vibration,2.42,2025-01-20 09:39,2.5
SNS-1001-V,AST-1001,Vibration,2.47,2025-01-21 01:23,2.5
SNS-1001-V,AST-1001,Vibration,2.44,2025-01-22 00:24,2.5
SNS-1001-V,AST-1001,Vibration,2.45,2025-01-23 20:32,2.5
SNS-1001-V,AST-1001,Vibration,2.56,2025-01-24 22:13,2.5
SNS-1001-V,AST-1001,Vibration,2.08,2025-01-25 21:54,2.5
SNS-1001-V,AST-1001,Vibration,2.97,2025-01-26 17:31,2.5
SNS-1001-V,AST-1001,Vibration,2.98,2025-01-27 09:43,2.5
SNS-1001-V,AST-1001,Vibration,2.47,2025-01-28 12:49,2.5
SNS-1001-V,AST-1001,Vibration,2.64,2025-01-29 08:53,2.5
SNS-1001-V,AST-1001,Vibration,2.75,2025-01-30 11:18,2.5
SNS-1001-V,AST-1001,Vibration,2.41,2025-01-31 07:02,2.5
SNS-1001-V,AST-1001,Vibration,3.01,2025-02-01 15:47,2.5
SNS-1001-V,AST-1001,Vibration,2.35,2025-02-02 09:46,2.5
SNS-1001-V,AST-1001,Vibration,2.58,2025-02-03 15:07,2.5
SNS-1001-V,AST-1001,Vibration,2.45,2025-02-04 04:36,2.5
SNS-1001-V,AST-1001,Vibration,2.34,2025-02-05 09:09,2.5
SNS-1001-V,AST-1001,Vibration,2.24,2025-02-06 09:44,2.5
SNS-1001-V,AST-1001,Vibration,2.3,2025-02-07 15:35,2.5
SNS-1001-V,AST-1001,Vibration,2.48,2025-02-08 05:01,2.5
SNS-1001-V,AST-1001,Vibration,2.44,2025-02-09 21:24,2.5
SNS-1001-V,AST-1001,Vibration,2.4,2025-02-10 00:33,2.5
SNS-1001-V,AST-1001,Vibration,2.44,2025-02-11 00:46,2.5
SNS-1001-V,AST-1001,Vibration,2.53,2025-02-12 00:34,2.5
SNS-1001-V,AST-1001,Vibration,2.65,2025-02-13 06:41,2.5
SNS-1001-V,AST-1001,Vibration,2.53,2025-02-14 20:22,2.5
SNS-1001-V,AST-1001,Vibration,2.36,2025-02-15 19:47,2.5
SNS-1001-V,AST-1001,Vibration,2.57,2025-02-16 05:48,2.5
SNS-1001-V,AST-1001,Vibration,1.95,2025-02-17 01:12,2.5
SNS-1001-V,AST-1001,Vibration,2.37,2025-02-18 01:29,2.5
SNS-1001-V,AST-1001,Vibration,1.97,2025-02-19 12:09,2.5
SNS-1001-V,AST-1001,Vibration,2.35,2025-02-20 18:44,2.5
SNS-1001-V,AST-1001,Vibration,2.5,2025-02-21 08:24,2.5
SNS-1001-V,AST-1001,Vibration,2.5,2025-02-22 01:02,2.5
SNS-1001-V,AST-1001,Vibration,3.02,2025-02-23 14:15,2.5
SNS-1001-V,AST-1001,Vibration,2.29,2025-02-24 20:17,2.5
SNS-1001-V,AST-1001,Vibration,2.41,2025-02-25 15:48,2.5
SNS-1001-V,AST-1001,Vibration,2.12,2025-02-26 18:23,2.5
SNS-1001-V,AST-1001,Vibration,2.69,2025-02-27 15:15,2.5
SNS-1001-V,AST-1001,Vibration,2.34,2025-02-28 22:09,2.5
SNS-1001-V,AST-1001,Vibration,2.73,2025-03-01 19:17,2.5
SNS-1001-V,AST-1001,Vibration,2.88,2025-03-02 14:24,2.5
SNS-1001-V,AST-1001,Vibration,2.0,2025-03-03 19:11,2.5
SNS-1001-V,AST-1001,Vibration,2.31,2025-03-04 15:48,2.5
SNS-1001-V,AST-1001,Vibration,2.99,2025-03-05 18:02,2.5
SNS-1001-V,AST-1001,Vibration,2.64,2025-03-06 22:17,2.5
SNS-1001-V,AST-1001,Vibration,2.75,2025-03-07 19:06,2.5
SNS-1001-V,AST-1001,Vibration,2.33,2025-03-08 22:39,2.5
SNS-1001-V,AST-1001,Vibration,2.41,2025-03-09 13:35,2.5
SNS-1001-V,AST-1001,Vibration,2.81,2025-03-10 13:25,2.5
SNS-1001-V,AST-1001,Vibration,2.82,2025-03-11 15:13,2.5
SNS-1001-V,AST-1001,Vibration,2.32,2025-03-12 17:12,2.5
SNS-1001-V,AST-1001,Vibration,2.87,2025-03-13 16:20,2.5
SNS-1001-V,AST-1001,Vibration,2.64,2025-03-14 21:19,2.5
SNS-1001-V,AST-1001,Vibration,2.45,2025-03-15 05:01,2.5
SNS-1001-V,AST-1001,Vibration,2.54,2025-03-16 09:32,2.5
SNS-1001-V,AST-1001,Vibration,2.38,2025-03-17 22:02,2.5
SNS-1001-V,AST-1001,Vibration,2.29,2025-03-18 13:33,2.5
SNS-1001-V,AST-1001,Vibration,2.31,2025-03-19 13:20,2.5
SNS-1001-V,AST-1001,Vibration,2.55,2025-03-20 09:08,2.5
SNS-1001-V,AST-1001,Vibration,2.25,2025-03-21 16:53,2.5
SNS-1001-V,AST-1001,Vibration,2.86,2025-03-22 15:40,2.5
SNS-1001-V,AST-1001,Vibration,2.1,2025-03-23 21:19,2.5
SNS-1001-V,AST-1001,Vibration,2.62,2025-03-24 10:02,2.5
SNS-1001-V,AST-1001,Vibration,2.74,2025-03-25 02:07,2.5
SNS-1001-V,AST-1001,Vibration,2.63,2025-03-26 21:27,2.5
SNS-1001-V,AST-1001,Vibration,1.94,2025-03-27 14:17,2.5
SNS-1001-V,AST-1001,Vibration,2.54,2025-03-28 20:00,2.5
SNS-1001-V,AST-1001,Vibration,2.72,2025-03-29 02:48,2.5
SNS-1001-V,AST-1001,Vibration,1.98,2025-03-30 18:53,2.5
SNS-1001-V,AST-1001,Vibration,2.95,2025-03-31 15:58,2.5
SNS-1001-V,AST-1001,Vibration,2.62,2025-04-01 08:28,2.5
SNS-1001-V,AST-1001,Vibration,2.31,2025-04-02 20:27,2.5
SNS-1001-V,AST-1001,Vibration,2.49,2025-04-03 10:18,2.5
SNS-1001-V,AST-1001,Vibration,2.89,2025-04-04 15:21,2.5
SNS-1001-V,AST-1001,Vibration,2.54,2025-04-05 15:07,2.5
SNS-1001-V,AST-1001,Vibration,2.08,2025-04-06 09:58,2.5
SNS-1001-V,AST-1001,Vibration,2.69,2025-04-07 17:39,2.5
SNS-1001-V,AST-1001,Vibration,2.32,2025-04-08 18:13,2.5
SNS-1001-V,AST-1001,Vibration,2.87,2025-04-09 12:30,2.5
SNS-1001-V,AST-1001,Vibration,2.26,2025-04-10 17:38,2.5
SNS-1001-V,AST-1001,Vibration,2.23,2025-04-11 22:27,2.5
SNS-1001-V,AST-1001,Vibration,2.67,2025-04-12 06:23,2.5
SNS-1001-V,AST-1001,Vibration,2.5,2025-04-13 15:09,2.5
SNS-1001-V,AST-1001,Vibration,2.56,2025-04-14 20:04,2.5
SNS-1001-V,AST-1001,Vibration,2.68,2025-04-15 22:41,2.5
SNS-1001-V,AST-1001,Vibration,2.34,2025-04-16 12:43,2.5
SNS-1001-V,AST-1001,Vibration,2.9,2025-04-17 22:49,2.5
SNS-1001-V,AST-1001,Vibration,2.74,2025-04-18 07:21,2.5
SNS-1001-V,AST-1001,Vibration,2.61,2025-04-19 18:18,2.5
SNS-1001-V,AST-1001,Vibration,2.01,2025-04-20 10:04,2.5
SNS-1001-V,AST-1001,Vibration,2.84,2025-04-21 01:29,2.5
SNS-1001-V,AST-1001,Vibration,1.95,2025-04-22 10:38,2.5
SNS-1001-V,AST-1001,Vibration,2.55,2025-04-23 18:55,2.5
SNS-1001-V,AST-1001,Vibration,2.68,2025-04-24 10:35,2.5
SNS-1001-V,AST-1001,Vibration,2.6,2025-04-25 09:19,2.5
SNS-1001-V,AST-1001,Vibration,2.48,2025-04-26 16:12,2.5
SNS-1001-V,AST-1001,Vibration,2.27,2025-04-27 12:35,2.5
SNS-1001-V,AST-1001,Vibration,2.63,2025-04-28 18:31,2.5
SNS-1001-V,AST-1001,Vibration,2.87,2025-04-29 13:53,2.5
SNS-1001-V,AST-1001,Vibration,2.09,2025-04-30 03:25,2.5
SNS-1001-V,AST-1001,Vibration,2.32,2025-05-01 01:55,2.5
SNS-1001-V,AST-1001,Vibration,2.72,2025-05-02 01:28,2.5
SNS-1001-V,AST-1001,Vibration,3.01,2025-05-03 19:46,2.5
SNS-1001-V,AST-1001,Vibration,2.62,2025-05-04 20:57,2.5
SNS-1001-V,AST-1001,Vibration,2.54,2025-05-05 16:02,2.5
SNS-1001-V,AST-1001,Vibration,2.7,2025-05-06 21:39,2.5
SNS-1001-V,AST-1001,Vibration,1.81,2025-05-07 18:56,2.5
SNS-1001-V,AST-1001,Vibration,2.37,2025-05-08 14:22,2.5
SNS-1001-V,AST-1001,Vibration,2.45,2025-05-09 13:53,2.5
SNS-1001-V,AST-1001,Vibration,2.18,2025-05-10 01:48,2.5
SNS-1001-V,AST-1001,Vibration,2.41,2025-05-11 13:20,2.5
SNS-1001-V,AST-1001,Vibration,2.65,2025-05-12 14:46,2.5
SNS-1001-V,AST-1001,Vibration,2.99,2025-05-13 09:56,2.5
SNS-1001-V,AST-1001,Vibration,3.26,2025-05-14 14:33,2.5
SNS-1001-V,AST-1001,Vibration,2.84,2025-05-15 01:35,2.5
SNS-1001-V,AST-1001,Vibration,2.62,2025-05-16 15:04,2.5
SNS-1001-V,AST-1001,Vibration,3.05,2025-05-17 03:10,2.5
SNS-1001-V,AST-1001,Vibration,2.44,2025-05-18 09:30,2.5
SNS-1001-V,AST-1001,Vibration,2.2,2025-05-19 08:49,2.5
SNS-1001-V,AST-1001,Vibration,2.59,2025-05-20 01:33,2.5
SNS-1001-V,AST-1001,Vibration,2.23,2025-05-21 20:32,2.5
SNS-1001-V,AST-1001,Vibration,2.64,2025-05-22 01:55,2.5
SNS-1001-V,AST-1001,Vibration,2.18,2025-05-23 06:04,2.5
SNS-1001-V,AST-1001,Vibration,2.56,2025-05-24 11:14,2.5
SNS-1001-V,AST-1001,Vibration,2.56,2025-05-25 22:40,2.5
SNS-1001-V,AST-1001,Vibration,2.88,2025-05-26 00:39,2.5
SNS-1001-V,AST-1001,Vibration,1.96,2025-05-27 09:28,2.5
SNS-1001-V,AST-1001,Vibration,2.48,2025-05-28 04:05,2.5
SNS-1001-V,AST-1001,Vibration,2.57,2025-05-29 13:42,2.5
SNS-1001-V,AST-1001,Vibration,2.31,2025-05-30 02:10,2.5
SNS-1001-V,AST-1001,Vibration,2.11,2025-05-31 15:32,2.5
SNS-1001-V,AST-1001,Vibration,2.84,2025-06-01 06:20,2.5
SNS-1001-V,AST-1001,Vibration,2.58,2025-06-02 22:14,2.5
SNS-1001-V,AST-1001,Vibration,2.61,2025-06-03 09:24,2.5
SNS-1001-V,AST-1001,Vibration,2.61,2025-06-04 04:47,2.5
SNS-1001-V,AST-1001,Vibration,2.97,2025-06-05 13:49,2.5
SNS-1001-V,AST-1001,Vibration,2.34,2025-06-06 19:03,2.5
SNS-1001-V,AST-1001,Vibration,2.36,2025-06-07 12:23,2.5
SNS-1001-V,AST-1001,Vibration,2.73,2025-06-08 22:07,2.5
SNS-1001-V,AST-1001,Vibration,2.31,2025-06-09 03:56,2.5
SNS-1001-V,AST-1001,Vibration,3.09,2025-06-10 20:58,2.5
SNS-1001-V,AST-1001,Vibration,2.43,2025-06-11 11:24,2.5
SNS-1001-V,AST-1001,Vibration,2.26,2025-06-12 13:33,2.5
SNS-1001-V,AST-1001,Vibration,2.58,2025-06-13 13:12,2.5
SNS-1001-V,AST-1001,Vibration,2.24,2025-06-14 00:20,2.5
SNS-1001-V,AST-1001,Vibration,2.71,2025-06-15 15:33,2.5
SNS-1001-V,AST-1001,Vibration,3.05,2025-06-16 16:35,2.5
SNS-1001-V,AST-1001,Vibration,2.28,2025-06-17 09:35,2.5
SNS-1001-V,AST-1001,Vibration,2.61,2025-06-18 06:00,2.5
SNS-1001-V,AST-1001,Vibration,2.07,2025-06-19 00:34,2.5
SNS-1001-V,AST-1001,Vibration,2.61,2025-06-20 04:27,2.5
SNS-1001-V,AST-1001,Vibration,2.69,2025-06-21 09:30,2.5
SNS-1001-V,AST-1001,Vibration,2.39,2025-06-22 04:01,2.5
SNS-1001-V,AST-1001,Vibration,2.69,2025-06-23 13:47,2.5
SNS-1001-V,AST-1001,Vibration,2.95,2025-06-24 17:53,2.5
SNS-1001-V,AST-1001,Vibration,2.25,2025-06-25 04:14,2.5
SNS-1001-V,AST-1001,Vibration,2.71,2025-06-26 12:34,2.5
SNS-1001-V,AST-1001,Vibration,3.21,2025-06-27 02:10,2.5
SNS-1001-V,AST-1001,Vibration,2.26,2025-06-28 04:16,2.5
SNS-1001-V,AST-1001,Vibration,3.0,2025-06-29 14:39,2.5
SNS-1001-V,AST-1001,Vibration,2.51,2025-06-30 21:01,2.5
SNS-1001-V,AST-1001,Vibration,3.33,2025-07-01 15:54,2.5
SNS-1001-V,AST-1001,Vibration,2.19,2025-07-02 16:16,2.5
SNS-1001-V,AST-1001,Vibration,2.74,2025-07-03 05:08,2.5
SNS-1001-V,AST-1001,Vibration,2.57,2025-07-04 11:39,2.5
SNS-1001-V,AST-1001,Vibration,2.88,2025-07-05 07:24,2.5
SNS-1001-V,AST-1001,Vibration,2.41,2025-07-06 22:38,2.5
SNS-1001-V,AST-1001,Vibration,2.59,2025-07-07 17:40,2.5
SNS-1001-V,AST-1001,Vibration,2.76,2025-07-08 09:07,2.5
SNS-1001-V,AST-1001,Vibration,3.01,2025-07-09 04:29,2.5
SNS-1001-V,AST-1001,Vibration,2.92,2025-07-10 09:38,2.5
SNS-1001-V,AST-1001,Vibration,2.4,2025-07-11 06:11,2.5
SNS-1001-V,AST-1001,Vibration,2.88,2025-07-12 20:21,2.5
SNS-1001-V,AST-1001,Vibration,2.78,2025-07-13 04:56,2.5
SNS-1001-V,AST-1001,Vibration,2.74,2025-07-14 07:03,2.5
SNS-1001-V,AST-1001,Vibration,2.36,2025-07-15 07:47,2.5
SNS-1001-V,AST-1001,Vibration,2.65,2025-07-16 06:50,2.5
SNS-1001-V,AST-1001,Vibration,2.78,2025-07-17 15:55,2.5
SNS-1001-V,AST-1001,Vibration,2.83,2025-07-18 07:29,2.5
SNS-1001-V,AST-1001,Vibration,2.71,2025-07-19 07:47,2.5
SNS-1001-V,AST-1001,Vibration,3.33,2025-07-20 03:56,2.5
SNS-1001-V,AST-1001,Vibration,3.02,2025-07-21 18:55,2.5
SNS-1001-V,AST-1001,Vibration,2.29,2025-07-22 19:07,2.5
SNS-1001-V,AST-1001,Vibration,2.98,2025-07-23 05:51,2.5
SNS-1001-V,AST-1001,Vibration,2.93,2025-07-24 01:42,2.5
SNS-1001-V,AST-1001,Vibration,3.03,2025-07-25 03:49,2.5
SNS-1001-V,AST-1001,Vibration,2.65,2025-07-26 04:42,2.5
SNS-1001-V,AST-1001,Vibration,3.42,2025-07-27 19:48,2.5
SNS-1001-V,AST-1001,Vibration,2.76,2025-07-28 02:49,2.5
SNS-1001-V,AST-1001,Vibration,3.05,2025-07-29 20:42,2.5
SNS-1001-V,AST-1001,Vibration,3.0,2025-07-30 09:52,2.5
SNS-1001-V,AST-1001,Vibration,3.0,2025-07-31 05:55,2.5
SNS-1001-V,AST-1001,Vibration,3.12,2025-08-01 17:23,2.5
SNS-1001-V,AST-1001,Vibration,2.81,2025-08-02 08:20,2.5
SNS-1001-V,AST-1001,Vibration,2.7,2025-08-03 10:51,2.5
SNS-1001-V,AST-1001,Vibration,3.66,2025-08-04 22:14,2.5
SNS-1001-V,AST-1001,Vibration,3.38,2025-08-05 15:35,2.5
SNS-1001-V,AST-1001,Vibration,2.2,2025-08-06 04:48,2.5
SNS-1001-V,AST-1001,Vibration,2.16,2025-08-07 09:27,2.5
SNS-1001-V,AST-1001,Vibration,2.95,2025-08-08 07:35,2.5
SNS-1001-V,AST-1001,Vibration,2.45,2025-08-09 10:54,2.5
SNS-1001-V,AST-1001,Vibration,2.56,2025-08-10 09:12,2.5
SNS-1001-V,AST-1001,Vibration,3.28,2025-08-11 06:48,2.5
SNS-1001-V,AST-1001,Vibration,2.95,2025-08-12 16:13,2.5
SNS-1001-V,AST-1001,Vibration,2.97,2025-08-13 07:14,2.5
SNS-1001-V,AST-1001,Vibration,2.74,2025-08-14 05:44,2.5
SNS-1001-V,AST-1001,Vibration,2.64,2025-08-15 02:13,2.5
SNS-1001-V,AST-1001,Vibration,2.46,2025-08-16 01:26,2.5
SNS-1001-V,AST-1001,Vibration,2.99,2025-08-17 15:48,2.5
SNS-1001-V,AST-1001,Vibration,2.81,2025-08-18 00:31,2.5
SNS-1001-V,AST-1001,Vibration,2.84,2025-08-19 18:18,2.5
SNS-1001-V,AST-1001,Vibration,2.21,2025-08-20 20:23,2.5
SNS-1001-V,AST-1001,Vibration,2.86,2025-08-21 06:31,2.5
SNS-1001-V,AST-1001,Vibration,2.59,2025-08-22 02:01,2.5
SNS-1001-V,AST-1001,Vibration,2.98,2025-08-23 01:58,2.5
SNS-1001-V,AST-1001,Vibration,2.32,2025-08-24 01:13,2.5
SNS-1001-V,AST-1001,Vibration,2.77,2025-08-25 10:57,2.5
SNS-1001-V,AST-1001,Vibration,2.91,2025-08-26 19:20,2.5
SNS-1001-V,AST-1001,Vibration,2.96,2025-08-27 22:18,2.5
SNS-1001-V,AST-1001,Vibration,3.0,2025-08-28 16:16,2.5
SNS-1001-V,AST-1001,Vibration,2.87,2025-08-29 00:44,2.5
SNS-1001-V,AST-1001,Vibration,3.24,2025-08-30 10:28,2.5
SNS-1001-V,AST-1001,Vibration,2.68,2025-08-31 02:49,2.5
SNS-1001-V,AST-1001,Vibration,2.63,2025-09-01 22:35,2.5
SNS-1001-V,AST-1001,Vibration,2.74,2025-09-02 20:56,2.5
SNS-1001-V,AST-1001,Vibration,2.63,2025-09-03 16:11,2.5
SNS-1001-V,AST-1001,Vibration,3.21,2025-09-04 19:38,2.5
SNS-1001-V,AST-1001,Vibration,3.26,2025-09-05 09:46,2.5
SNS-1001-V,AST-1001,Vibration,2.46,2025-09-06 04:56,2.5
SNS-1001-V,AST-1001,Vibration,2.54,2025-09-07 16:41,2.5
SNS-1001-V,AST-1001,Vibration,2.5,2025-09-08 02:41,2.5
SNS-1001-V,AST-1001,Vibration,3.13,2025-09-09 14:28,2.5
SNS-1001-V,AST-1001,Vibration,2.75,2025-09-10 17:37,2.5
SNS-1001-V,AST-1001,Vibration,2.51,2025-09-11 17:48,2.5
SNS-1001-V,AST-1001,Vibration,3.38,2025-09-12 21:48,2.5
SNS-1001-V,AST-1001,Vibration,3.32,2025-09-13 14:48,2.5
SNS-1001-V,AST-1001,Vibration,2.96,2025-09-14 12:14,2.5
SNS-1001-V,AST-1001,Vibration,2.89,2025-09-15 12:55,2.5
SNS-1001-V,AST-1001,Vibration,2.73,2025-09-16 12:44,2.5
SNS-1001-V,AST-1001,Vibration,2.49,2025-09-17 10:22,2.5
SNS-1001-V,AST-1001,Vibration,2.94,2025-09-18 09:11,2.5
SNS-1001-V,AST-1001,Vibration,2.54,2025-09-19 19:42,2.5
SNS-1001-V,AST-1001,Vibration,2.72,2025-09-20 02:11,2.5
SNS-1001-V,AST-1001,Vibration,2.33,2025-09-21 05:50,2.5
SNS-1001-V,AST-1001,Vibration,2.83,2025-09-22 05:47,2.5
SNS-1001-V,AST-1001,Vibration,2.53,2025-09-23 13:42,2.5
SNS-1001-V,AST-1001,Vibration,2.67,2025-09-24 10:16,2.5
SNS-1001-V,AST-1001,Vibration,2.49,2025-09-25 04:52,2.5
SNS-1001-V,AST-1001,Vibration,3.09,2025-09-26 00:29,2.5
SNS-1001-V,AST-1001,Vibration,3.27,2025-09-27 07:29,2.5
SNS-1001-V,AST-1001,Vibration,3.3,2025-09-28 20:05,2.5
SNS-1001-V,AST-1001,Vibration,3.36,2025-09-29 14:48,2.5
SNS-1001-V,AST-1001,Vibration,2.73,2025-09-30 21:32,2.5
SNS-1001-V,AST-1001,Vibration,2.59,2025-10-01 16:46,2.5
SNS-1001-V,AST-1001,Vibration,2.25,2025-10-02 22:46,2.5
SNS-1001-V,AST-1001,Vibration,2.28,2025-10-03 00:43,2.5
SNS-1001-V,AST-1001,Vibration,3.09,2025-10-04 00:03,2.5
SNS-1001-V,AST-1001,Vibration,3.18,2025-10-05 14:28,2.5
SNS-1001-V,AST-1001,Vibration,2.24,2025-10-06 05:06,2.5
SNS-1001-V,AST-1001,Vibration,2.66,2025-10-07 08:06,2.5
SNS-1001-V,AST-1001,Vibration,3.54,2025-10-08 09:36,2.5
SNS-1001-V,AST-1001,Vibration,2.6,2025-10-09 12:36,2.5
SNS-1001-V,AST-1001,Vibration,3.06,2025-10-10 15:30,2.5
SNS-1001-V,AST-1001,Vibration,2.6,2025-10-11 08:19,2.5
SNS-1001-V,AST-1001,Vibration,2.76,2025-10-12 03:43,2.5
SNS-1001-V,AST-1001,Vibration,3.36,2025-10-13 09:18,2.5
SNS-1001-V,AST-1001,Vibration,2.77,2025-10-14 11:29,2.5
SNS-1001-V,AST-1001,Vibration,2.9,2025-10-15 04:32,2.5
SNS-1001-V,AST-1001,Vibration,3.12,2025-10-16 04:50,2.5
SNS-1001-V,AST-1001,Vibration,2.72,2025-10-17 06:48,2.5
SNS-1001-V,AST-1001,Vibration,2.59,2025-10-18 18:07,2.5
SNS-1001-V,AST-1001,Vibration,2.66,2025-10-19 17:49,2.5
SNS-1001-V,AST-1001,Vibration,2.58,2025-10-20 21:43,2.5
SNS-1001-V,AST-1001,Vibration,2.47,2025-10-21 04:05,2.5
SNS-1001-V,AST-1001,Vibration,2.53,2025-10-22 18:05,2.5
SNS-1001-V,AST-1001,Vibration,2.97,2025-10-23 01:10,2.5
SNS-1001-V,AST-1001,Vibration,2.96,2025-10-24 16:53,2.5
SNS-1001-V,AST-1001,Vibration,2.5,2025-10-25 16:10,2.5
SNS-1001-V,AST-1001,Vibration,2.86,2025-10-26 11:01,2.5
SNS-1001-V,AST-1001,Vibration,2.64,2025-10-27 03:42,2.5
SNS-1001-V,AST-1001,Vibration,2.36,2025-10-28 05:45,2.5
SNS-1001-V,AST-1001,Vibration,2.84,2025-10-29 17:47,2.5
SNS-1001-V,AST-1001,Vibration,2.08,2025-10-30 01:52,2.5
SNS-1001-V,AST-1001,Vibration,2.35,2025-10-31 19:50,2.5
SNS-1001-V,AST-1001,Vibration,2.56,2025-11-01 19:02,2.5
SNS-1001-V,AST-1001,Vibration,2.85,2025-11-02 07:39,2.5
SNS-1001-V,AST-1001,Vibration,2.65,2025-11-03 04:16,2.5
SNS-1001-V,AST-1001,Vibration,2.35,2025-11-04 17:26,2.5
SNS-1001-V,AST-1001,Vibration,2.02,2025-11-05 02:15,2.5
SNS-1001-V,AST-1001,Vibration,2.68,2025-11-06 10:46,2.5
SNS-1001-V,AST-1001,Vibration,3.14,2025-11-07 09:22,2.5
SNS-1001-V,AST-1001,Vibration,2.92,2025-11-08 05:05,2.5
SNS-1001-V,AST-1001,Vibration,3.33,2025-11-09 14:50,2.5
SNS-1001-V,AST-1001,Vibration,3.2,2025-11-10 14:52,2.5
SNS-1001-V,AST-1001,Vibration,2.42,2025-11-11 09:58,2.5
SNS-1001-V,AST-1001,Vibration,2.87,2025-11-12 06:30,2.5
SNS-1001-V,AST-1001,Vibration,3.13,2025-11-13 15:17,2.5
SNS-1001-V,AST-1001,Vibration,2.62,2025-11-14 02:24,2.5
SNS-1001-V,AST-1001,Vibration,2.57,2025-11-15 03:32,2.5
SNS-1001-V,AST-1001,Vibration,2.49,2025-11-16 02:44,2.5
SNS-1001-V,AST-1001,Vibration,2.61,2025-11-17 17:31,2.5
SNS-1001-V,AST-1001,Vibration,2.94,2025-11-18 09:50,2.5
SNS-1001-V,AST-1001,Vibration,3.05,2025-11-19 00:44,2.5
SNS-1001-V,AST-1001,Vibration,2.68,2025-11-20 04:42,2.5
SNS-1001-V,AST-1001,Vibration,2.94,2025-11-21 07:49,2.5
SNS-1001-V,AST-1001,Vibration,3.43,2025-11-22 06:36,2.5
SNS-1001-V,AST-1001,Vibration,2.73,2025-11-23 08:12,2.5
SNS-1001-V,AST-1001,Vibration,2.91,2025-11-24 10:14,2.5
SNS-1001-V,AST-1001,Vibration,2.86,2025-11-25 19:12,2.5
SNS-1001-V,AST-1001,Vibration,2.78,2025-11-26 19:47,2.5
SNS-1001-V,AST-1001,Vibration,2.94,2025-11-27 00:22,2.5
SNS-1001-V,AST-1001,Vibration,2.05,2025-11-28 14:07,2.5
SNS-1001-V,AST-1001,Vibration,2.86,2025-11-29 04:26,2.5
SNS-1001-V,AST-1001,Vibration,3.23,2025-11-30 09:37,2.5
SNS-1001-V,AST-1001,Vibration,2.81,2025-12-01 14:54,2.5
SNS-1001-V,AST-1001,Vibration,2.59,2025-12-02 05:12,2.5
SNS-1001-V,AST-1001,Vibration,2.5,2025-12-03 21:02,2.5
SNS-1001-V,AST-1001,Vibration,2.52,2025-12-04 14:37,2.5
SNS-1001-V,AST-1001,Vibration,2.31,2025-12-05 17:32,2.5
SNS-1001-V,AST-1001,Vibration,2.44,2025-12-06 11:07,2.5
SNS-1001-V,AST-1001,Vibration,3.09,2025-12-07 06:54,2.5
SNS-1001-V,AST-1001,Vibration,2.6,2025-12-08 15:06,2.5
SNS-1001-V,AST-1001,Vibration,2.53,2025-12-09 19:34,2.5
SNS-1001-V,AST-1001,Vibration,3.16,2025-12-10 06:34,2.5
SNS-1001-V,AST-1001,Vibration,2.64,2025-12-11 21:07,2.5
SNS-1001-V,AST-1001,Vibration,2.84,2025-12-12 07:30,2.5
SNS-1001-V,AST-1001,Vibration,3.26,2025-12-13 10:21,2.5
SNS-1001-V,AST-1001,Vibration,3.36,2025-12-14 21:17,2.5
SNS-1001-V,AST-1001,Vibration,2.91,2025-12-15 17:40,2.5
SNS-1001-V,AST-1001,Vibration,2.54,2025-12-16 16:51,2.5
SNS-1001-V,AST-1001,Vibration,2.77,2025-12-17 03:03,2.5
SNS-1001-V,AST-1001,Vibration,2.66,2025-12-18 11:49,2.5
SNS-1001-V,AST-1001,Vibration,3.11,2025-12-19 14:10,2.5
SNS-1001-V,AST-1001,Vibration,3.38,2025-12-20 04:00,2.5
SNS-1001-V,AST-1001,Vibration,2.86,2025-12-21 08:48,2.5
SNS-1001-V,AST-1001,Vibration,2.82,2025-12-22 01:26,2.5
SNS-1001-V,AST-1001,Vibration,2.77,2025-12-23 08:41,2.5
SNS-1001-V,AST-1001,Vibration,2.51,2025-12-24 14:45,2.5
SNS-1001-V,AST-1001,Vibration,2.85,2025-12-25 01:01,2.5
SNS-1001-V,AST-1001,Vibration,2.72,2025-12-26 10:17,2.5
SNS-1001-V,AST-1001,Vibration,2.45,2025-12-27 02:35,2.5
SNS-1001-V,AST-1001,Vibration,3.25,2025-12-28 05:30,2.5
SNS-1001-V,AST-1001,Vibration,2.93,2025-12-29 18:28,2.5
SNS-1001-V,AST-1001,Vibration,3.12,2025-12-30 10:19,2.5
SNS-1001-V,AST-1001,Vibration,2.86,2025-12-31 18:41,2.5
SNS-1001-V,AST-1001,Vibration,3.2,2026-01-01 10:43,2.5
SNS-1001-V,AST-1001,Vibration,2.93,2026-01-02 01:04,2.5
SNS-1001-V,AST-1001,Vibration,3.38,2026-01-03 05:20,2.5
SNS-1001-V,AST-1001,Vibration,2.76,2026-01-04 14:55,2.5
SNS-1001-V,AST-1001,Vibration,3.04,2026-01-05 21:46,2.5
SNS-1001-V,AST-1001,Vibration,3.37,2026-01-06 12:40,2.5
SNS-1001-V,AST-1001,Vibration,2.59,2026-01-07 21:13,2.5
SNS-1001-V,AST-1001,Vibration,3.04,2026-01-08 02:03,2.5
SNS-1001-V,AST-1001,Vibration,2.67,2026-01-09 02:39,2.5
SNS-1001-V,AST-1001,Vibration,2.74,2026-01-10 19:48,2.5
SNS-1001-V,AST-1001,Vibration,2.81,2026-01-11 18:19,2.5
SNS-1001-V,AST-1001,Vibration,2.78,2026-01-12 04:44,2.5
SNS-1001-V,AST-1001,Vibration,2.66,2026-01-13 04:30,2.5
SNS-1001-V,AST-1001,Vibration,2.71,2026-01-14 01:41,2.5
SNS-1001-V,AST-1001,Vibration,3.09,2026-01-15 10:54,2.5
SNS-1001-V,AST-1001,Vibration,2.94,2026-01-16 08:07,2.5
SNS-1001-V,AST-1001,Vibration,2.99,2026-01-17 02:35,2.5
SNS-1001-V,AST-1001,Vibration,2.36,2026-01-18 11:40,2.5
SNS-1001-V,AST-1001,Vibration,2.69,2026-01-19 03:10,2.5
SNS-1001-V,AST-1001,Vibration,3.11,2026-01-20 02:13,2.5
SNS-1001-V,AST-1001,Vibration,2.95,2026-01-21 21:41,2.5
SNS-1001-V,AST-1001,Vibration,2.65,2026-01-22 17:30,2.5
SNS-1001-V,AST-1001,Vibration,2.87,2026-01-23 18:23,2.5
SNS-1001-V,AST-1001,Vibration,2.61,2026-01-24 02:39,2.5
SNS-1001-V,AST-1001,Vibration,2.88,2026-01-25 04:49,2.5
SNS-1001-V,AST-1001,Vibration,2.63,2026-01-26 19:27,2.5
SNS-1001-V,AST-1001,Vibration,2.7,2026-01-27 01:11,2.5
SNS-1001-V,AST-1001,Vibration,2.73,2026-01-28 14:32,2.5
SNS-1001-V,AST-1001,Vibration,2.72,2026-01-29 04:24,2.5
SNS-1001-V,AST-1001,Vibration,2.63,2026-01-30 05:21,2.5
SNS-1001-V,AST-1001,Vibration,2.92,2026-01-31 18:14,2.5
SNS-1001-V,AST-1001,Vibration,2.81,2026-02-01 07:15,2.5
SNS-1001-V,AST-1001,Vibration,3.29,2026-02-02 19:21,2.5
SNS-1001-V,AST-1001,Vibration,2.84,2026-02-03 07:03,2.5
SNS-1001-V,AST-1001,Vibration,2.32,2026-02-04 17:17,2.5
SNS-1001-V,AST-1001,Vibration,2.56,2026-02-05 06:26,2.5
SNS-1001-V,AST-1001,Vibration,3.11,2026-02-06 05:39,2.5
SNS-1001-V,AST-1001,Vibration,3.16,2026-02-07 21:09,2.5
SNS-1001-V,AST-1001,Vibration,2.96,2026-02-08 10:19,2.5
SNS-1001-V,AST-1001,Vibration,3.3,2026-02-09 20:33,2.5
SNS-1001-V,AST-1001,Vibration,2.93,2026-02-10 05:29,2.5
SNS-1001-V,AST-1001,Vibration,3.52,2026-02-11 04:29,2.5
SNS-1001-V,AST-1001,Vibration,2.49,2026-02-12 03:54,2.5
SNS-1001-V,AST-1001,Vibration,2.58,2026-02-13 16:06,2.5
SNS-1001-V,AST-1001,Vibration,3.03,2026-02-14 02:37,2.5
SNS-1001-V,AST-1001,Vibration,3.01,2026-02-15 13:38,2.5
SNS-1001-V,AST-1001,Vibration,3.35,2026-02-16 14:04,2.5
SNS-1001-V,AST-1001,Vibration,2.09,2026-02-17 06:32,2.5
SNS-1001-V,AST-1001,Vibration,2.96,2026-02-18 03:06,2.5
SNS-1001-V,AST-1001,Vibration,2.6,2026-02-19 20:31,2.5
SNS-1001-V,AST-1001,Vibration,2.54,2026-02-20 19:48,2.5
SNS-1001-V,AST-1001,Vibration,2.81,2026-02-21 01:06,2.5
SNS-1001-V,AST-1001,Vibration,2.71,2026-02-22 21:36,2.5
SNS-1001-V,AST-1001,Vibration,2.65,2026-02-23 16:06,2.5
SNS-1001-V,AST-1001,Vibration,2.57,2026-02-24 07:58,2.5
SNS-1001-V,AST-1001,Vibration,3.12,2026-02-25 06:54,2.5
SNS-1001-V,AST-1001,Vibration,3.07,2026-02-26 22:03,2.5
SNS-1001-V,AST-1001,Vibration,2.99,2026-02-27 14:38,2.5
SNS-1001-V,AST-1001,Vibration,2.94,2026-02-28 20:25,2.5
SNS-1001-V,AST-1001,Vibration,2.58,2026-03-01 08:48,2.5
SNS-1001-V,AST-1001,Vibration,2.73,2026-03-02 09:27,2.5
SNS-1001-V,AST-1001,Vibration,3.39,2026-03-03 14:18,2.5
SNS-1001-V,AST-1001,Vibration,2.61,2026-03-04 08:28,2.5
SNS-1001-V,AST-1001,Vibration,2.85,2026-03-05 15:39,2.5
SNS-1001-V,AST-1001,Vibration,2.54,2026-03-06 02:38,2.5
SNS-1001-V,AST-1001,Vibration,3.12,2026-03-07 13:51,2.5
SNS-1001-V,AST-1001,Vibration,2.8,2026-03-08 01:39,2.5
SNS-1001-V,AST-1001,Vibration,3.13,2026-03-09 05:24,2.5
SNS-1001-V,AST-1001,Vibration,2.93,2026-03-10 02:53,2.5
SNS-1001-V,AST-1001,Vibration,2.37,2026-03-11 17:02,2.5
SNS-1001-V,AST-1001,Vibration,2.78,2026-03-12 12:05,2.5
SNS-1001-V,AST-1001,Vibration,3.2,2026-03-13 13:11,2.5
SNS-1001-V,AST-1001,Vibration,2.7,2026-03-14 13:49,2.5
SNS-1001-V,AST-1001,Vibration,2.7,2026-03-15 01:33,2.5
SNS-1001-V,AST-1001,Vibration,2.68,2026-03-16 13:16,2.5
SNS-1001-V,AST-1001,Vibration,3.14,2026-03-17 16:36,2.5
SNS-1001-V,AST-1001,Vibration,3.31,2026-03-18 04:20,2.5
SNS-1001-V,AST-1001,Vibration,3.0,2026-03-19 02:39,2.5
SNS-1001-V,AST-1001,Vibration,2.5,2026-03-20 18:34,2.5
SNS-1001-V,AST-1001,Vibration,2.99,2026-03-21 17:41,2.5
SNS-1001-V,AST-1001,Vibration,3.04,2026-03-22 14:18,2.5
SNS-1001-V,AST-1001,Vibration,2.98,2026-03-23 00:34,2.5
SNS-1001-V,AST-1001,Vibration,3.0,2026-03-24 05:29,2.5
SNS-1001-V,AST-1001,Vibration,2.6,2026-03-25 04:08,2.5
SNS-1001-V,AST-1001,Vibration,2.85,2026-03-26 03:38,2.5
SNS-1001-V,AST-1001,Vibration,3.34,2026-03-27 03:40,2.5
SNS-1001-V,AST-1001,Vibration,3.29,2026-03-28 10:23,2.5
SNS-1001-V,AST-1001,Vibration,3.01,2026-03-29 06:17,2.5
SNS-1001-V,AST-1001,Vibration,3.11,2026-03-30 21:15,2.5
SNS-1001-V,AST-1001,Vibration,2.27,2026-03-31 02:38,2.5
SNS-1001-V,AST-1001,Vibration,2.84,2026-04-01 15:17,2.5
SNS-1001-V,AST-1001,Vibration,3.0,2026-04-02 06:05,2.5
SNS-1001-V,AST-1001,Vibration,3.26,2026-04-03 02:37,2.5
SNS-1001-V,AST-1001,Vibration,2.75,2026-04-04 02:09,2.5
SNS-1001-V,AST-1001,Vibration,3.26,2026-04-05 15:40,2.5
SNS-1001-V,AST-1001,Vibration,2.48,2026-04-06 06:02,2.5
SNS-1001-V,AST-1001,Vibration,3.15,2026-04-07 19:58,2.5
SNS-1001-V,AST-1001,Vibration,2.83,2026-04-08 15:39,2.5
SNS-1001-V,AST-1001,Vibration,2.53,2026-04-09 02:46,2.5
SNS-1001-V,AST-1001,Vibration,3.1,2026-04-10 08:37,2.5
SNS-1001-V,AST-1001,Vibration,2.34,2026-04-11 17:55,2.5
SNS-1001-V,AST-1001,Vibration,2.28,2026-04-12 04:51,2.5
SNS-1001-V,AST-1001,Vibration,2.6,2026-04-13 06:53,2.5
SNS-1001-V,AST-1001,Vibration,3.12,2026-04-14 16:15,2.5
SNS-1001-V,AST-1001,Vibration,3.3,2026-04-15 18:13,2.5
SNS-1001-V,AST-1001,Vibration,2.44,2026-04-16 09:35,2.5
SNS-1001-V,AST-1001,Vibration,2.79,2026-04-17 22:12,2.5
SNS-1001-V,AST-1001,Vibration,3.0,2026-04-18 15:56,2.5
SNS-1001-V,AST-1001,Vibration,2.87,2026-04-19 03:57,2.5
SNS-1001-V,AST-1001,Vibration,3.13,2026-04-20 03:17,2.5
SNS-1001-V,AST-1001,Vibration,2.78,2026-04-21 08:05,2.5
SNS-1001-V,AST-1001,Vibration,2.72,2026-04-22 22:37,2.5
SNS-1001-V,AST-1001,Vibration,2.52,2026-04-23 18:16,2.5
SNS-1001-V,AST-1001,Vibration,2.78,2026-04-24 01:07,2.5
SNS-1001-V,AST-1001,Vibration,3.09,2026-04-25 19:26,2.5
SNS-1001-V,AST-1001,Vibration,2.92,2026-04-26 16:10,2.5
SNS-1001-V,AST-1001,Vibration,3.29,2026-04-27 08:31,2.5
SNS-1001-V,AST-1001,Vibration,2.46,2026-04-28 10:48,2.5
SNS-1001-V,AST-1001,Vibration,3.29,2026-04-29 20:24,2.5
SNS-1001-V,AST-1001,Vibration,2.79,2026-04-30 14:24,2.5
SNS-1001-V,AST-1001,Vibration,2.66,2026-05-01 07:29,2.5
SNS-1001-V,AST-1001,Vibration,2.68,2026-05-02 22:50,2.5
SNS-1001-V,AST-1001,Vibration,2.8,2026-05-03 03:00,2.5
SNS-1001-V,AST-1001,Vibration,3.2,2026-05-04 13:26,2.5
SNS-1001-V,AST-1001,Vibration,2.81,2026-05-05 16:26,2.5
SNS-1001-V,AST-1001,Vibration,2.89,2026-05-06 05:47,2.5
SNS-1001-V,AST-1001,Vibration,2.48,2026-05-07 14:48,2.5
SNS-1001-V,AST-1001,Vibration,3.01,2026-05-08 05:51,2.5
SNS-1001-V,AST-1001,Vibration,2.71,2026-05-09 04:36,2.5
SNS-1001-V,AST-1001,Vibration,3.48,2026-05-10 22:28,2.5
SNS-1001-V,AST-1001,Vibration,3.72,2026-05-11 18:26,2.5
SNS-1001-V,AST-1001,Vibration,2.72,2026-05-12 13:29,2.5
SNS-1001-V,AST-1001,Vibration,2.85,2026-05-13 21:19,2.5
SNS-1001-V,AST-1001,Vibration,2.49,2026-05-14 12:37,2.5
SNS-1001-V,AST-1001,Vibration,2.58,2026-05-15 02:36,2.5
SNS-1001-V,AST-1001,Vibration,2.94,2026-05-16 17:13,2.5
SNS-1001-V,AST-1001,Vibration,2.8,2026-05-17 16:24,2.5
SNS-1001-V,AST-1001,Vibration,2.56,2026-05-18 01:58,2.5
SNS-1001-V,AST-1001,Vibration,2.53,2026-05-19 02:56,2.5
SNS-1001-V,AST-1001,Vibration,3.19,2026-05-20 14:14,2.5
SNS-1001-V,AST-1001,Vibration,3.19,2026-05-21 14:52,2.5
SNS-1001-V,AST-1001,Vibration,3.13,2026-05-22 07:14,2.5
SNS-1001-V,AST-1001,Vibration,3.18,2026-05-23 05:16,2.5
SNS-1001-V,AST-1001,Vibration,3.25,2026-05-24 05:01,2.5
SNS-1001-V,AST-1001,Vibration,2.53,2026-05-25 15:48,2.5
SNS-1001-V,AST-1001,Vibration,2.54,2026-05-26 03:46,2.5
SNS-1001-V,AST-1001,Vibration,2.77,2026-05-27 07:21,2.5
SNS-1001-V,AST-1001,Vibration,2.95,2026-05-28 18:23,2.5
SNS-1001-V,AST-1001,Vibration,2.88,2026-05-29 11:52,2.5
SNS-1001-V,AST-1001,Vibration,3.1,2026-05-30 02:55,2.5
SNS-1001-V,AST-1001,Vibration,3.07,2026-05-31 18:50,2.5
SNS-1001-V,AST-1001,Vibration,3.09,2026-06-01 21:02,2.5
SNS-1001-V,AST-1001,Vibration,2.96,2026-06-02 14:01,2.5
SNS-1001-V,AST-1001,Vibration,2.57,2026-06-03 01:08,2.5
SNS-1001-V,AST-1001,Vibration,2.94,2026-06-04 15:48,2.5
SNS-1001-V,AST-1001,Vibration,2.85,2026-06-05 12:27,2.5
SNS-1001-V,AST-1001,Vibration,2.7,2026-06-06 11:45,2.5
SNS-1001-V,AST-1001,Vibration,2.93,2026-06-07 03:38,2.5
SNS-1001-V,AST-1001,Vibration,2.98,2026-06-08 03:56,2.5
SNS-1001-V,AST-1001,Vibration,2.9,2026-06-09 01:36,2.5
SNS-1001-V,AST-1001,Vibration,3.17,2026-06-10 22:29,2.5
SNS-1001-V,AST-1001,Vibration,2.75,2026-06-11 17:07,2.5
SNS-1001-V,AST-1001,Vibration,3.54,2026-06-12 09:50,2.5
SNS-1001-V,AST-1001,Vibration,3.55,2026-06-13 02:05,2.5
SNS-1001-V,AST-1001,Vibration,3.12,2026-06-14 16:05,2.5
SNS-1001-V,AST-1001,Vibration,2.84,2026-06-15 08:46,2.5
SNS-1001-V,AST-1001,Vibration,3.15,2026-06-16 16:51,2.5
SNS-1001-V,AST-1001,Vibration,2.57,2026-06-17 19:35,2.5
SNS-1001-V,AST-1001,Vibration,2.89,2026-06-18 16:44,2.5
SNS-1001-V,AST-1001,Vibration,2.65,2026-06-19 11:48,2.5
SNS-1001-V,AST-1001,Vibration,2.96,2026-06-20 12:23,2.5
SNS-1001-V,AST-1001,Vibration,3.18,2026-06-21 11:27,2.5
SNS-1001-V,AST-1001,Vibration,3.32,2026-06-22 09:19,2.5
SNS-1001-V,AST-1001,Vibration,2.95,2026-06-23 13:14,2.5
SNS-1001-V,AST-1001,Vibration,2.94,2026-06-24 02:14,2.5
SNS-1001-V,AST-1001,Vibration,3.4,2026-06-25 07:09,2.5
SNS-1001-V,AST-1001,Vibration,2.4,2026-06-26 07:32,2.5
SNS-1001-V,AST-1001,Vibration,2.85,2026-06-27 08:26,2.5
SNS-1001-V,AST-1001,Vibration,2.94,2026-06-28 05:27,2.5
SNS-1001-V,AST-1001,Vibration,3.09,2026-06-29 04:41,2.5
SNS-1001-V,AST-1001,Vibration,2.96,2026-06-30 07:33,2.5
SNS-1001-V,AST-1001,Vibration,2.88,2026-07-01 17:03,2.5
SNS-1001-V,AST-1001,Vibration,2.87,2026-07-02 08:42,2.5
SNS-1001-V,AST-1001,Vibration,3.11,2026-07-03 20:07,2.5
SNS-1001-V,AST-1001,Vibration,2.97,2026-07-04 04:55,2.5
SNS-1001-V,AST-1001,Vibration,2.59,2026-07-05 08:54,2.5
SNS-1001-V,AST-1001,Vibration,2.47,2026-07-06 15:58,2.5
SNS-1001-V,AST-1001,Vibration,3.09,2026-07-07 15:03,2.5
SNS-1001-V,AST-1001,Vibration,3.01,2026-07-08 03:16,2.5
SNS-1001-V,AST-1001,Vibration,3.44,2026-07-09 17:31,2.5
SNS-1001-V,AST-1001,Vibration,2.94,2026-07-10 14:47,2.5
SNS-1001-V,AST-1001,Vibration,2.73,2026-07-11 08:06,2.5
SNS-1001-V,AST-1001,Vibration,3.09,2026-07-12 11:28,2.5
SNS-1001-V,AST-1001,Vibration,3.12,2026-07-13 21:34,2.5
SNS-1001-V,AST-1001,Vibration,2.81,2026-07-14 04:01,2.5
SNS-1001-V,AST-1001,Vibration,3.02,2026-07-15 16:08,2.5
SNS-1001-V,AST-1001,Vibration,2.92,2026-07-16 05:21,2.5
SNS-1001-V,AST-1001,Vibration,3.09,2026-07-17 11:24,2.5
SNS-1001-V,AST-1001,Vibration,2.85,2026-07-18 11:31,2.5
SNS-1001-V,AST-1001,Vibration,3.06,2026-07-19 03:11,2.5
SNS-1001-V,AST-1001,Vibration,3.28,2026-07-20 02:57,2.5
SNS-1001-V,AST-1001,Vibration,2.51,2026-07-21 18:46,2.5
SNS-1001-V,AST-1001,Vibration,2.8,2026-07-22 16:37,2.5
SNS-1001-V,AST-1001,Vibration,2.9,2026-07-23 21:40,2.5
SNS-1001-V,AST-1001,Vibration,2.88,2026-07-24 04:04,2.5
SNS-1001-V,AST-1001,Vibration,2.84,2026-07-25 09:54,2.5
SNS-1001-P,AST-1001,Pressure,6.29,2024-07-25 05:19,6.5
SNS-1001-P,AST-1001,Pressure,6.58,2024-07-26 01:29,6.5
SNS-1001-P,AST-1001,Pressure,6.43,2024-07-27 17:47,6.5
SNS-1001-P,AST-1001,Pressure,6.22,2024-07-28 08:22,6.5
SNS-1001-P,AST-1001,Pressure,6.62,2024-07-29 04:21,6.5
SNS-1001-P,AST-1001,Pressure,6.38,2024-07-30 14:07,6.5
SNS-1001-P,AST-1001,Pressure,6.91,2024-07-31 12:10,6.5
SNS-1001-P,AST-1001,Pressure,5.96,2024-08-01 19:38,6.5
SNS-1001-P,AST-1001,Pressure,6.79,2024-08-02 21:05,6.5
SNS-1001-P,AST-1001,Pressure,6.63,2024-08-03 17:44,6.5
SNS-1001-P,AST-1001,Pressure,6.18,2024-08-04 16:05,6.5
SNS-1001-P,AST-1001,Pressure,6.64,2024-08-05 04:19,6.5
SNS-1001-P,AST-1001,Pressure,6.51,2024-08-06 14:39,6.5
SNS-1001-P,AST-1001,Pressure,6.46,2024-08-07 04:07,6.5
SNS-1001-P,AST-1001,Pressure,6.48,2024-08-08 19:29,6.5
SNS-1001-P,AST-1001,Pressure,6.59,2024-08-09 02:17,6.5
SNS-1001-P,AST-1001,Pressure,6.12,2024-08-10 01:32,6.5
SNS-1001-P,AST-1001,Pressure,6.93,2024-08-11 15:15,6.5
SNS-1001-P,AST-1001,Pressure,6.85,2024-08-12 19:33,6.5
SNS-1001-P,AST-1001,Pressure,6.42,2024-08-13 16:12,6.5
SNS-1001-P,AST-1001,Pressure,6.87,2024-08-14 22:26,6.5
SNS-1001-P,AST-1001,Pressure,6.61,2024-08-15 08:56,6.5
SNS-1001-P,AST-1001,Pressure,6.79,2024-08-16 08:04,6.5
SNS-1001-P,AST-1001,Pressure,6.44,2024-08-17 07:46,6.5
SNS-1001-P,AST-1001,Pressure,6.34,2024-08-18 08:26,6.5
SNS-1001-P,AST-1001,Pressure,5.71,2024-08-19 08:31,6.5
SNS-1001-P,AST-1001,Pressure,6.41,2024-08-20 15:15,6.5
SNS-1001-P,AST-1001,Pressure,6.91,2024-08-21 21:42,6.5
SNS-1001-P,AST-1001,Pressure,7.13,2024-08-22 14:30,6.5
SNS-1001-P,AST-1001,Pressure,6.86,2024-08-23 08:04,6.5
SNS-1001-P,AST-1001,Pressure,6.31,2024-08-24 00:42,6.5
SNS-1001-P,AST-1001,Pressure,5.85,2024-08-25 11:14,6.5
SNS-1001-P,AST-1001,Pressure,6.37,2024-08-26 10:16,6.5
SNS-1001-P,AST-1001,Pressure,6.74,2024-08-27 14:38,6.5
SNS-1001-P,AST-1001,Pressure,6.49,2024-08-28 06:57,6.5
SNS-1001-P,AST-1001,Pressure,6.95,2024-08-29 16:00,6.5
SNS-1001-P,AST-1001,Pressure,6.42,2024-08-30 21:57,6.5
SNS-1001-P,AST-1001,Pressure,6.6,2024-08-31 10:55,6.5
SNS-1001-P,AST-1001,Pressure,6.45,2024-09-01 05:27,6.5
SNS-1001-P,AST-1001,Pressure,6.65,2024-09-02 13:21,6.5
SNS-1001-P,AST-1001,Pressure,6.6,2024-09-03 15:19,6.5
SNS-1001-P,AST-1001,Pressure,6.22,2024-09-04 20:12,6.5
SNS-1001-P,AST-1001,Pressure,6.67,2024-09-05 00:14,6.5
SNS-1001-P,AST-1001,Pressure,6.87,2024-09-06 14:32,6.5
SNS-1001-P,AST-1001,Pressure,6.34,2024-09-07 02:24,6.5
SNS-1001-P,AST-1001,Pressure,6.9,2024-09-08 15:58,6.5
SNS-1001-P,AST-1001,Pressure,6.6,2024-09-09 10:50,6.5
SNS-1001-P,AST-1001,Pressure,6.07,2024-09-10 20:12,6.5
SNS-1001-P,AST-1001,Pressure,6.52,2024-09-11 11:55,6.5
SNS-1001-P,AST-1001,Pressure,6.84,2024-09-12 08:50,6.5
SNS-1001-P,AST-1001,Pressure,6.24,2024-09-13 08:54,6.5
SNS-1001-P,AST-1001,Pressure,6.49,2024-09-14 11:58,6.5
SNS-1001-P,AST-1001,Pressure,6.41,2024-09-15 10:09,6.5
SNS-1001-P,AST-1001,Pressure,6.61,2024-09-16 17:15,6.5
SNS-1001-P,AST-1001,Pressure,7.1,2024-09-17 20:30,6.5
SNS-1001-P,AST-1001,Pressure,6.82,2024-09-18 12:32,6.5
SNS-1001-P,AST-1001,Pressure,6.11,2024-09-19 16:01,6.5
SNS-1001-P,AST-1001,Pressure,6.7,2024-09-20 12:57,6.5
SNS-1001-P,AST-1001,Pressure,6.41,2024-09-21 19:58,6.5
SNS-1001-P,AST-1001,Pressure,6.63,2024-09-22 07:53,6.5
SNS-1001-P,AST-1001,Pressure,6.77,2024-09-23 00:20,6.5
SNS-1001-P,AST-1001,Pressure,6.28,2024-09-24 15:55,6.5
SNS-1001-P,AST-1001,Pressure,6.88,2024-09-25 12:04,6.5
SNS-1001-P,AST-1001,Pressure,6.46,2024-09-26 17:38,6.5
SNS-1001-P,AST-1001,Pressure,6.79,2024-09-27 16:54,6.5
SNS-1001-P,AST-1001,Pressure,6.96,2024-09-28 02:31,6.5
SNS-1001-P,AST-1001,Pressure,6.72,2024-09-29 14:00,6.5
SNS-1001-P,AST-1001,Pressure,6.35,2024-09-30 11:56,6.5
SNS-1001-P,AST-1001,Pressure,6.28,2024-10-01 13:17,6.5
SNS-1001-P,AST-1001,Pressure,6.08,2024-10-02 05:56,6.5
SNS-1001-P,AST-1001,Pressure,6.56,2024-10-03 05:46,6.5
SNS-1001-P,AST-1001,Pressure,6.37,2024-10-04 01:27,6.5
SNS-1001-P,AST-1001,Pressure,6.83,2024-10-05 19:40,6.5
SNS-1001-P,AST-1001,Pressure,6.86,2024-10-06 18:49,6.5
SNS-1001-P,AST-1001,Pressure,6.67,2024-10-07 19:42,6.5
SNS-1001-P,AST-1001,Pressure,7.09,2024-10-08 03:13,6.5
SNS-1001-P,AST-1001,Pressure,6.85,2024-10-09 01:58,6.5
SNS-1001-P,AST-1001,Pressure,6.48,2024-10-10 19:21,6.5
SNS-1001-P,AST-1001,Pressure,6.72,2024-10-11 21:00,6.5
SNS-1001-P,AST-1001,Pressure,7.03,2024-10-12 05:39,6.5
SNS-1001-P,AST-1001,Pressure,6.64,2024-10-13 04:47,6.5
SNS-1001-P,AST-1001,Pressure,6.97,2024-10-14 06:29,6.5
SNS-1001-P,AST-1001,Pressure,6.71,2024-10-15 03:26,6.5
SNS-1001-P,AST-1001,Pressure,6.42,2024-10-16 12:34,6.5
SNS-1001-P,AST-1001,Pressure,6.41,2024-10-17 17:56,6.5
SNS-1001-P,AST-1001,Pressure,7.09,2024-10-18 07:10,6.5
SNS-1001-P,AST-1001,Pressure,6.33,2024-10-19 16:33,6.5
SNS-1001-P,AST-1001,Pressure,6.75,2024-10-20 09:33,6.5
SNS-1001-P,AST-1001,Pressure,6.81,2024-10-21 08:33,6.5
SNS-1001-P,AST-1001,Pressure,6.74,2024-10-22 21:43,6.5
SNS-1001-P,AST-1001,Pressure,6.75,2024-10-23 10:02,6.5
SNS-1001-P,AST-1001,Pressure,6.49,2024-10-24 18:26,6.5
SNS-1001-P,AST-1001,Pressure,6.41,2024-10-25 17:16,6.5
SNS-1001-P,AST-1001,Pressure,6.22,2024-10-26 05:54,6.5
SNS-1001-P,AST-1001,Pressure,6.98,2024-10-27 08:47,6.5
SNS-1001-P,AST-1001,Pressure,7.41,2024-10-28 02:07,6.5
SNS-1001-P,AST-1001,Pressure,6.9,2024-10-29 19:45,6.5
SNS-1001-P,AST-1001,Pressure,6.7,2024-10-30 00:06,6.5
SNS-1001-P,AST-1001,Pressure,6.43,2024-10-31 11:42,6.5
SNS-1001-P,AST-1001,Pressure,6.88,2024-11-01 09:28,6.5
SNS-1001-P,AST-1001,Pressure,7.08,2024-11-02 18:40,6.5
SNS-1001-P,AST-1001,Pressure,6.74,2024-11-03 16:24,6.5
SNS-1001-P,AST-1001,Pressure,6.81,2024-11-04 14:19,6.5
SNS-1001-P,AST-1001,Pressure,6.43,2024-11-05 13:05,6.5
SNS-1001-P,AST-1001,Pressure,7.16,2024-11-06 11:52,6.5
SNS-1001-P,AST-1001,Pressure,6.59,2024-11-07 09:53,6.5
SNS-1001-P,AST-1001,Pressure,6.78,2024-11-08 02:51,6.5
SNS-1001-P,AST-1001,Pressure,6.89,2024-11-09 04:14,6.5
SNS-1001-P,AST-1001,Pressure,6.23,2024-11-10 03:17,6.5
SNS-1001-P,AST-1001,Pressure,6.54,2024-11-11 10:20,6.5
SNS-1001-P,AST-1001,Pressure,6.83,2024-11-12 07:43,6.5
SNS-1001-P,AST-1001,Pressure,6.78,2024-11-13 02:20,6.5
SNS-1001-P,AST-1001,Pressure,6.51,2024-11-14 03:50,6.5
SNS-1001-P,AST-1001,Pressure,6.91,2024-11-15 05:32,6.5
SNS-1001-P,AST-1001,Pressure,7.32,2024-11-16 19:18,6.5
SNS-1001-P,AST-1001,Pressure,6.8,2024-11-17 00:21,6.5
SNS-1001-P,AST-1001,Pressure,6.87,2024-11-18 18:12,6.5
SNS-1001-P,AST-1001,Pressure,6.07,2024-11-19 18:33,6.5
SNS-1001-P,AST-1001,Pressure,6.94,2024-11-20 18:17,6.5
SNS-1001-P,AST-1001,Pressure,7.06,2024-11-21 17:22,6.5
SNS-1001-P,AST-1001,Pressure,6.57,2024-11-22 21:32,6.5
SNS-1001-P,AST-1001,Pressure,6.13,2024-11-23 20:05,6.5
SNS-1001-P,AST-1001,Pressure,6.92,2024-11-24 19:24,6.5
SNS-1001-P,AST-1001,Pressure,6.4,2024-11-25 10:13,6.5
SNS-1001-P,AST-1001,Pressure,6.98,2024-11-26 19:25,6.5
SNS-1001-P,AST-1001,Pressure,6.47,2024-11-27 02:19,6.5
SNS-1001-P,AST-1001,Pressure,6.64,2024-11-28 21:20,6.5
SNS-1001-P,AST-1001,Pressure,7.1,2024-11-29 12:55,6.5
SNS-1001-P,AST-1001,Pressure,6.74,2024-11-30 10:58,6.5
SNS-1001-P,AST-1001,Pressure,6.4,2024-12-01 01:58,6.5
SNS-1001-P,AST-1001,Pressure,6.21,2024-12-02 06:05,6.5
SNS-1001-P,AST-1001,Pressure,5.28,2024-12-03 04:53,6.5
SNS-1001-P,AST-1001,Pressure,6.47,2024-12-04 13:03,6.5
SNS-1001-P,AST-1001,Pressure,6.67,2024-12-05 12:33,6.5
SNS-1001-P,AST-1001,Pressure,7.41,2024-12-06 06:30,6.5
SNS-1001-P,AST-1001,Pressure,6.82,2024-12-07 01:35,6.5
SNS-1001-P,AST-1001,Pressure,6.56,2024-12-08 07:34,6.5
SNS-1001-P,AST-1001,Pressure,6.8,2024-12-09 09:32,6.5
SNS-1001-P,AST-1001,Pressure,6.22,2024-12-10 17:55,6.5
SNS-1001-P,AST-1001,Pressure,6.89,2024-12-11 12:24,6.5
SNS-1001-P,AST-1001,Pressure,6.44,2024-12-12 15:15,6.5
SNS-1001-P,AST-1001,Pressure,6.58,2024-12-13 22:11,6.5
SNS-1001-P,AST-1001,Pressure,7.24,2024-12-14 12:46,6.5
SNS-1001-P,AST-1001,Pressure,7.03,2024-12-15 22:48,6.5
SNS-1001-P,AST-1001,Pressure,6.3,2024-12-16 01:39,6.5
SNS-1001-P,AST-1001,Pressure,6.76,2024-12-17 11:03,6.5
SNS-1001-P,AST-1001,Pressure,6.9,2024-12-18 18:47,6.5
SNS-1001-P,AST-1001,Pressure,6.7,2024-12-19 17:44,6.5
SNS-1001-P,AST-1001,Pressure,6.36,2024-12-20 06:50,6.5
SNS-1001-P,AST-1001,Pressure,6.69,2024-12-21 07:55,6.5
SNS-1001-P,AST-1001,Pressure,6.29,2024-12-22 15:17,6.5
SNS-1001-P,AST-1001,Pressure,6.2,2024-12-23 13:42,6.5
SNS-1001-P,AST-1001,Pressure,6.71,2024-12-24 19:18,6.5
SNS-1001-P,AST-1001,Pressure,7.18,2024-12-25 09:50,6.5
SNS-1001-P,AST-1001,Pressure,6.08,2024-12-26 13:06,6.5
SNS-1001-P,AST-1001,Pressure,6.32,2024-12-27 16:58,6.5
SNS-1001-P,AST-1001,Pressure,6.25,2024-12-28 20:48,6.5
SNS-1001-P,AST-1001,Pressure,7.1,2024-12-29 04:42,6.5
SNS-1001-P,AST-1001,Pressure,6.33,2024-12-30 06:25,6.5
SNS-1001-P,AST-1001,Pressure,6.34,2024-12-31 07:19,6.5
SNS-1001-P,AST-1001,Pressure,6.61,2025-01-01 11:41,6.5
SNS-1001-P,AST-1001,Pressure,6.12,2025-01-02 00:04,6.5
SNS-1001-P,AST-1001,Pressure,7.02,2025-01-03 21:06,6.5
SNS-1001-P,AST-1001,Pressure,6.7,2025-01-04 11:38,6.5
SNS-1001-P,AST-1001,Pressure,5.73,2025-01-05 17:28,6.5
SNS-1001-P,AST-1001,Pressure,7.1,2025-01-06 02:47,6.5
SNS-1001-P,AST-1001,Pressure,6.14,2025-01-07 19:37,6.5
SNS-1001-P,AST-1001,Pressure,7.49,2025-01-08 17:21,6.5
SNS-1001-P,AST-1001,Pressure,6.92,2025-01-09 20:04,6.5
SNS-1001-P,AST-1001,Pressure,6.47,2025-01-10 21:38,6.5
SNS-1001-P,AST-1001,Pressure,7.07,2025-01-11 12:05,6.5
SNS-1001-P,AST-1001,Pressure,6.47,2025-01-12 19:10,6.5
SNS-1001-P,AST-1001,Pressure,7.26,2025-01-13 06:42,6.5
SNS-1001-P,AST-1001,Pressure,6.85,2025-01-14 15:30,6.5
SNS-1001-P,AST-1001,Pressure,6.47,2025-01-15 08:44,6.5
SNS-1001-P,AST-1001,Pressure,6.63,2025-01-16 13:31,6.5
SNS-1001-P,AST-1001,Pressure,6.85,2025-01-17 16:57,6.5
SNS-1001-P,AST-1001,Pressure,6.55,2025-01-18 05:53,6.5
SNS-1001-P,AST-1001,Pressure,6.63,2025-01-19 14:24,6.5
SNS-1001-P,AST-1001,Pressure,6.38,2025-01-20 08:30,6.5
SNS-1001-P,AST-1001,Pressure,7.17,2025-01-21 19:24,6.5
SNS-1001-P,AST-1001,Pressure,6.44,2025-01-22 01:34,6.5
SNS-1001-P,AST-1001,Pressure,6.94,2025-01-23 03:22,6.5
SNS-1001-P,AST-1001,Pressure,6.77,2025-01-24 03:39,6.5
SNS-1001-P,AST-1001,Pressure,7.19,2025-01-25 07:27,6.5
SNS-1001-P,AST-1001,Pressure,6.67,2025-01-26 00:47,6.5
SNS-1001-P,AST-1001,Pressure,6.94,2025-01-27 08:40,6.5
SNS-1001-P,AST-1001,Pressure,6.53,2025-01-28 20:23,6.5
SNS-1001-P,AST-1001,Pressure,7.19,2025-01-29 05:39,6.5
SNS-1001-P,AST-1001,Pressure,6.52,2025-01-30 08:40,6.5
SNS-1001-P,AST-1001,Pressure,6.17,2025-01-31 02:39,6.5
SNS-1001-P,AST-1001,Pressure,6.29,2025-02-01 00:09,6.5
SNS-1001-P,AST-1001,Pressure,7.1,2025-02-02 00:53,6.5
SNS-1001-P,AST-1001,Pressure,6.88,2025-02-03 20:13,6.5
SNS-1001-P,AST-1001,Pressure,6.38,2025-02-04 16:23,6.5
SNS-1001-P,AST-1001,Pressure,6.97,2025-02-05 16:36,6.5
SNS-1001-P,AST-1001,Pressure,6.45,2025-02-06 10:50,6.5
SNS-1001-P,AST-1001,Pressure,6.87,2025-02-07 22:09,6.5
SNS-1001-P,AST-1001,Pressure,6.51,2025-02-08 11:01,6.5
SNS-1001-P,AST-1001,Pressure,6.83,2025-02-09 01:40,6.5
SNS-1001-P,AST-1001,Pressure,6.83,2025-02-10 10:48,6.5
SNS-1001-P,AST-1001,Pressure,6.82,2025-02-11 10:16,6.5
SNS-1001-P,AST-1001,Pressure,6.93,2025-02-12 12:23,6.5
SNS-1001-P,AST-1001,Pressure,6.6,2025-02-13 00:16,6.5
SNS-1001-P,AST-1001,Pressure,7.23,2025-02-14 07:22,6.5
SNS-1001-P,AST-1001,Pressure,6.35,2025-02-15 21:30,6.5
SNS-1001-P,AST-1001,Pressure,6.58,2025-02-16 09:27,6.5
SNS-1001-P,AST-1001,Pressure,6.64,2025-02-17 00:34,6.5
SNS-1001-P,AST-1001,Pressure,6.09,2025-02-18 22:28,6.5
SNS-1001-P,AST-1001,Pressure,6.69,2025-02-19 10:02,6.5
SNS-1001-P,AST-1001,Pressure,6.3,2025-02-20 15:16,6.5
SNS-1001-P,AST-1001,Pressure,6.28,2025-02-21 07:58,6.5
SNS-1001-P,AST-1001,Pressure,6.58,2025-02-22 12:57,6.5
SNS-1001-P,AST-1001,Pressure,6.03,2025-02-23 04:06,6.5
SNS-1001-P,AST-1001,Pressure,6.36,2025-02-24 07:19,6.5
SNS-1001-P,AST-1001,Pressure,6.77,2025-02-25 16:06,6.5
SNS-1001-P,AST-1001,Pressure,6.61,2025-02-26 13:04,6.5
SNS-1001-P,AST-1001,Pressure,7.09,2025-02-27 01:28,6.5
SNS-1001-P,AST-1001,Pressure,6.78,2025-02-28 12:31,6.5
SNS-1001-P,AST-1001,Pressure,6.42,2025-03-01 00:54,6.5
SNS-1001-P,AST-1001,Pressure,6.88,2025-03-02 10:33,6.5
SNS-1001-P,AST-1001,Pressure,6.84,2025-03-03 14:36,6.5
SNS-1001-P,AST-1001,Pressure,6.63,2025-03-04 07:38,6.5
SNS-1001-P,AST-1001,Pressure,6.92,2025-03-05 06:48,6.5
SNS-1001-P,AST-1001,Pressure,6.7,2025-03-06 16:16,6.5
SNS-1001-P,AST-1001,Pressure,7.42,2025-03-07 01:51,6.5
SNS-1001-P,AST-1001,Pressure,5.75,2025-03-08 14:07,6.5
SNS-1001-P,AST-1001,Pressure,6.61,2025-03-09 06:53,6.5
SNS-1001-P,AST-1001,Pressure,6.47,2025-03-10 08:05,6.5
SNS-1001-P,AST-1001,Pressure,6.94,2025-03-11 15:26,6.5
SNS-1001-P,AST-1001,Pressure,6.13,2025-03-12 03:18,6.5
SNS-1001-P,AST-1001,Pressure,6.33,2025-03-13 10:27,6.5
SNS-1001-P,AST-1001,Pressure,6.53,2025-03-14 21:06,6.5
SNS-1001-P,AST-1001,Pressure,6.54,2025-03-15 17:47,6.5
SNS-1001-P,AST-1001,Pressure,6.52,2025-03-16 10:15,6.5
SNS-1001-P,AST-1001,Pressure,6.78,2025-03-17 14:51,6.5
SNS-1001-P,AST-1001,Pressure,6.6,2025-03-18 17:24,6.5
SNS-1001-P,AST-1001,Pressure,6.06,2025-03-19 20:51,6.5
SNS-1001-P,AST-1001,Pressure,6.54,2025-03-20 02:00,6.5
SNS-1001-P,AST-1001,Pressure,6.68,2025-03-21 22:25,6.5
SNS-1001-P,AST-1001,Pressure,6.77,2025-03-22 19:32,6.5
SNS-1001-P,AST-1001,Pressure,6.63,2025-03-23 07:33,6.5
SNS-1001-P,AST-1001,Pressure,6.8,2025-03-24 03:41,6.5
SNS-1001-P,AST-1001,Pressure,6.52,2025-03-25 17:57,6.5
SNS-1001-P,AST-1001,Pressure,7.11,2025-03-26 01:28,6.5
SNS-1001-P,AST-1001,Pressure,6.87,2025-03-27 03:19,6.5
SNS-1001-P,AST-1001,Pressure,6.99,2025-03-28 14:23,6.5
SNS-1001-P,AST-1001,Pressure,6.56,2025-03-29 22:57,6.5
SNS-1001-P,AST-1001,Pressure,6.92,2025-03-30 07:43,6.5
SNS-1001-P,AST-1001,Pressure,6.46,2025-03-31 01:26,6.5
SNS-1001-P,AST-1001,Pressure,6.91,2025-04-01 02:08,6.5
SNS-1001-P,AST-1001,Pressure,6.59,2025-04-02 01:38,6.5
SNS-1001-P,AST-1001,Pressure,7.08,2025-04-03 15:02,6.5
SNS-1001-P,AST-1001,Pressure,6.51,2025-04-04 20:31,6.5
SNS-1001-P,AST-1001,Pressure,6.71,2025-04-05 21:32,6.5
SNS-1001-P,AST-1001,Pressure,6.71,2025-04-06 22:32,6.5
SNS-1001-P,AST-1001,Pressure,6.69,2025-04-07 20:38,6.5
SNS-1001-P,AST-1001,Pressure,6.46,2025-04-08 22:47,6.5
SNS-1001-P,AST-1001,Pressure,6.2,2025-04-09 15:04,6.5
SNS-1001-P,AST-1001,Pressure,6.9,2025-04-10 16:28,6.5
SNS-1001-P,AST-1001,Pressure,6.31,2025-04-11 17:15,6.5
SNS-1001-P,AST-1001,Pressure,6.54,2025-04-12 15:57,6.5
SNS-1001-P,AST-1001,Pressure,6.36,2025-04-13 19:13,6.5
SNS-1001-P,AST-1001,Pressure,6.72,2025-04-14 09:12,6.5
SNS-1001-P,AST-1001,Pressure,6.82,2025-04-15 05:05,6.5
SNS-1001-P,AST-1001,Pressure,6.87,2025-04-16 12:11,6.5
SNS-1001-P,AST-1001,Pressure,7.03,2025-04-17 09:07,6.5
SNS-1001-P,AST-1001,Pressure,6.65,2025-04-18 14:39,6.5
SNS-1001-P,AST-1001,Pressure,6.74,2025-04-19 00:09,6.5
SNS-1001-P,AST-1001,Pressure,7.09,2025-04-20 01:40,6.5
SNS-1001-P,AST-1001,Pressure,6.81,2025-04-21 05:15,6.5
SNS-1001-P,AST-1001,Pressure,6.4,2025-04-22 08:11,6.5
SNS-1001-P,AST-1001,Pressure,6.44,2025-04-23 11:06,6.5
SNS-1001-P,AST-1001,Pressure,6.8,2025-04-24 11:17,6.5
SNS-1001-P,AST-1001,Pressure,6.14,2025-04-25 03:21,6.5
SNS-1001-P,AST-1001,Pressure,6.46,2025-04-26 15:40,6.5
SNS-1001-P,AST-1001,Pressure,7.12,2025-04-27 13:36,6.5
SNS-1001-P,AST-1001,Pressure,6.66,2025-04-28 20:01,6.5
SNS-1001-P,AST-1001,Pressure,7.05,2025-04-29 04:34,6.5
SNS-1001-P,AST-1001,Pressure,6.4,2025-04-30 16:47,6.5
SNS-1001-P,AST-1001,Pressure,6.33,2025-05-01 03:27,6.5
SNS-1001-P,AST-1001,Pressure,6.99,2025-05-02 13:30,6.5
SNS-1001-P,AST-1001,Pressure,6.04,2025-05-03 02:25,6.5
SNS-1001-P,AST-1001,Pressure,6.66,2025-05-04 11:17,6.5
SNS-1001-P,AST-1001,Pressure,6.91,2025-05-05 04:06,6.5
SNS-1001-P,AST-1001,Pressure,6.8,2025-05-06 10:11,6.5
SNS-1001-P,AST-1001,Pressure,6.39,2025-05-07 12:43,6.5
SNS-1001-P,AST-1001,Pressure,6.8,2025-05-08 20:41,6.5
SNS-1001-P,AST-1001,Pressure,6.5,2025-05-09 18:49,6.5
SNS-1001-P,AST-1001,Pressure,6.52,2025-05-10 19:00,6.5
SNS-1001-P,AST-1001,Pressure,6.61,2025-05-11 21:45,6.5
SNS-1001-P,AST-1001,Pressure,7.14,2025-05-12 17:09,6.5
SNS-1001-P,AST-1001,Pressure,6.56,2025-05-13 10:39,6.5
SNS-1001-P,AST-1001,Pressure,6.83,2025-05-14 02:17,6.5
SNS-1001-P,AST-1001,Pressure,6.8,2025-05-15 20:32,6.5
SNS-1001-P,AST-1001,Pressure,7.02,2025-05-16 19:49,6.5
SNS-1001-P,AST-1001,Pressure,6.38,2025-05-17 07:01,6.5
SNS-1001-P,AST-1001,Pressure,7.01,2025-05-18 16:50,6.5
SNS-1001-P,AST-1001,Pressure,6.75,2025-05-19 02:03,6.5
SNS-1001-P,AST-1001,Pressure,6.37,2025-05-20 01:42,6.5
SNS-1001-P,AST-1001,Pressure,6.87,2025-05-21 22:52,6.5
SNS-1001-P,AST-1001,Pressure,6.61,2025-05-22 19:40,6.5
SNS-1001-P,AST-1001,Pressure,6.56,2025-05-23 13:29,6.5
SNS-1001-P,AST-1001,Pressure,6.49,2025-05-24 21:23,6.5
SNS-1001-P,AST-1001,Pressure,6.87,2025-05-25 18:13,6.5
SNS-1001-P,AST-1001,Pressure,6.73,2025-05-26 05:52,6.5
SNS-1001-P,AST-1001,Pressure,6.34,2025-05-27 11:56,6.5
SNS-1001-P,AST-1001,Pressure,6.81,2025-05-28 11:19,6.5
SNS-1001-P,AST-1001,Pressure,7.22,2025-05-29 07:42,6.5
SNS-1001-P,AST-1001,Pressure,6.83,2025-05-30 22:54,6.5
SNS-1001-P,AST-1001,Pressure,6.95,2025-05-31 19:25,6.5
SNS-1001-P,AST-1001,Pressure,7.01,2025-06-01 08:49,6.5
SNS-1001-P,AST-1001,Pressure,6.7,2025-06-02 00:11,6.5
SNS-1001-P,AST-1001,Pressure,6.4,2025-06-03 19:17,6.5
SNS-1001-P,AST-1001,Pressure,6.85,2025-06-04 17:56,6.5
SNS-1001-P,AST-1001,Pressure,6.89,2025-06-05 05:55,6.5
SNS-1001-P,AST-1001,Pressure,6.5,2025-06-06 11:50,6.5
SNS-1001-P,AST-1001,Pressure,6.83,2025-06-07 05:39,6.5
SNS-1001-P,AST-1001,Pressure,6.3,2025-06-08 18:01,6.5
SNS-1001-P,AST-1001,Pressure,6.84,2025-06-09 08:17,6.5
SNS-1001-P,AST-1001,Pressure,6.29,2025-06-10 06:43,6.5
SNS-1001-P,AST-1001,Pressure,6.45,2025-06-11 21:36,6.5
SNS-1001-P,AST-1001,Pressure,6.47,2025-06-12 05:55,6.5
SNS-1001-P,AST-1001,Pressure,7.1,2025-06-13 14:43,6.5
SNS-1001-P,AST-1001,Pressure,7.21,2025-06-14 16:28,6.5
SNS-1001-P,AST-1001,Pressure,6.54,2025-06-15 05:48,6.5
SNS-1001-P,AST-1001,Pressure,6.47,2025-06-16 01:50,6.5
SNS-1001-P,AST-1001,Pressure,7.43,2025-06-17 20:47,6.5
SNS-1001-P,AST-1001,Pressure,6.41,2025-06-18 07:10,6.5
SNS-1001-P,AST-1001,Pressure,6.62,2025-06-19 07:53,6.5
SNS-1001-P,AST-1001,Pressure,6.88,2025-06-20 20:47,6.5
SNS-1001-P,AST-1001,Pressure,6.88,2025-06-21 06:52,6.5
SNS-1001-P,AST-1001,Pressure,6.79,2025-06-22 14:02,6.5
SNS-1001-P,AST-1001,Pressure,7.19,2025-06-23 22:11,6.5
SNS-1001-P,AST-1001,Pressure,6.64,2025-06-24 07:40,6.5
SNS-1001-P,AST-1001,Pressure,6.91,2025-06-25 03:23,6.5
SNS-1001-P,AST-1001,Pressure,6.89,2025-06-26 12:52,6.5
SNS-1001-P,AST-1001,Pressure,6.55,2025-06-27 20:54,6.5
SNS-1001-P,AST-1001,Pressure,7.12,2025-06-28 01:20,6.5
SNS-1001-P,AST-1001,Pressure,6.88,2025-06-29 17:37,6.5
SNS-1001-P,AST-1001,Pressure,6.83,2025-06-30 17:01,6.5
SNS-1001-P,AST-1001,Pressure,6.54,2025-07-01 13:47,6.5
SNS-1001-P,AST-1001,Pressure,6.7,2025-07-02 16:09,6.5
SNS-1001-P,AST-1001,Pressure,7.01,2025-07-03 16:49,6.5
SNS-1001-P,AST-1001,Pressure,6.55,2025-07-04 00:42,6.5
SNS-1001-P,AST-1001,Pressure,6.52,2025-07-05 09:45,6.5
SNS-1001-P,AST-1001,Pressure,6.71,2025-07-06 22:30,6.5
SNS-1001-P,AST-1001,Pressure,6.59,2025-07-07 12:17,6.5
SNS-1001-P,AST-1001,Pressure,6.96,2025-07-08 13:32,6.5
SNS-1001-P,AST-1001,Pressure,6.84,2025-07-09 11:16,6.5
SNS-1001-P,AST-1001,Pressure,7.01,2025-07-10 13:43,6.5
SNS-1001-P,AST-1001,Pressure,6.56,2025-07-11 20:34,6.5
SNS-1001-P,AST-1001,Pressure,6.86,2025-07-12 20:15,6.5
SNS-1001-P,AST-1001,Pressure,6.58,2025-07-13 02:01,6.5
SNS-1001-P,AST-1001,Pressure,7.45,2025-07-14 07:00,6.5
SNS-1001-P,AST-1001,Pressure,7.08,2025-07-15 00:05,6.5
SNS-1001-P,AST-1001,Pressure,6.71,2025-07-16 13:03,6.5
SNS-1001-P,AST-1001,Pressure,6.35,2025-07-17 15:08,6.5
SNS-1001-P,AST-1001,Pressure,6.77,2025-07-18 04:06,6.5
SNS-1001-P,AST-1001,Pressure,6.97,2025-07-19 21:03,6.5
SNS-1001-P,AST-1001,Pressure,7.44,2025-07-20 18:10,6.5
SNS-1001-P,AST-1001,Pressure,6.74,2025-07-21 08:20,6.5
SNS-1001-P,AST-1001,Pressure,6.99,2025-07-22 16:34,6.5
SNS-1001-P,AST-1001,Pressure,7.25,2025-07-23 15:07,6.5
SNS-1001-P,AST-1001,Pressure,6.66,2025-07-24 00:54,6.5
SNS-1001-P,AST-1001,Pressure,6.32,2025-07-25 10:48,6.5
SNS-1001-P,AST-1001,Pressure,6.97,2025-07-26 15:56,6.5
SNS-1001-P,AST-1001,Pressure,7.26,2025-07-27 12:00,6.5
SNS-1001-P,AST-1001,Pressure,7.01,2025-07-28 19:57,6.5
SNS-1001-P,AST-1001,Pressure,6.73,2025-07-29 18:49,6.5
SNS-1001-P,AST-1001,Pressure,6.57,2025-07-30 19:17,6.5
SNS-1001-P,AST-1001,Pressure,7.34,2025-07-31 05:44,6.5
SNS-1001-P,AST-1001,Pressure,7.38,2025-08-01 21:37,6.5
SNS-1001-P,AST-1001,Pressure,7.19,2025-08-02 14:16,6.5
SNS-1001-P,AST-1001,Pressure,6.76,2025-08-03 11:40,6.5
SNS-1001-P,AST-1001,Pressure,6.52,2025-08-04 06:56,6.5
SNS-1001-P,AST-1001,Pressure,7.19,2025-08-05 03:50,6.5
SNS-1001-P,AST-1001,Pressure,7.05,2025-08-06 04:15,6.5
SNS-1001-P,AST-1001,Pressure,6.94,2025-08-07 07:22,6.5
SNS-1001-P,AST-1001,Pressure,7.43,2025-08-08 05:29,6.5
SNS-1001-P,AST-1001,Pressure,6.87,2025-08-09 14:28,6.5
SNS-1001-P,AST-1001,Pressure,7.2,2025-08-10 08:34,6.5
SNS-1001-P,AST-1001,Pressure,7.47,2025-08-11 14:56,6.5
SNS-1001-P,AST-1001,Pressure,7.39,2025-08-12 16:32,6.5
SNS-1001-P,AST-1001,Pressure,6.95,2025-08-13 09:07,6.5
SNS-1001-P,AST-1001,Pressure,6.64,2025-08-14 00:31,6.5
SNS-1001-P,AST-1001,Pressure,6.71,2025-08-15 19:27,6.5
SNS-1001-P,AST-1001,Pressure,7.23,2025-08-16 05:43,6.5
SNS-1001-P,AST-1001,Pressure,7.16,2025-08-17 05:51,6.5
SNS-1001-P,AST-1001,Pressure,6.81,2025-08-18 20:06,6.5
SNS-1001-P,AST-1001,Pressure,6.67,2025-08-19 11:07,6.5
SNS-1001-P,AST-1001,Pressure,7.28,2025-08-20 09:39,6.5
SNS-1001-P,AST-1001,Pressure,6.99,2025-08-21 00:33,6.5
SNS-1001-P,AST-1001,Pressure,7.35,2025-08-22 08:10,6.5
SNS-1001-P,AST-1001,Pressure,7.16,2025-08-23 13:45,6.5
SNS-1001-P,AST-1001,Pressure,7.06,2025-08-24 07:36,6.5
SNS-1001-P,AST-1001,Pressure,6.64,2025-08-25 09:44,6.5
SNS-1001-P,AST-1001,Pressure,6.98,2025-08-26 11:33,6.5
SNS-1001-P,AST-1001,Pressure,7.61,2025-08-27 21:28,6.5
SNS-1001-P,AST-1001,Pressure,7.08,2025-08-28 18:16,6.5
SNS-1001-P,AST-1001,Pressure,7.16,2025-08-29 20:57,6.5
SNS-1001-P,AST-1001,Pressure,6.97,2025-08-30 09:24,6.5
SNS-1001-P,AST-1001,Pressure,7.43,2025-08-31 11:02,6.5
SNS-1001-P,AST-1001,Pressure,6.9,2025-09-01 06:47,6.5
SNS-1001-P,AST-1001,Pressure,7.47,2025-09-02 15:35,6.5
SNS-1001-P,AST-1001,Pressure,7.38,2025-09-03 10:27,6.5
SNS-1001-P,AST-1001,Pressure,6.88,2025-09-04 22:02,6.5
SNS-1001-P,AST-1001,Pressure,7.21,2025-09-05 07:37,6.5
SNS-1001-P,AST-1001,Pressure,7.21,2025-09-06 02:42,6.5
SNS-1001-P,AST-1001,Pressure,6.88,2025-09-07 22:02,6.5
SNS-1001-P,AST-1001,Pressure,6.84,2025-09-08 22:52,6.5
SNS-1001-P,AST-1001,Pressure,7.1,2025-09-09 12:38,6.5
SNS-1001-P,AST-1001,Pressure,7.0,2025-09-10 22:58,6.5
SNS-1001-P,AST-1001,Pressure,7.03,2025-09-11 15:20,6.5
SNS-1001-P,AST-1001,Pressure,7.45,2025-09-12 21:51,6.5
SNS-1001-P,AST-1001,Pressure,7.36,2025-09-13 05:45,6.5
SNS-1001-P,AST-1001,Pressure,6.69,2025-09-14 20:07,6.5
SNS-1001-P,AST-1001,Pressure,7.33,2025-09-15 15:35,6.5
SNS-1001-P,AST-1001,Pressure,7.1,2025-09-16 00:53,6.5
SNS-1001-P,AST-1001,Pressure,7.06,2025-09-17 09:01,6.5
SNS-1001-P,AST-1001,Pressure,7.42,2025-09-18 17:26,6.5
SNS-1001-P,AST-1001,Pressure,6.98,2025-09-19 11:19,6.5
SNS-1001-P,AST-1001,Pressure,7.03,2025-09-20 03:40,6.5
SNS-1001-P,AST-1001,Pressure,7.43,2025-09-21 13:33,6.5
SNS-1001-P,AST-1001,Pressure,7.22,2025-09-22 06:41,6.5
SNS-1001-P,AST-1001,Pressure,7.31,2025-09-23 06:20,6.5
SNS-1001-P,AST-1001,Pressure,6.99,2025-09-24 02:39,6.5
SNS-1001-P,AST-1001,Pressure,7.15,2025-09-25 15:49,6.5
SNS-1001-P,AST-1001,Pressure,7.36,2025-09-26 06:47,6.5
SNS-1001-P,AST-1001,Pressure,6.46,2025-09-27 16:12,6.5
SNS-1001-P,AST-1001,Pressure,6.97,2025-09-28 10:43,6.5
SNS-1001-P,AST-1001,Pressure,6.85,2025-09-29 00:45,6.5
SNS-1001-P,AST-1001,Pressure,6.74,2025-09-30 20:50,6.5
SNS-1001-P,AST-1001,Pressure,7.64,2025-10-01 06:47,6.5
SNS-1001-P,AST-1001,Pressure,7.02,2025-10-02 21:52,6.5
SNS-1001-P,AST-1001,Pressure,7.23,2025-10-03 17:47,6.5
SNS-1001-P,AST-1001,Pressure,7.16,2025-10-04 10:06,6.5
SNS-1001-P,AST-1001,Pressure,6.7,2025-10-05 20:38,6.5
SNS-1001-P,AST-1001,Pressure,7.03,2025-10-06 14:19,6.5
SNS-1001-P,AST-1001,Pressure,7.6,2025-10-07 02:25,6.5
SNS-1001-P,AST-1001,Pressure,7.42,2025-10-08 00:14,6.5
SNS-1001-P,AST-1001,Pressure,7.19,2025-10-09 04:14,6.5
SNS-1001-P,AST-1001,Pressure,7.36,2025-10-10 07:16,6.5
SNS-1001-P,AST-1001,Pressure,7.04,2025-10-11 16:31,6.5
SNS-1001-P,AST-1001,Pressure,7.61,2025-10-12 20:26,6.5
SNS-1001-P,AST-1001,Pressure,7.06,2025-10-13 09:50,6.5
SNS-1001-P,AST-1001,Pressure,7.03,2025-10-14 05:33,6.5
SNS-1001-P,AST-1001,Pressure,7.02,2025-10-15 07:53,6.5
SNS-1001-P,AST-1001,Pressure,7.7,2025-10-16 05:47,6.5
SNS-1001-P,AST-1001,Pressure,7.09,2025-10-17 08:56,6.5
SNS-1001-P,AST-1001,Pressure,6.86,2025-10-18 15:07,6.5
SNS-1001-P,AST-1001,Pressure,7.17,2025-10-19 00:28,6.5
SNS-1001-P,AST-1001,Pressure,7.62,2025-10-20 19:35,6.5
SNS-1001-P,AST-1001,Pressure,7.01,2025-10-21 22:40,6.5
SNS-1001-P,AST-1001,Pressure,7.04,2025-10-22 19:01,6.5
SNS-1001-P,AST-1001,Pressure,7.18,2025-10-23 13:33,6.5
SNS-1001-P,AST-1001,Pressure,7.71,2025-10-24 07:36,6.5
SNS-1001-P,AST-1001,Pressure,7.24,2025-10-25 09:51,6.5
SNS-1001-P,AST-1001,Pressure,6.75,2025-10-26 12:41,6.5
SNS-1001-P,AST-1001,Pressure,6.82,2025-10-27 07:46,6.5
SNS-1001-P,AST-1001,Pressure,6.89,2025-10-28 04:52,6.5
SNS-1001-P,AST-1001,Pressure,7.08,2025-10-29 16:29,6.5
SNS-1001-P,AST-1001,Pressure,7.51,2025-10-30 11:42,6.5
SNS-1001-P,AST-1001,Pressure,7.83,2025-10-31 02:01,6.5
SNS-1001-P,AST-1001,Pressure,7.25,2025-11-01 14:38,6.5
SNS-1001-P,AST-1001,Pressure,7.32,2025-11-02 05:38,6.5
SNS-1001-P,AST-1001,Pressure,7.19,2025-11-03 19:17,6.5
SNS-1001-P,AST-1001,Pressure,4.94,2025-11-04 06:08,6.5
SNS-1001-P,AST-1001,Pressure,6.62,2025-11-05 09:19,6.5
SNS-1001-P,AST-1001,Pressure,7.4,2025-11-06 08:18,6.5
SNS-1001-P,AST-1001,Pressure,6.95,2025-11-07 01:11,6.5
SNS-1001-P,AST-1001,Pressure,7.6,2025-11-08 21:22,6.5
SNS-1001-P,AST-1001,Pressure,6.94,2025-11-09 01:18,6.5
SNS-1001-P,AST-1001,Pressure,7.55,2025-11-10 04:44,6.5
SNS-1001-P,AST-1001,Pressure,7.32,2025-11-11 11:33,6.5
SNS-1001-P,AST-1001,Pressure,7.22,2025-11-12 06:43,6.5
SNS-1001-P,AST-1001,Pressure,7.24,2025-11-13 20:20,6.5
SNS-1001-P,AST-1001,Pressure,7.4,2025-11-14 08:07,6.5
SNS-1001-P,AST-1001,Pressure,7.53,2025-11-15 10:47,6.5
SNS-1001-P,AST-1001,Pressure,8.07,2025-11-16 02:32,6.5
SNS-1001-P,AST-1001,Pressure,7.6,2025-11-17 03:41,6.5
SNS-1001-P,AST-1001,Pressure,7.52,2025-11-18 00:24,6.5
SNS-1001-P,AST-1001,Pressure,7.69,2025-11-19 13:53,6.5
SNS-1001-P,AST-1001,Pressure,6.96,2025-11-20 21:57,6.5
SNS-1001-P,AST-1001,Pressure,7.64,2025-11-21 22:36,6.5
SNS-1001-P,AST-1001,Pressure,7.25,2025-11-22 01:10,6.5
SNS-1001-P,AST-1001,Pressure,6.96,2025-11-23 16:20,6.5
SNS-1001-P,AST-1001,Pressure,7.75,2025-11-24 01:34,6.5
SNS-1001-P,AST-1001,Pressure,7.84,2025-11-25 09:23,6.5
SNS-1001-P,AST-1001,Pressure,7.37,2025-11-26 07:57,6.5
SNS-1001-P,AST-1001,Pressure,7.22,2025-11-27 19:26,6.5
SNS-1001-P,AST-1001,Pressure,7.57,2025-11-28 01:30,6.5
SNS-1001-P,AST-1001,Pressure,7.51,2025-11-29 14:01,6.5
SNS-1001-P,AST-1001,Pressure,7.47,2025-11-30 18:15,6.5
SNS-1001-P,AST-1001,Pressure,7.05,2025-12-01 04:10,6.5
SNS-1001-P,AST-1001,Pressure,7.54,2025-12-02 09:30,6.5
SNS-1001-P,AST-1001,Pressure,6.81,2025-12-03 13:23,6.5
SNS-1001-P,AST-1001,Pressure,7.28,2025-12-04 19:44,6.5
SNS-1001-P,AST-1001,Pressure,7.33,2025-12-05 16:12,6.5
SNS-1001-P,AST-1001,Pressure,7.69,2025-12-06 01:48,6.5
SNS-1001-P,AST-1001,Pressure,7.31,2025-12-07 14:47,6.5
SNS-1001-P,AST-1001,Pressure,7.67,2025-12-08 18:27,6.5
SNS-1001-P,AST-1001,Pressure,7.33,2025-12-09 18:48,6.5
SNS-1001-P,AST-1001,Pressure,7.55,2025-12-10 04:27,6.5
SNS-1001-P,AST-1001,Pressure,7.99,2025-12-11 01:50,6.5
SNS-1001-P,AST-1001,Pressure,7.2,2025-12-12 04:18,6.5
SNS-1001-P,AST-1001,Pressure,7.42,2025-12-13 03:47,6.5
SNS-1001-P,AST-1001,Pressure,6.81,2025-12-14 05:26,6.5
SNS-1001-P,AST-1001,Pressure,7.82,2025-12-15 18:36,6.5
SNS-1001-P,AST-1001,Pressure,7.38,2025-12-16 03:25,6.5
SNS-1001-P,AST-1001,Pressure,7.79,2025-12-17 08:10,6.5
SNS-1001-P,AST-1001,Pressure,7.16,2025-12-18 13:24,6.5
SNS-1001-P,AST-1001,Pressure,6.96,2025-12-19 19:15,6.5
SNS-1001-P,AST-1001,Pressure,7.37,2025-12-20 22:19,6.5
SNS-1001-P,AST-1001,Pressure,7.11,2025-12-21 02:56,6.5
SNS-1001-P,AST-1001,Pressure,7.41,2025-12-22 18:41,6.5
SNS-1001-P,AST-1001,Pressure,6.98,2025-12-23 22:29,6.5
SNS-1001-P,AST-1001,Pressure,8.01,2025-12-24 13:31,6.5
SNS-1001-P,AST-1001,Pressure,5.86,2025-12-25 00:30,6.5
SNS-1001-P,AST-1001,Pressure,7.28,2025-12-26 22:45,6.5
SNS-1001-P,AST-1001,Pressure,7.25,2025-12-27 17:22,6.5
SNS-1001-P,AST-1001,Pressure,7.57,2025-12-28 14:53,6.5
SNS-1001-P,AST-1001,Pressure,7.77,2025-12-29 16:00,6.5
SNS-1001-P,AST-1001,Pressure,7.23,2025-12-30 00:42,6.5
SNS-1001-P,AST-1001,Pressure,6.54,2025-12-31 07:42,6.5
SNS-1001-P,AST-1001,Pressure,7.33,2026-01-01 01:44,6.5
SNS-1001-P,AST-1001,Pressure,7.37,2026-01-02 13:15,6.5
SNS-1001-P,AST-1001,Pressure,7.16,2026-01-03 07:14,6.5
SNS-1001-P,AST-1001,Pressure,7.52,2026-01-04 16:54,6.5
SNS-1001-P,AST-1001,Pressure,7.27,2026-01-05 16:11,6.5
SNS-1001-P,AST-1001,Pressure,7.23,2026-01-06 15:44,6.5
SNS-1001-P,AST-1001,Pressure,7.5,2026-01-07 14:56,6.5
SNS-1001-P,AST-1001,Pressure,7.27,2026-01-08 22:05,6.5
SNS-1001-P,AST-1001,Pressure,7.17,2026-01-09 01:03,6.5
SNS-1001-P,AST-1001,Pressure,7.44,2026-01-10 12:46,6.5
SNS-1001-P,AST-1001,Pressure,7.5,2026-01-11 09:28,6.5
SNS-1001-P,AST-1001,Pressure,7.3,2026-01-12 00:08,6.5
SNS-1001-P,AST-1001,Pressure,7.08,2026-01-13 00:55,6.5
SNS-1001-P,AST-1001,Pressure,7.24,2026-01-14 09:08,6.5
SNS-1001-P,AST-1001,Pressure,7.57,2026-01-15 19:32,6.5
SNS-1001-P,AST-1001,Pressure,7.57,2026-01-16 15:46,6.5
SNS-1001-P,AST-1001,Pressure,7.41,2026-01-17 08:57,6.5
SNS-1001-P,AST-1001,Pressure,7.7,2026-01-18 03:24,6.5
SNS-1001-P,AST-1001,Pressure,7.31,2026-01-19 06:21,6.5
SNS-1001-P,AST-1001,Pressure,7.35,2026-01-20 15:06,6.5
SNS-1001-P,AST-1001,Pressure,6.98,2026-01-21 16:31,6.5
SNS-1001-P,AST-1001,Pressure,7.84,2026-01-22 02:23,6.5
SNS-1001-P,AST-1001,Pressure,6.94,2026-01-23 13:08,6.5
SNS-1001-P,AST-1001,Pressure,7.19,2026-01-24 16:39,6.5
SNS-1001-P,AST-1001,Pressure,7.11,2026-01-25 02:50,6.5
SNS-1001-P,AST-1001,Pressure,6.85,2026-01-26 18:49,6.5
SNS-1001-P,AST-1001,Pressure,7.66,2026-01-27 22:56,6.5
SNS-1001-P,AST-1001,Pressure,7.19,2026-01-28 22:33,6.5
SNS-1001-P,AST-1001,Pressure,7.31,2026-01-29 06:15,6.5
SNS-1001-P,AST-1001,Pressure,7.1,2026-01-30 15:46,6.5
SNS-1001-P,AST-1001,Pressure,7.9,2026-01-31 01:28,6.5
SNS-1001-P,AST-1001,Pressure,7.06,2026-02-01 10:10,6.5
SNS-1001-P,AST-1001,Pressure,7.18,2026-02-02 06:58,6.5
SNS-1001-P,AST-1001,Pressure,7.1,2026-02-03 06:12,6.5
SNS-1001-P,AST-1001,Pressure,7.01,2026-02-04 07:06,6.5
SNS-1001-P,AST-1001,Pressure,7.48,2026-02-05 12:18,6.5
SNS-1001-P,AST-1001,Pressure,7.22,2026-02-06 16:35,6.5
SNS-1001-P,AST-1001,Pressure,5.09,2026-02-07 19:09,6.5
SNS-1001-P,AST-1001,Pressure,6.86,2026-02-08 09:40,6.5
SNS-1001-P,AST-1001,Pressure,7.59,2026-02-09 09:53,6.5
SNS-1001-P,AST-1001,Pressure,6.98,2026-02-10 02:13,6.5
SNS-1001-P,AST-1001,Pressure,7.37,2026-02-11 00:35,6.5
SNS-1001-P,AST-1001,Pressure,6.97,2026-02-12 19:16,6.5
SNS-1001-P,AST-1001,Pressure,7.7,2026-02-13 00:24,6.5
SNS-1001-P,AST-1001,Pressure,7.73,2026-02-14 18:47,6.5
SNS-1001-P,AST-1001,Pressure,8.04,2026-02-15 19:25,6.5
SNS-1001-P,AST-1001,Pressure,7.1,2026-02-16 06:31,6.5
SNS-1001-P,AST-1001,Pressure,6.75,2026-02-17 16:12,6.5
SNS-1001-P,AST-1001,Pressure,6.84,2026-02-18 09:13,6.5
SNS-1001-P,AST-1001,Pressure,6.83,2026-02-19 12:12,6.5
SNS-1001-P,AST-1001,Pressure,7.73,2026-02-20 20:25,6.5
SNS-1001-P,AST-1001,Pressure,7.23,2026-02-21 12:32,6.5
SNS-1001-P,AST-1001,Pressure,7.35,2026-02-22 04:14,6.5
SNS-1001-P,AST-1001,Pressure,7.37,2026-02-23 01:19,6.5
SNS-1001-P,AST-1001,Pressure,7.04,2026-02-24 16:31,6.5
SNS-1001-P,AST-1001,Pressure,7.23,2026-02-25 07:34,6.5
SNS-1001-P,AST-1001,Pressure,7.51,2026-02-26 01:13,6.5
SNS-1001-P,AST-1001,Pressure,7.29,2026-02-27 06:00,6.5
SNS-1001-P,AST-1001,Pressure,6.99,2026-02-28 13:56,6.5
SNS-1001-P,AST-1001,Pressure,7.14,2026-03-01 21:48,6.5
SNS-1001-P,AST-1001,Pressure,8.12,2026-03-02 05:15,6.5
SNS-1001-P,AST-1001,Pressure,7.89,2026-03-03 01:42,6.5
SNS-1001-P,AST-1001,Pressure,7.39,2026-03-04 06:39,6.5
SNS-1001-P,AST-1001,Pressure,7.67,2026-03-05 12:40,6.5
SNS-1001-P,AST-1001,Pressure,7.33,2026-03-06 11:18,6.5
SNS-1001-P,AST-1001,Pressure,7.15,2026-03-07 19:42,6.5
SNS-1001-P,AST-1001,Pressure,7.6,2026-03-08 04:21,6.5
SNS-1001-P,AST-1001,Pressure,7.14,2026-03-09 05:26,6.5
SNS-1001-P,AST-1001,Pressure,7.22,2026-03-10 22:23,6.5
SNS-1001-P,AST-1001,Pressure,7.9,2026-03-11 09:03,6.5
SNS-1001-P,AST-1001,Pressure,7.85,2026-03-12 11:08,6.5
SNS-1001-P,AST-1001,Pressure,7.46,2026-03-13 05:10,6.5
SNS-1001-P,AST-1001,Pressure,7.14,2026-03-14 19:13,6.5
SNS-1001-P,AST-1001,Pressure,7.07,2026-03-15 00:39,6.5
SNS-1001-P,AST-1001,Pressure,7.2,2026-03-16 20:09,6.5
SNS-1001-P,AST-1001,Pressure,7.57,2026-03-17 09:10,6.5
SNS-1001-P,AST-1001,Pressure,7.58,2026-03-18 06:32,6.5
SNS-1001-P,AST-1001,Pressure,7.58,2026-03-19 22:13,6.5
SNS-1001-P,AST-1001,Pressure,7.36,2026-03-20 07:08,6.5
SNS-1001-P,AST-1001,Pressure,7.27,2026-03-21 13:27,6.5
SNS-1001-P,AST-1001,Pressure,7.64,2026-03-22 16:05,6.5
SNS-1001-P,AST-1001,Pressure,7.62,2026-03-23 03:42,6.5
SNS-1001-P,AST-1001,Pressure,7.5,2026-03-24 09:08,6.5
SNS-1001-P,AST-1001,Pressure,7.08,2026-03-25 17:15,6.5
SNS-1001-P,AST-1001,Pressure,7.41,2026-03-26 22:40,6.5
SNS-1001-P,AST-1001,Pressure,7.32,2026-03-27 00:07,6.5
SNS-1001-P,AST-1001,Pressure,7.76,2026-03-28 09:49,6.5
SNS-1001-P,AST-1001,Pressure,7.8,2026-03-29 13:21,6.5
SNS-1001-P,AST-1001,Pressure,7.03,2026-03-30 07:04,6.5
SNS-1001-P,AST-1001,Pressure,7.72,2026-03-31 09:15,6.5
SNS-1001-P,AST-1001,Pressure,7.02,2026-04-01 09:42,6.5
SNS-1001-P,AST-1001,Pressure,7.63,2026-04-02 11:34,6.5
SNS-1001-P,AST-1001,Pressure,7.43,2026-04-03 01:33,6.5
SNS-1001-P,AST-1001,Pressure,7.29,2026-04-04 00:43,6.5
SNS-1001-P,AST-1001,Pressure,7.6,2026-04-05 15:25,6.5
SNS-1001-P,AST-1001,Pressure,7.28,2026-04-06 11:07,6.5
SNS-1001-P,AST-1001,Pressure,7.42,2026-04-07 01:33,6.5
SNS-1001-P,AST-1001,Pressure,7.47,2026-04-08 19:36,6.5
SNS-1001-P,AST-1001,Pressure,8.15,2026-04-09 15:24,6.5
SNS-1001-P,AST-1001,Pressure,8.02,2026-04-10 21:07,6.5
SNS-1001-P,AST-1001,Pressure,7.69,2026-04-11 00:54,6.5
SNS-1001-P,AST-1001,Pressure,7.1,2026-04-12 13:26,6.5
SNS-1001-P,AST-1001,Pressure,7.0,2026-04-13 07:47,6.5
SNS-1001-P,AST-1001,Pressure,7.78,2026-04-14 07:05,6.5
SNS-1001-P,AST-1001,Pressure,7.73,2026-04-15 19:57,6.5
SNS-1001-P,AST-1001,Pressure,7.37,2026-04-16 07:34,6.5
SNS-1001-P,AST-1001,Pressure,7.45,2026-04-17 21:21,6.5
SNS-1001-P,AST-1001,Pressure,7.47,2026-04-18 13:36,6.5
SNS-1001-P,AST-1001,Pressure,7.48,2026-04-19 14:32,6.5
SNS-1001-P,AST-1001,Pressure,7.59,2026-04-20 01:28,6.5
SNS-1001-P,AST-1001,Pressure,7.56,2026-04-21 19:26,6.5
SNS-1001-P,AST-1001,Pressure,7.76,2026-04-22 14:48,6.5
SNS-1001-P,AST-1001,Pressure,8.24,2026-04-23 13:35,6.5
SNS-1001-P,AST-1001,Pressure,7.45,2026-04-24 03:39,6.5
SNS-1001-P,AST-1001,Pressure,7.55,2026-04-25 14:05,6.5
SNS-1001-P,AST-1001,Pressure,7.4,2026-04-26 10:23,6.5
SNS-1001-P,AST-1001,Pressure,7.74,2026-04-27 21:17,6.5
SNS-1001-P,AST-1001,Pressure,7.59,2026-04-28 05:34,6.5
SNS-1001-P,AST-1001,Pressure,7.62,2026-04-29 18:00,6.5
SNS-1001-P,AST-1001,Pressure,6.91,2026-04-30 14:50,6.5
SNS-1001-P,AST-1001,Pressure,7.72,2026-05-01 19:15,6.5
SNS-1001-P,AST-1001,Pressure,6.66,2026-05-02 12:39,6.5
SNS-1001-P,AST-1001,Pressure,7.83,2026-05-03 16:33,6.5
SNS-1001-P,AST-1001,Pressure,7.03,2026-05-04 09:32,6.5
SNS-1001-P,AST-1001,Pressure,7.7,2026-05-05 16:37,6.5
SNS-1001-P,AST-1001,Pressure,7.86,2026-05-06 14:32,6.5
SNS-1001-P,AST-1001,Pressure,7.28,2026-05-07 16:22,6.5
SNS-1001-P,AST-1001,Pressure,7.06,2026-05-08 07:28,6.5
SNS-1001-P,AST-1001,Pressure,7.68,2026-05-09 11:09,6.5
SNS-1001-P,AST-1001,Pressure,8.05,2026-05-10 14:20,6.5
SNS-1001-P,AST-1001,Pressure,7.58,2026-05-11 13:29,6.5
SNS-1001-P,AST-1001,Pressure,7.03,2026-05-12 01:03,6.5
SNS-1001-P,AST-1001,Pressure,7.72,2026-05-13 01:06,6.5
SNS-1001-P,AST-1001,Pressure,7.16,2026-05-14 11:18,6.5
SNS-1001-P,AST-1001,Pressure,7.8,2026-05-15 08:33,6.5
SNS-1001-P,AST-1001,Pressure,6.98,2026-05-16 08:49,6.5
SNS-1001-P,AST-1001,Pressure,7.27,2026-05-17 16:06,6.5
SNS-1001-P,AST-1001,Pressure,7.69,2026-05-18 03:18,6.5
SNS-1001-P,AST-1001,Pressure,7.76,2026-05-19 05:26,6.5
SNS-1001-P,AST-1001,Pressure,7.53,2026-05-20 21:30,6.5
SNS-1001-P,AST-1001,Pressure,7.44,2026-05-21 12:02,6.5
SNS-1001-P,AST-1001,Pressure,7.78,2026-05-22 19:13,6.5
SNS-1001-P,AST-1001,Pressure,7.03,2026-05-23 04:54,6.5
SNS-1001-P,AST-1001,Pressure,7.69,2026-05-24 11:27,6.5
SNS-1001-P,AST-1001,Pressure,7.73,2026-05-25 11:01,6.5
SNS-1001-P,AST-1001,Pressure,7.44,2026-05-26 08:43,6.5
SNS-1001-P,AST-1001,Pressure,8.04,2026-05-27 17:42,6.5
SNS-1001-P,AST-1001,Pressure,7.41,2026-05-28 07:44,6.5
SNS-1001-P,AST-1001,Pressure,7.26,2026-05-29 03:23,6.5
SNS-1001-P,AST-1001,Pressure,7.24,2026-05-30 11:41,6.5
SNS-1001-P,AST-1001,Pressure,8.2,2026-05-31 20:17,6.5
SNS-1001-P,AST-1001,Pressure,7.96,2026-06-01 07:42,6.5
SNS-1001-P,AST-1001,Pressure,7.04,2026-06-02 06:08,6.5
SNS-1001-P,AST-1001,Pressure,7.44,2026-06-03 21:31,6.5
SNS-1001-P,AST-1001,Pressure,7.81,2026-06-04 10:19,6.5
SNS-1001-P,AST-1001,Pressure,8.35,2026-06-05 21:50,6.5
SNS-1001-P,AST-1001,Pressure,7.45,2026-06-06 10:38,6.5
SNS-1001-P,AST-1001,Pressure,7.56,2026-06-07 09:35,6.5
SNS-1001-P,AST-1001,Pressure,7.89,2026-06-08 21:14,6.5
SNS-1001-P,AST-1001,Pressure,7.68,2026-06-09 17:32,6.5
SNS-1001-P,AST-1001,Pressure,8.14,2026-06-10 07:28,6.5
SNS-1001-P,AST-1001,Pressure,7.23,2026-06-11 22:30,6.5
SNS-1001-P,AST-1001,Pressure,8.16,2026-06-12 09:20,6.5
SNS-1001-P,AST-1001,Pressure,7.17,2026-06-13 12:29,6.5
SNS-1001-P,AST-1001,Pressure,7.16,2026-06-14 11:09,6.5
SNS-1001-P,AST-1001,Pressure,8.16,2026-06-15 20:37,6.5
SNS-1001-P,AST-1001,Pressure,7.99,2026-06-16 08:56,6.5
SNS-1001-P,AST-1001,Pressure,7.77,2026-06-17 06:16,6.5
SNS-1001-P,AST-1001,Pressure,7.77,2026-06-18 19:01,6.5
SNS-1001-P,AST-1001,Pressure,7.63,2026-06-19 05:47,6.5
SNS-1001-P,AST-1001,Pressure,7.58,2026-06-20 00:25,6.5
SNS-1001-P,AST-1001,Pressure,7.41,2026-06-21 16:42,6.5
SNS-1001-P,AST-1001,Pressure,7.63,2026-06-22 00:56,6.5
SNS-1001-P,AST-1001,Pressure,7.83,2026-06-23 16:56,6.5
SNS-1001-P,AST-1001,Pressure,7.83,2026-06-24 13:55,6.5
SNS-1001-P,AST-1001,Pressure,8.34,2026-06-25 21:04,6.5
SNS-1001-P,AST-1001,Pressure,7.35,2026-06-26 15:46,6.5
SNS-1001-P,AST-1001,Pressure,7.97,2026-06-27 01:23,6.5
SNS-1001-P,AST-1001,Pressure,7.78,2026-06-28 07:31,6.5
SNS-1001-P,AST-1001,Pressure,7.99,2026-06-29 20:54,6.5
SNS-1001-P,AST-1001,Pressure,8.46,2026-06-30 20:22,6.5
SNS-1001-P,AST-1001,Pressure,7.69,2026-07-01 21:26,6.5
SNS-1001-P,AST-1001,Pressure,8.26,2026-07-02 08:01,6.5
SNS-1001-P,AST-1001,Pressure,7.75,2026-07-03 07:41,6.5
SNS-1001-P,AST-1001,Pressure,7.47,2026-07-04 16:29,6.5
SNS-1001-P,AST-1001,Pressure,7.76,2026-07-05 04:18,6.5
SNS-1001-P,AST-1001,Pressure,8.03,2026-07-06 14:14,6.5
SNS-1001-P,AST-1001,Pressure,8.08,2026-07-07 05:09,6.5
SNS-1001-P,AST-1001,Pressure,7.55,2026-07-08 02:26,6.5
SNS-1001-P,AST-1001,Pressure,8.38,2026-07-09 18:02,6.5
SNS-1001-P,AST-1001,Pressure,7.81,2026-07-10 06:08,6.5
SNS-1001-P,AST-1001,Pressure,7.49,2026-07-11 15:22,6.5
SNS-1001-P,AST-1001,Pressure,7.46,2026-07-12 07:17,6.5
SNS-1001-P,AST-1001,Pressure,7.68,2026-07-13 09:55,6.5
SNS-1001-P,AST-1001,Pressure,7.82,2026-07-14 02:49,6.5
SNS-1001-P,AST-1001,Pressure,8.02,2026-07-15 09:13,6.5
SNS-1001-P,AST-1001,Pressure,8.26,2026-07-16 12:31,6.5
SNS-1001-P,AST-1001,Pressure,8.01,2026-07-17 20:47,6.5
SNS-1001-P,AST-1001,Pressure,7.86,2026-07-18 02:15,6.5
SNS-1001-P,AST-1001,Pressure,8.2,2026-07-19 17:08,6.5
SNS-1001-P,AST-1001,Pressure,7.83,2026-07-20 16:09,6.5
SNS-1001-P,AST-1001,Pressure,7.46,2026-07-21 16:21,6.5
SNS-1001-P,AST-1001,Pressure,7.6,2026-07-22 02:47,6.5
SNS-1001-P,AST-1001,Pressure,8.29,2026-07-23 04:52,6.5
SNS-1001-P,AST-1001,Pressure,7.48,2026-07-24 09:10,6.5
SNS-1001-P,AST-1001,Pressure,7.68,2026-07-25 16:45,6.5
SNS-1002-T,AST-1002,Temperature,26.67,2024-07-25 16:22,28.0
SNS-1002-T,AST-1002,Temperature,28.68,2024-07-26 07:27,28.0
SNS-1002-T,AST-1002,Temperature,26.55,2024-07-27 12:49,28.0
SNS-1002-T,AST-1002,Temperature,28.48,2024-07-28 02:20,28.0
SNS-1002-T,AST-1002,Temperature,29.12,2024-07-29 04:04,28.0
SNS-1002-T,AST-1002,Temperature,28.69,2024-07-30 19:40,28.0
SNS-1002-T,AST-1002,Temperature,28.61,2024-07-31 19:24,28.0
SNS-1002-T,AST-1002,Temperature,27.33,2024-08-01 12:47,28.0
SNS-1002-T,AST-1002,Temperature,27.02,2024-08-02 13:46,28.0
SNS-1002-T,AST-1002,Temperature,29.07,2024-08-03 20:17,28.0
SNS-1002-T,AST-1002,Temperature,26.83,2024-08-04 06:34,28.0
SNS-1002-T,AST-1002,Temperature,28.87,2024-08-05 20:15,28.0
SNS-1002-T,AST-1002,Temperature,25.43,2024-08-06 12:55,28.0
SNS-1002-T,AST-1002,Temperature,27.21,2024-08-07 00:27,28.0
SNS-1002-T,AST-1002,Temperature,29.86,2024-08-08 00:40,28.0
SNS-1002-T,AST-1002,Temperature,28.77,2024-08-09 03:24,28.0
SNS-1002-T,AST-1002,Temperature,26.04,2024-08-10 12:11,28.0
SNS-1002-T,AST-1002,Temperature,26.69,2024-08-11 17:06,28.0
SNS-1002-T,AST-1002,Temperature,28.22,2024-08-12 01:35,28.0
SNS-1002-T,AST-1002,Temperature,28.43,2024-08-13 21:32,28.0
SNS-1002-T,AST-1002,Temperature,26.14,2024-08-14 09:55,28.0
SNS-1002-T,AST-1002,Temperature,27.33,2024-08-15 09:48,28.0
SNS-1002-T,AST-1002,Temperature,29.35,2024-08-16 04:41,28.0
SNS-1002-T,AST-1002,Temperature,27.0,2024-08-17 16:13,28.0
SNS-1002-T,AST-1002,Temperature,33.72,2024-08-18 08:42,28.0
SNS-1002-T,AST-1002,Temperature,28.29,2024-08-19 03:08,28.0
SNS-1002-T,AST-1002,Temperature,28.05,2024-08-20 20:16,28.0
SNS-1002-T,AST-1002,Temperature,25.89,2024-08-21 15:48,28.0
SNS-1002-T,AST-1002,Temperature,27.26,2024-08-22 22:04,28.0
SNS-1002-T,AST-1002,Temperature,27.52,2024-08-23 10:15,28.0
SNS-1002-T,AST-1002,Temperature,30.67,2024-08-24 16:16,28.0
SNS-1002-T,AST-1002,Temperature,27.7,2024-08-25 02:09,28.0
SNS-1002-T,AST-1002,Temperature,29.4,2024-08-26 13:38,28.0
SNS-1002-T,AST-1002,Temperature,27.44,2024-08-27 15:39,28.0
SNS-1002-T,AST-1002,Temperature,28.11,2024-08-28 00:44,28.0
SNS-1002-T,AST-1002,Temperature,31.06,2024-08-29 16:09,28.0
SNS-1002-T,AST-1002,Temperature,28.41,2024-08-30 13:34,28.0
SNS-1002-T,AST-1002,Temperature,31.09,2024-08-31 21:57,28.0
SNS-1002-T,AST-1002,Temperature,27.52,2024-09-01 21:10,28.0
SNS-1002-T,AST-1002,Temperature,27.58,2024-09-02 03:17,28.0
SNS-1002-T,AST-1002,Temperature,28.53,2024-09-03 05:14,28.0
SNS-1002-T,AST-1002,Temperature,26.77,2024-09-04 05:28,28.0
SNS-1002-T,AST-1002,Temperature,29.41,2024-09-05 19:16,28.0
SNS-1002-T,AST-1002,Temperature,27.72,2024-09-06 03:21,28.0
SNS-1002-T,AST-1002,Temperature,25.79,2024-09-07 22:09,28.0
SNS-1002-T,AST-1002,Temperature,27.55,2024-09-08 13:39,28.0
SNS-1002-T,AST-1002,Temperature,27.56,2024-09-09 01:04,28.0
SNS-1002-T,AST-1002,Temperature,27.61,2024-09-10 03:02,28.0
SNS-1002-T,AST-1002,Temperature,27.31,2024-09-11 09:26,28.0
SNS-1002-T,AST-1002,Temperature,27.24,2024-09-12 21:14,28.0
SNS-1002-T,AST-1002,Temperature,29.96,2024-09-13 06:29,28.0
SNS-1002-T,AST-1002,Temperature,28.87,2024-09-14 13:14,28.0
SNS-1002-T,AST-1002,Temperature,28.77,2024-09-15 16:00,28.0
SNS-1002-T,AST-1002,Temperature,29.89,2024-09-16 07:51,28.0
SNS-1002-T,AST-1002,Temperature,28.22,2024-09-17 04:40,28.0
SNS-1002-T,AST-1002,Temperature,30.08,2024-09-18 05:09,28.0
SNS-1002-T,AST-1002,Temperature,27.38,2024-09-19 09:19,28.0
SNS-1002-T,AST-1002,Temperature,27.64,2024-09-20 10:45,28.0
SNS-1002-T,AST-1002,Temperature,28.34,2024-09-21 10:13,28.0
SNS-1002-T,AST-1002,Temperature,29.63,2024-09-22 21:03,28.0
SNS-1002-T,AST-1002,Temperature,29.74,2024-09-23 04:53,28.0
SNS-1002-T,AST-1002,Temperature,30.29,2024-09-24 11:21,28.0
SNS-1002-T,AST-1002,Temperature,28.64,2024-09-25 00:14,28.0
SNS-1002-T,AST-1002,Temperature,28.56,2024-09-26 09:26,28.0
SNS-1002-T,AST-1002,Temperature,28.49,2024-09-27 19:41,28.0
SNS-1002-T,AST-1002,Temperature,27.55,2024-09-28 09:16,28.0
SNS-1002-T,AST-1002,Temperature,27.92,2024-09-29 21:22,28.0
SNS-1002-T,AST-1002,Temperature,30.17,2024-09-30 05:58,28.0
SNS-1002-T,AST-1002,Temperature,28.88,2024-10-01 19:40,28.0
SNS-1002-T,AST-1002,Temperature,29.16,2024-10-02 18:54,28.0
SNS-1002-T,AST-1002,Temperature,28.25,2024-10-03 18:46,28.0
SNS-1002-T,AST-1002,Temperature,29.25,2024-10-04 11:09,28.0
SNS-1002-T,AST-1002,Temperature,27.3,2024-10-05 19:58,28.0
SNS-1002-T,AST-1002,Temperature,28.98,2024-10-06 21:28,28.0
SNS-1002-T,AST-1002,Temperature,26.21,2024-10-07 21:22,28.0
SNS-1002-T,AST-1002,Temperature,28.4,2024-10-08 20:21,28.0
SNS-1002-T,AST-1002,Temperature,28.91,2024-10-09 02:03,28.0
SNS-1002-T,AST-1002,Temperature,30.5,2024-10-10 13:30,28.0
SNS-1002-T,AST-1002,Temperature,26.44,2024-10-11 14:25,28.0
SNS-1002-T,AST-1002,Temperature,27.28,2024-10-12 13:28,28.0
SNS-1002-T,AST-1002,Temperature,28.31,2024-10-13 16:04,28.0
SNS-1002-T,AST-1002,Temperature,28.54,2024-10-14 05:00,28.0
SNS-1002-T,AST-1002,Temperature,29.25,2024-10-15 02:38,28.0
SNS-1002-T,AST-1002,Temperature,29.91,2024-10-16 20:30,28.0
SNS-1002-T,AST-1002,Temperature,27.7,2024-10-17 09:12,28.0
SNS-1002-T,AST-1002,Temperature,28.63,2024-10-18 20:29,28.0
SNS-1002-T,AST-1002,Temperature,26.88,2024-10-19 21:51,28.0
SNS-1002-T,AST-1002,Temperature,27.22,2024-10-20 14:24,28.0
SNS-1002-T,AST-1002,Temperature,28.6,2024-10-21 11:01,28.0
SNS-1002-T,AST-1002,Temperature,28.25,2024-10-22 18:07,28.0
SNS-1002-T,AST-1002,Temperature,28.79,2024-10-23 17:15,28.0
SNS-1002-T,AST-1002,Temperature,28.04,2024-10-24 13:07,28.0
SNS-1002-T,AST-1002,Temperature,27.44,2024-10-25 06:49,28.0
SNS-1002-T,AST-1002,Temperature,29.67,2024-10-26 16:30,28.0
SNS-1002-T,AST-1002,Temperature,28.02,2024-10-27 09:45,28.0
SNS-1002-T,AST-1002,Temperature,27.03,2024-10-28 19:38,28.0
SNS-1002-T,AST-1002,Temperature,25.83,2024-10-29 15:37,28.0
SNS-1002-T,AST-1002,Temperature,26.99,2024-10-30 13:58,28.0
SNS-1002-T,AST-1002,Temperature,30.1,2024-10-31 01:04,28.0
SNS-1002-T,AST-1002,Temperature,19.62,2024-11-01 21:52,28.0
SNS-1002-T,AST-1002,Temperature,28.81,2024-11-02 14:44,28.0
SNS-1002-T,AST-1002,Temperature,27.74,2024-11-03 09:46,28.0
SNS-1002-T,AST-1002,Temperature,30.01,2024-11-04 12:58,28.0
SNS-1002-T,AST-1002,Temperature,30.56,2024-11-05 09:41,28.0
SNS-1002-T,AST-1002,Temperature,26.88,2024-11-06 12:45,28.0
SNS-1002-T,AST-1002,Temperature,28.11,2024-11-07 11:00,28.0
SNS-1002-T,AST-1002,Temperature,28.59,2024-11-08 11:33,28.0
SNS-1002-T,AST-1002,Temperature,28.84,2024-11-09 21:46,28.0
SNS-1002-T,AST-1002,Temperature,29.32,2024-11-10 03:39,28.0
SNS-1002-T,AST-1002,Temperature,30.29,2024-11-11 14:58,28.0
SNS-1002-T,AST-1002,Temperature,28.93,2024-11-12 02:48,28.0
SNS-1002-T,AST-1002,Temperature,29.55,2024-11-13 16:35,28.0
SNS-1002-T,AST-1002,Temperature,27.71,2024-11-14 08:20,28.0
SNS-1002-T,AST-1002,Temperature,30.15,2024-11-15 04:29,28.0
SNS-1002-T,AST-1002,Temperature,29.43,2024-11-16 10:31,28.0
SNS-1002-T,AST-1002,Temperature,29.4,2024-11-17 20:09,28.0
SNS-1002-T,AST-1002,Temperature,29.96,2024-11-18 02:00,28.0
SNS-1002-T,AST-1002,Temperature,28.21,2024-11-19 18:50,28.0
SNS-1002-T,AST-1002,Temperature,29.09,2024-11-20 06:41,28.0
SNS-1002-T,AST-1002,Temperature,28.28,2024-11-21 08:34,28.0
SNS-1002-T,AST-1002,Temperature,27.42,2024-11-22 14:57,28.0
SNS-1002-T,AST-1002,Temperature,28.67,2024-11-23 11:04,28.0
SNS-1002-T,AST-1002,Temperature,27.77,2024-11-24 07:09,28.0
SNS-1002-T,AST-1002,Temperature,28.62,2024-11-25 18:40,28.0
SNS-1002-T,AST-1002,Temperature,29.96,2024-11-26 09:11,28.0
SNS-1002-T,AST-1002,Temperature,28.7,2024-11-27 04:35,28.0
SNS-1002-T,AST-1002,Temperature,26.32,2024-11-28 01:21,28.0
SNS-1002-T,AST-1002,Temperature,29.03,2024-11-29 13:21,28.0
SNS-1002-T,AST-1002,Temperature,30.58,2024-11-30 01:39,28.0
SNS-1002-T,AST-1002,Temperature,28.65,2024-12-01 06:42,28.0
SNS-1002-T,AST-1002,Temperature,28.68,2024-12-02 18:42,28.0
SNS-1002-T,AST-1002,Temperature,27.9,2024-12-03 15:49,28.0
SNS-1002-T,AST-1002,Temperature,28.83,2024-12-04 00:22,28.0
SNS-1002-T,AST-1002,Temperature,28.71,2024-12-05 09:49,28.0
SNS-1002-T,AST-1002,Temperature,34.54,2024-12-06 08:01,28.0
SNS-1002-T,AST-1002,Temperature,28.91,2024-12-07 03:15,28.0
SNS-1002-T,AST-1002,Temperature,27.83,2024-12-08 08:53,28.0
SNS-1002-T,AST-1002,Temperature,28.95,2024-12-09 12:37,28.0
SNS-1002-T,AST-1002,Temperature,26.21,2024-12-10 13:38,28.0
SNS-1002-T,AST-1002,Temperature,29.71,2024-12-11 13:57,28.0
SNS-1002-T,AST-1002,Temperature,29.29,2024-12-12 21:22,28.0
SNS-1002-T,AST-1002,Temperature,29.07,2024-12-13 18:39,28.0
SNS-1002-T,AST-1002,Temperature,29.95,2024-12-14 01:49,28.0
SNS-1002-T,AST-1002,Temperature,27.14,2024-12-15 10:33,28.0
SNS-1002-T,AST-1002,Temperature,28.16,2024-12-16 12:20,28.0
SNS-1002-T,AST-1002,Temperature,28.08,2024-12-17 16:47,28.0
SNS-1002-T,AST-1002,Temperature,30.07,2024-12-18 22:46,28.0
SNS-1002-T,AST-1002,Temperature,36.39,2024-12-19 16:06,28.0
SNS-1002-T,AST-1002,Temperature,28.86,2024-12-20 03:03,28.0
SNS-1002-T,AST-1002,Temperature,28.27,2024-12-21 11:48,28.0
SNS-1002-T,AST-1002,Temperature,27.54,2024-12-22 14:20,28.0
SNS-1002-T,AST-1002,Temperature,26.42,2024-12-23 20:32,28.0
SNS-1002-T,AST-1002,Temperature,29.41,2024-12-24 06:01,28.0
SNS-1002-T,AST-1002,Temperature,28.09,2024-12-25 10:48,28.0
SNS-1002-T,AST-1002,Temperature,29.92,2024-12-26 19:52,28.0
SNS-1002-T,AST-1002,Temperature,28.17,2024-12-27 08:19,28.0
SNS-1002-T,AST-1002,Temperature,29.01,2024-12-28 13:28,28.0
SNS-1002-T,AST-1002,Temperature,29.82,2024-12-29 20:43,28.0
SNS-1002-T,AST-1002,Temperature,29.13,2024-12-30 07:29,28.0
SNS-1002-T,AST-1002,Temperature,27.85,2024-12-31 04:01,28.0
SNS-1002-T,AST-1002,Temperature,28.0,2025-01-01 00:43,28.0
SNS-1002-T,AST-1002,Temperature,28.64,2025-01-02 00:58,28.0
SNS-1002-T,AST-1002,Temperature,29.19,2025-01-03 20:38,28.0
SNS-1002-T,AST-1002,Temperature,29.17,2025-01-04 12:05,28.0
SNS-1002-T,AST-1002,Temperature,27.89,2025-01-05 03:13,28.0
SNS-1002-T,AST-1002,Temperature,30.08,2025-01-06 05:00,28.0
SNS-1002-T,AST-1002,Temperature,28.64,2025-01-07 22:47,28.0
SNS-1002-T,AST-1002,Temperature,29.32,2025-01-08 12:28,28.0
SNS-1002-T,AST-1002,Temperature,28.11,2025-01-09 17:31,28.0
SNS-1002-T,AST-1002,Temperature,26.86,2025-01-10 13:13,28.0
SNS-1002-T,AST-1002,Temperature,27.17,2025-01-11 15:40,28.0
SNS-1002-T,AST-1002,Temperature,28.22,2025-01-12 21:47,28.0
SNS-1002-T,AST-1002,Temperature,30.17,2025-01-13 06:57,28.0
SNS-1002-T,AST-1002,Temperature,27.14,2025-01-14 01:57,28.0
SNS-1002-T,AST-1002,Temperature,27.38,2025-01-15 12:38,28.0
SNS-1002-T,AST-1002,Temperature,27.53,2025-01-16 16:24,28.0
SNS-1002-T,AST-1002,Temperature,28.14,2025-01-17 05:13,28.0
SNS-1002-T,AST-1002,Temperature,27.65,2025-01-18 19:22,28.0
SNS-1002-T,AST-1002,Temperature,26.85,2025-01-19 16:14,28.0
SNS-1002-T,AST-1002,Temperature,28.34,2025-01-20 16:13,28.0
SNS-1002-T,AST-1002,Temperature,28.16,2025-01-21 11:18,28.0
SNS-1002-T,AST-1002,Temperature,27.47,2025-01-22 16:29,28.0
SNS-1002-T,AST-1002,Temperature,27.21,2025-01-23 03:06,28.0
SNS-1002-T,AST-1002,Temperature,27.12,2025-01-24 00:14,28.0
SNS-1002-T,AST-1002,Temperature,28.34,2025-01-25 16:04,28.0
SNS-1002-T,AST-1002,Temperature,28.03,2025-01-26 13:40,28.0
SNS-1002-T,AST-1002,Temperature,29.65,2025-01-27 05:36,28.0
SNS-1002-T,AST-1002,Temperature,27.37,2025-01-28 02:38,28.0
SNS-1002-T,AST-1002,Temperature,27.98,2025-01-29 12:01,28.0
SNS-1002-T,AST-1002,Temperature,28.98,2025-01-30 14:46,28.0
SNS-1002-T,AST-1002,Temperature,27.95,2025-01-31 11:50,28.0
SNS-1002-T,AST-1002,Temperature,29.08,2025-02-01 06:03,28.0
SNS-1002-T,AST-1002,Temperature,27.7,2025-02-02 09:13,28.0
SNS-1002-T,AST-1002,Temperature,28.36,2025-02-03 12:36,28.0
SNS-1002-T,AST-1002,Temperature,27.73,2025-02-04 09:54,28.0
SNS-1002-T,AST-1002,Temperature,27.71,2025-02-05 11:27,28.0
SNS-1002-T,AST-1002,Temperature,26.75,2025-02-06 03:30,28.0
SNS-1002-T,AST-1002,Temperature,27.11,2025-02-07 17:25,28.0
SNS-1002-T,AST-1002,Temperature,27.26,2025-02-08 16:40,28.0
SNS-1002-T,AST-1002,Temperature,25.13,2025-02-09 14:29,28.0
SNS-1002-T,AST-1002,Temperature,27.19,2025-02-10 20:10,28.0
SNS-1002-T,AST-1002,Temperature,28.33,2025-02-11 00:52,28.0
SNS-1002-T,AST-1002,Temperature,26.76,2025-02-12 21:42,28.0
SNS-1002-T,AST-1002,Temperature,27.04,2025-02-13 11:10,28.0
SNS-1002-T,AST-1002,Temperature,28.65,2025-02-14 07:09,28.0
SNS-1002-T,AST-1002,Temperature,28.62,2025-02-15 00:37,28.0
SNS-1002-T,AST-1002,Temperature,27.12,2025-02-16 07:07,28.0
SNS-1002-T,AST-1002,Temperature,28.9,2025-02-17 14:18,28.0
SNS-1002-T,AST-1002,Temperature,28.04,2025-02-18 02:40,28.0
SNS-1002-T,AST-1002,Temperature,30.02,2025-02-19 04:15,28.0
SNS-1002-T,AST-1002,Temperature,28.32,2025-02-20 07:50,28.0
SNS-1002-T,AST-1002,Temperature,29.54,2025-02-21 17:19,28.0
SNS-1002-T,AST-1002,Temperature,27.68,2025-02-22 06:32,28.0
SNS-1002-T,AST-1002,Temperature,27.66,2025-02-23 06:57,28.0
SNS-1002-T,AST-1002,Temperature,26.03,2025-02-24 18:58,28.0
SNS-1002-T,AST-1002,Temperature,28.59,2025-02-25 13:29,28.0
SNS-1002-T,AST-1002,Temperature,27.62,2025-02-26 01:40,28.0
SNS-1002-T,AST-1002,Temperature,29.17,2025-02-27 18:02,28.0
SNS-1002-T,AST-1002,Temperature,29.25,2025-02-28 09:18,28.0
SNS-1002-T,AST-1002,Temperature,25.17,2025-03-01 22:05,28.0
SNS-1002-T,AST-1002,Temperature,26.67,2025-03-02 11:36,28.0
SNS-1002-T,AST-1002,Temperature,27.22,2025-03-03 09:22,28.0
SNS-1002-T,AST-1002,Temperature,29.03,2025-03-04 19:06,28.0
SNS-1002-T,AST-1002,Temperature,27.54,2025-03-05 14:08,28.0
SNS-1002-T,AST-1002,Temperature,26.61,2025-03-06 00:18,28.0
SNS-1002-T,AST-1002,Temperature,27.51,2025-03-07 20:21,28.0
SNS-1002-T,AST-1002,Temperature,30.15,2025-03-08 19:53,28.0
SNS-1002-T,AST-1002,Temperature,27.47,2025-03-09 05:42,28.0
SNS-1002-T,AST-1002,Temperature,27.92,2025-03-10 05:53,28.0
SNS-1002-T,AST-1002,Temperature,27.82,2025-03-11 10:13,28.0
SNS-1002-T,AST-1002,Temperature,27.44,2025-03-12 04:32,28.0
SNS-1002-T,AST-1002,Temperature,27.1,2025-03-13 11:51,28.0
SNS-1002-T,AST-1002,Temperature,25.91,2025-03-14 13:05,28.0
SNS-1002-T,AST-1002,Temperature,26.62,2025-03-15 05:24,28.0
SNS-1002-T,AST-1002,Temperature,28.29,2025-03-16 19:07,28.0
SNS-1002-T,AST-1002,Temperature,26.34,2025-03-17 20:25,28.0
SNS-1002-T,AST-1002,Temperature,27.91,2025-03-18 21:30,28.0
SNS-1002-T,AST-1002,Temperature,30.87,2025-03-19 02:48,28.0
SNS-1002-T,AST-1002,Temperature,27.14,2025-03-20 01:46,28.0
SNS-1002-T,AST-1002,Temperature,26.68,2025-03-21 20:52,28.0
SNS-1002-T,AST-1002,Temperature,27.34,2025-03-22 19:00,28.0
SNS-1002-T,AST-1002,Temperature,29.03,2025-03-23 13:35,28.0
SNS-1002-T,AST-1002,Temperature,27.11,2025-03-24 20:29,28.0
SNS-1002-T,AST-1002,Temperature,27.75,2025-03-25 04:30,28.0
SNS-1002-T,AST-1002,Temperature,27.62,2025-03-26 17:46,28.0
SNS-1002-T,AST-1002,Temperature,26.4,2025-03-27 20:11,28.0
SNS-1002-T,AST-1002,Temperature,28.64,2025-03-28 22:51,28.0
SNS-1002-T,AST-1002,Temperature,30.13,2025-03-29 01:43,28.0
SNS-1002-T,AST-1002,Temperature,28.33,2025-03-30 14:29,28.0
SNS-1002-T,AST-1002,Temperature,26.05,2025-03-31 03:11,28.0
SNS-1002-T,AST-1002,Temperature,27.56,2025-04-01 03:15,28.0
SNS-1002-T,AST-1002,Temperature,29.67,2025-04-02 18:46,28.0
SNS-1002-T,AST-1002,Temperature,29.3,2025-04-03 06:55,28.0
SNS-1002-T,AST-1002,Temperature,28.24,2025-04-04 09:32,28.0
SNS-1002-T,AST-1002,Temperature,28.66,2025-04-05 10:35,28.0
SNS-1002-T,AST-1002,Temperature,28.91,2025-04-06 07:49,28.0
SNS-1002-T,AST-1002,Temperature,26.77,2025-04-07 19:09,28.0
SNS-1002-T,AST-1002,Temperature,27.86,2025-04-08 20:21,28.0
SNS-1002-T,AST-1002,Temperature,26.77,2025-04-09 11:26,28.0
SNS-1002-T,AST-1002,Temperature,29.14,2025-04-10 19:57,28.0
SNS-1002-T,AST-1002,Temperature,26.32,2025-04-11 16:23,28.0
SNS-1002-T,AST-1002,Temperature,27.25,2025-04-12 16:56,28.0
SNS-1002-T,AST-1002,Temperature,29.98,2025-04-13 20:48,28.0
SNS-1002-T,AST-1002,Temperature,25.61,2025-04-14 00:30,28.0
SNS-1002-T,AST-1002,Temperature,27.25,2025-04-15 12:57,28.0
SNS-1002-T,AST-1002,Temperature,26.25,2025-04-16 18:30,28.0
SNS-1002-T,AST-1002,Temperature,25.3,2025-04-17 19:47,28.0
SNS-1002-T,AST-1002,Temperature,28.05,2025-04-18 06:02,28.0
SNS-1002-T,AST-1002,Temperature,26.73,2025-04-19 08:14,28.0
SNS-1002-T,AST-1002,Temperature,28.81,2025-04-20 01:50,28.0
SNS-1002-T,AST-1002,Temperature,28.46,2025-04-21 21:37,28.0
SNS-1002-T,AST-1002,Temperature,26.21,2025-04-22 05:08,28.0
SNS-1002-T,AST-1002,Temperature,26.61,2025-04-23 03:31,28.0
SNS-1002-T,AST-1002,Temperature,25.59,2025-04-24 00:01,28.0
SNS-1002-T,AST-1002,Temperature,28.45,2025-04-25 07:46,28.0
SNS-1002-T,AST-1002,Temperature,25.74,2025-04-26 16:16,28.0
SNS-1002-T,AST-1002,Temperature,24.92,2025-04-27 12:19,28.0
SNS-1002-T,AST-1002,Temperature,29.97,2025-04-28 14:32,28.0
SNS-1002-T,AST-1002,Temperature,26.63,2025-04-29 16:31,28.0
SNS-1002-T,AST-1002,Temperature,28.51,2025-04-30 09:45,28.0
SNS-1002-T,AST-1002,Temperature,28.02,2025-05-01 01:52,28.0
SNS-1002-T,AST-1002,Temperature,27.73,2025-05-02 07:05,28.0
SNS-1002-T,AST-1002,Temperature,26.87,2025-05-03 11:06,28.0
SNS-1002-T,AST-1002,Temperature,29.32,2025-05-04 20:24,28.0
SNS-1002-T,AST-1002,Temperature,28.4,2025-05-05 19:17,28.0
SNS-1002-T,AST-1002,Temperature,27.31,2025-05-06 13:34,28.0
SNS-1002-T,AST-1002,Temperature,26.16,2025-05-07 11:06,28.0
SNS-1002-T,AST-1002,Temperature,27.07,2025-05-08 02:56,28.0
SNS-1002-T,AST-1002,Temperature,28.56,2025-05-09 05:02,28.0
SNS-1002-T,AST-1002,Temperature,28.54,2025-05-10 21:34,28.0
SNS-1002-T,AST-1002,Temperature,28.15,2025-05-11 19:17,28.0
SNS-1002-T,AST-1002,Temperature,28.47,2025-05-12 22:53,28.0
SNS-1002-T,AST-1002,Temperature,27.29,2025-05-13 18:24,28.0
SNS-1002-T,AST-1002,Temperature,27.59,2025-05-14 12:18,28.0
SNS-1002-T,AST-1002,Temperature,27.92,2025-05-15 20:47,28.0
SNS-1002-T,AST-1002,Temperature,28.06,2025-05-16 09:14,28.0
SNS-1002-T,AST-1002,Temperature,27.03,2025-05-17 16:32,28.0
SNS-1002-T,AST-1002,Temperature,26.68,2025-05-18 04:12,28.0
SNS-1002-T,AST-1002,Temperature,27.88,2025-05-19 20:23,28.0
SNS-1002-T,AST-1002,Temperature,28.34,2025-05-20 17:51,28.0
SNS-1002-T,AST-1002,Temperature,26.25,2025-05-21 17:08,28.0
SNS-1002-T,AST-1002,Temperature,26.24,2025-05-22 21:51,28.0
SNS-1002-T,AST-1002,Temperature,25.72,2025-05-23 03:21,28.0
SNS-1002-T,AST-1002,Temperature,28.64,2025-05-24 22:38,28.0
SNS-1002-T,AST-1002,Temperature,25.84,2025-05-25 12:12,28.0
SNS-1002-T,AST-1002,Temperature,30.84,2025-05-26 05:21,28.0
SNS-1002-T,AST-1002,Temperature,29.09,2025-05-27 22:26,28.0
SNS-1002-T,AST-1002,Temperature,28.64,2025-05-28 13:52,28.0
SNS-1002-T,AST-1002,Temperature,28.67,2025-05-29 21:12,28.0
SNS-1002-T,AST-1002,Temperature,28.21,2025-05-30 19:33,28.0
SNS-1002-T,AST-1002,Temperature,27.91,2025-05-31 21:25,28.0
SNS-1002-T,AST-1002,Temperature,24.93,2025-06-01 10:02,28.0
SNS-1002-T,AST-1002,Temperature,29.69,2025-06-02 10:34,28.0
SNS-1002-T,AST-1002,Temperature,28.69,2025-06-03 20:12,28.0
SNS-1002-T,AST-1002,Temperature,26.49,2025-06-04 04:00,28.0
SNS-1002-T,AST-1002,Temperature,28.26,2025-06-05 04:16,28.0
SNS-1002-T,AST-1002,Temperature,28.12,2025-06-06 21:14,28.0
SNS-1002-T,AST-1002,Temperature,27.21,2025-06-07 10:04,28.0
SNS-1002-T,AST-1002,Temperature,29.73,2025-06-08 05:42,28.0
SNS-1002-T,AST-1002,Temperature,28.01,2025-06-09 22:28,28.0
SNS-1002-T,AST-1002,Temperature,27.55,2025-06-10 08:10,28.0
SNS-1002-T,AST-1002,Temperature,26.29,2025-06-11 02:34,28.0
SNS-1002-T,AST-1002,Temperature,27.52,2025-06-12 12:39,28.0
SNS-1002-T,AST-1002,Temperature,27.95,2025-06-13 21:44,28.0
SNS-1002-T,AST-1002,Temperature,26.59,2025-06-14 00:16,28.0
SNS-1002-T,AST-1002,Temperature,28.73,2025-06-15 11:52,28.0
SNS-1002-T,AST-1002,Temperature,26.45,2025-06-16 09:21,28.0
SNS-1002-T,AST-1002,Temperature,26.25,2025-06-17 08:50,28.0
SNS-1002-T,AST-1002,Temperature,27.6,2025-06-18 14:21,28.0
SNS-1002-T,AST-1002,Temperature,28.61,2025-06-19 05:11,28.0
SNS-1002-T,AST-1002,Temperature,27.02,2025-06-20 17:13,28.0
SNS-1002-T,AST-1002,Temperature,24.72,2025-06-21 20:51,28.0
SNS-1002-T,AST-1002,Temperature,29.57,2025-06-22 00:25,28.0
SNS-1002-T,AST-1002,Temperature,29.23,2025-06-23 03:38,28.0
SNS-1002-T,AST-1002,Temperature,30.38,2025-06-24 17:20,28.0
SNS-1002-T,AST-1002,Temperature,27.76,2025-06-25 16:13,28.0
SNS-1002-T,AST-1002,Temperature,27.94,2025-06-26 14:34,28.0
SNS-1002-T,AST-1002,Temperature,27.58,2025-06-27 10:41,28.0
SNS-1002-T,AST-1002,Temperature,25.27,2025-06-28 04:12,28.0
SNS-1002-T,AST-1002,Temperature,28.85,2025-06-29 22:29,28.0
SNS-1002-T,AST-1002,Temperature,28.71,2025-06-30 16:42,28.0
SNS-1002-T,AST-1002,Temperature,29.31,2025-07-01 18:07,28.0
SNS-1002-T,AST-1002,Temperature,27.19,2025-07-02 07:24,28.0
SNS-1002-T,AST-1002,Temperature,29.42,2025-07-03 08:49,28.0
SNS-1002-T,AST-1002,Temperature,27.12,2025-07-04 21:58,28.0
SNS-1002-T,AST-1002,Temperature,27.66,2025-07-05 17:35,28.0
SNS-1002-T,AST-1002,Temperature,27.37,2025-07-06 17:06,28.0
SNS-1002-T,AST-1002,Temperature,28.61,2025-07-07 20:41,28.0
SNS-1002-T,AST-1002,Temperature,29.01,2025-07-08 09:29,28.0
SNS-1002-T,AST-1002,Temperature,28.48,2025-07-09 00:54,28.0
SNS-1002-T,AST-1002,Temperature,27.14,2025-07-10 12:13,28.0
SNS-1002-T,AST-1002,Temperature,27.65,2025-07-11 11:57,28.0
SNS-1002-T,AST-1002,Temperature,26.99,2025-07-12 20:38,28.0
SNS-1002-T,AST-1002,Temperature,29.45,2025-07-13 19:17,28.0
SNS-1002-T,AST-1002,Temperature,27.96,2025-07-14 19:34,28.0
SNS-1002-T,AST-1002,Temperature,28.07,2025-07-15 14:46,28.0
SNS-1002-T,AST-1002,Temperature,27.27,2025-07-16 12:41,28.0
SNS-1002-T,AST-1002,Temperature,28.39,2025-07-17 21:20,28.0
SNS-1002-T,AST-1002,Temperature,27.75,2025-07-18 11:05,28.0
SNS-1002-T,AST-1002,Temperature,28.3,2025-07-19 01:36,28.0
SNS-1002-T,AST-1002,Temperature,30.08,2025-07-20 06:53,28.0
SNS-1002-T,AST-1002,Temperature,27.56,2025-07-21 02:54,28.0
SNS-1002-T,AST-1002,Temperature,25.93,2025-07-22 01:22,28.0
SNS-1002-T,AST-1002,Temperature,28.56,2025-07-23 01:16,28.0
SNS-1002-T,AST-1002,Temperature,31.16,2025-07-24 01:50,28.0
SNS-1002-T,AST-1002,Temperature,29.7,2025-07-25 01:12,28.0
SNS-1002-T,AST-1002,Temperature,26.28,2025-07-26 07:30,28.0
SNS-1002-T,AST-1002,Temperature,29.81,2025-07-27 14:24,28.0
SNS-1002-T,AST-1002,Temperature,28.7,2025-07-28 09:49,28.0
SNS-1002-T,AST-1002,Temperature,26.85,2025-07-29 19:04,28.0
SNS-1002-T,AST-1002,Temperature,28.91,2025-07-30 11:35,28.0
SNS-1002-T,AST-1002,Temperature,29.37,2025-07-31 07:01,28.0
SNS-1002-T,AST-1002,Temperature,27.05,2025-08-01 04:49,28.0
SNS-1002-T,AST-1002,Temperature,30.3,2025-08-02 19:21,28.0
SNS-1002-T,AST-1002,Temperature,26.14,2025-08-03 17:25,28.0
SNS-1002-T,AST-1002,Temperature,28.33,2025-08-04 07:18,28.0
SNS-1002-T,AST-1002,Temperature,28.05,2025-08-05 15:03,28.0
SNS-1002-T,AST-1002,Temperature,27.42,2025-08-06 20:50,28.0
SNS-1002-T,AST-1002,Temperature,29.15,2025-08-07 16:32,28.0
SNS-1002-T,AST-1002,Temperature,27.78,2025-08-08 11:20,28.0
SNS-1002-T,AST-1002,Temperature,29.33,2025-08-09 03:08,28.0
SNS-1002-T,AST-1002,Temperature,30.54,2025-08-10 08:55,28.0
SNS-1002-T,AST-1002,Temperature,29.42,2025-08-11 15:43,28.0
SNS-1002-T,AST-1002,Temperature,29.19,2025-08-12 10:33,28.0
SNS-1002-T,AST-1002,Temperature,28.26,2025-08-13 13:51,28.0
SNS-1002-T,AST-1002,Temperature,26.72,2025-08-14 00:02,28.0
SNS-1002-T,AST-1002,Temperature,27.2,2025-08-15 15:38,28.0
SNS-1002-T,AST-1002,Temperature,29.65,2025-08-16 20:21,28.0
SNS-1002-T,AST-1002,Temperature,28.81,2025-08-17 16:15,28.0
SNS-1002-T,AST-1002,Temperature,29.93,2025-08-18 13:18,28.0
SNS-1002-T,AST-1002,Temperature,31.38,2025-08-19 21:37,28.0
SNS-1002-T,AST-1002,Temperature,28.86,2025-08-20 11:39,28.0
SNS-1002-T,AST-1002,Temperature,29.36,2025-08-21 05:51,28.0
SNS-1002-T,AST-1002,Temperature,28.71,2025-08-22 09:56,28.0
SNS-1002-T,AST-1002,Temperature,29.12,2025-08-23 00:53,28.0
SNS-1002-T,AST-1002,Temperature,24.95,2025-08-24 03:27,28.0
SNS-1002-T,AST-1002,Temperature,27.09,2025-08-25 00:16,28.0
SNS-1002-T,AST-1002,Temperature,29.49,2025-08-26 13:15,28.0
SNS-1002-T,AST-1002,Temperature,29.26,2025-08-27 17:33,28.0
SNS-1002-T,AST-1002,Temperature,29.06,2025-08-28 08:42,28.0
SNS-1002-T,AST-1002,Temperature,28.76,2025-08-29 08:23,28.0
SNS-1002-T,AST-1002,Temperature,28.96,2025-08-30 22:20,28.0
SNS-1002-T,AST-1002,Temperature,27.46,2025-08-31 21:09,28.0
SNS-1002-T,AST-1002,Temperature,29.68,2025-09-01 19:47,28.0
SNS-1002-T,AST-1002,Temperature,29.52,2025-09-02 02:02,28.0
SNS-1002-T,AST-1002,Temperature,28.68,2025-09-03 06:53,28.0
SNS-1002-T,AST-1002,Temperature,26.03,2025-09-04 01:17,28.0
SNS-1002-T,AST-1002,Temperature,25.65,2025-09-05 03:48,28.0
SNS-1002-T,AST-1002,Temperature,29.55,2025-09-06 07:22,28.0
SNS-1002-T,AST-1002,Temperature,30.34,2025-09-07 20:33,28.0
SNS-1002-T,AST-1002,Temperature,29.53,2025-09-08 14:56,28.0
SNS-1002-T,AST-1002,Temperature,28.16,2025-09-09 16:48,28.0
SNS-1002-T,AST-1002,Temperature,26.14,2025-09-10 22:16,28.0
SNS-1002-T,AST-1002,Temperature,29.0,2025-09-11 16:06,28.0
SNS-1002-T,AST-1002,Temperature,29.17,2025-09-12 12:17,28.0
SNS-1002-T,AST-1002,Temperature,30.12,2025-09-13 00:25,28.0
SNS-1002-T,AST-1002,Temperature,30.27,2025-09-14 20:54,28.0
SNS-1002-T,AST-1002,Temperature,30.58,2025-09-15 17:12,28.0
SNS-1002-T,AST-1002,Temperature,28.86,2025-09-16 14:01,28.0
SNS-1002-T,AST-1002,Temperature,29.57,2025-09-17 10:50,28.0
SNS-1002-T,AST-1002,Temperature,29.27,2025-09-18 06:19,28.0
SNS-1002-T,AST-1002,Temperature,29.44,2025-09-19 07:53,28.0
SNS-1002-T,AST-1002,Temperature,30.89,2025-09-20 22:45,28.0
SNS-1002-T,AST-1002,Temperature,28.23,2025-09-21 19:50,28.0
SNS-1002-T,AST-1002,Temperature,31.1,2025-09-22 14:21,28.0
SNS-1002-T,AST-1002,Temperature,30.11,2025-09-23 21:10,28.0
SNS-1002-T,AST-1002,Temperature,28.32,2025-09-24 15:14,28.0
SNS-1002-T,AST-1002,Temperature,29.81,2025-09-25 07:31,28.0
SNS-1002-T,AST-1002,Temperature,28.1,2025-09-26 04:28,28.0
SNS-1002-T,AST-1002,Temperature,28.93,2025-09-27 21:32,28.0
SNS-1002-T,AST-1002,Temperature,28.81,2025-09-28 22:37,28.0
SNS-1002-T,AST-1002,Temperature,30.82,2025-09-29 02:39,28.0
SNS-1002-T,AST-1002,Temperature,29.75,2025-09-30 14:35,28.0
SNS-1002-T,AST-1002,Temperature,28.23,2025-10-01 02:15,28.0
SNS-1002-T,AST-1002,Temperature,28.15,2025-10-02 07:28,28.0
SNS-1002-T,AST-1002,Temperature,30.53,2025-10-03 20:54,28.0
SNS-1002-T,AST-1002,Temperature,26.85,2025-10-04 05:01,28.0
SNS-1002-T,AST-1002,Temperature,27.52,2025-10-05 15:02,28.0
SNS-1002-T,AST-1002,Temperature,28.34,2025-10-06 05:25,28.0
SNS-1002-T,AST-1002,Temperature,27.8,2025-10-07 01:23,28.0
SNS-1002-T,AST-1002,Temperature,30.96,2025-10-08 21:24,28.0
SNS-1002-T,AST-1002,Temperature,30.8,2025-10-09 06:25,28.0
SNS-1002-T,AST-1002,Temperature,27.97,2025-10-10 14:06,28.0
SNS-1002-T,AST-1002,Temperature,27.36,2025-10-11 12:51,28.0
SNS-1002-T,AST-1002,Temperature,29.32,2025-10-12 06:13,28.0
SNS-1002-T,AST-1002,Temperature,28.66,2025-10-13 04:45,28.0
SNS-1002-T,AST-1002,Temperature,28.86,2025-10-14 08:21,28.0
SNS-1002-T,AST-1002,Temperature,28.97,2025-10-15 20:53,28.0
SNS-1002-T,AST-1002,Temperature,30.14,2025-10-16 21:01,28.0
SNS-1002-T,AST-1002,Temperature,29.75,2025-10-17 06:17,28.0
SNS-1002-T,AST-1002,Temperature,28.46,2025-10-18 10:42,28.0
SNS-1002-T,AST-1002,Temperature,29.14,2025-10-19 21:15,28.0
SNS-1002-T,AST-1002,Temperature,29.61,2025-10-20 02:33,28.0
SNS-1002-T,AST-1002,Temperature,27.49,2025-10-21 18:44,28.0
SNS-1002-T,AST-1002,Temperature,27.6,2025-10-22 05:56,28.0
SNS-1002-T,AST-1002,Temperature,27.88,2025-10-23 13:18,28.0
SNS-1002-T,AST-1002,Temperature,26.43,2025-10-24 16:02,28.0
SNS-1002-T,AST-1002,Temperature,28.74,2025-10-25 15:12,28.0
SNS-1002-T,AST-1002,Temperature,28.44,2025-10-26 04:32,28.0
SNS-1002-T,AST-1002,Temperature,29.3,2025-10-27 02:30,28.0
SNS-1002-T,AST-1002,Temperature,27.87,2025-10-28 21:55,28.0
SNS-1002-T,AST-1002,Temperature,29.36,2025-10-29 08:55,28.0
SNS-1002-T,AST-1002,Temperature,30.39,2025-10-30 13:13,28.0
SNS-1002-T,AST-1002,Temperature,28.08,2025-10-31 19:01,28.0
SNS-1002-T,AST-1002,Temperature,26.54,2025-11-01 03:52,28.0
SNS-1002-T,AST-1002,Temperature,27.87,2025-11-02 07:10,28.0
SNS-1002-T,AST-1002,Temperature,29.38,2025-11-03 09:23,28.0
SNS-1002-T,AST-1002,Temperature,28.29,2025-11-04 08:56,28.0
SNS-1002-T,AST-1002,Temperature,27.41,2025-11-05 03:10,28.0
SNS-1002-T,AST-1002,Temperature,28.4,2025-11-06 06:35,28.0
SNS-1002-T,AST-1002,Temperature,29.98,2025-11-07 03:06,28.0
SNS-1002-T,AST-1002,Temperature,28.92,2025-11-08 17:25,28.0
SNS-1002-T,AST-1002,Temperature,29.03,2025-11-09 08:14,28.0
SNS-1002-T,AST-1002,Temperature,28.08,2025-11-10 08:54,28.0
SNS-1002-T,AST-1002,Temperature,30.68,2025-11-11 05:47,28.0
SNS-1002-T,AST-1002,Temperature,29.72,2025-11-12 17:27,28.0
SNS-1002-T,AST-1002,Temperature,28.59,2025-11-13 04:25,28.0
SNS-1002-T,AST-1002,Temperature,29.45,2025-11-14 06:28,28.0
SNS-1002-T,AST-1002,Temperature,30.45,2025-11-15 18:58,28.0
SNS-1002-T,AST-1002,Temperature,28.58,2025-11-16 15:36,28.0
SNS-1002-T,AST-1002,Temperature,28.71,2025-11-17 05:45,28.0
SNS-1002-T,AST-1002,Temperature,27.39,2025-11-18 03:26,28.0
SNS-1002-T,AST-1002,Temperature,30.15,2025-11-19 09:49,28.0
SNS-1002-T,AST-1002,Temperature,27.19,2025-11-20 11:23,28.0
SNS-1002-T,AST-1002,Temperature,29.17,2025-11-21 09:04,28.0
SNS-1002-T,AST-1002,Temperature,28.5,2025-11-22 21:22,28.0
SNS-1002-T,AST-1002,Temperature,27.67,2025-11-23 12:41,28.0
SNS-1002-T,AST-1002,Temperature,30.23,2025-11-24 02:39,28.0
SNS-1002-T,AST-1002,Temperature,28.84,2025-11-25 10:11,28.0
SNS-1002-T,AST-1002,Temperature,28.9,2025-11-26 18:29,28.0
SNS-1002-T,AST-1002,Temperature,28.75,2025-11-27 21:52,28.0
SNS-1002-T,AST-1002,Temperature,27.86,2025-11-28 05:26,28.0
SNS-1002-T,AST-1002,Temperature,29.85,2025-11-29 19:52,28.0
SNS-1002-T,AST-1002,Temperature,28.34,2025-11-30 04:36,28.0
SNS-1002-T,AST-1002,Temperature,28.61,2025-12-01 09:58,28.0
SNS-1002-T,AST-1002,Temperature,28.46,2025-12-02 20:51,28.0
SNS-1002-T,AST-1002,Temperature,27.59,2025-12-03 01:37,28.0
SNS-1002-T,AST-1002,Temperature,30.16,2025-12-04 03:40,28.0
SNS-1002-T,AST-1002,Temperature,27.22,2025-12-05 19:03,28.0
SNS-1002-T,AST-1002,Temperature,30.75,2025-12-06 14:42,28.0
SNS-1002-T,AST-1002,Temperature,27.95,2025-12-07 19:35,28.0
SNS-1002-T,AST-1002,Temperature,29.94,2025-12-08 03:23,28.0
SNS-1002-T,AST-1002,Temperature,26.12,2025-12-09 09:44,28.0
SNS-1002-T,AST-1002,Temperature,29.47,2025-12-10 09:46,28.0
SNS-1002-T,AST-1002,Temperature,28.58,2025-12-11 12:03,28.0
SNS-1002-T,AST-1002,Temperature,26.78,2025-12-12 07:52,28.0
SNS-1002-T,AST-1002,Temperature,27.79,2025-12-13 07:32,28.0
SNS-1002-T,AST-1002,Temperature,28.04,2025-12-14 00:35,28.0
SNS-1002-T,AST-1002,Temperature,27.43,2025-12-15 08:43,28.0
SNS-1002-T,AST-1002,Temperature,26.88,2025-12-16 16:50,28.0
SNS-1002-T,AST-1002,Temperature,30.32,2025-12-17 00:12,28.0
SNS-1002-T,AST-1002,Temperature,28.71,2025-12-18 02:49,28.0
SNS-1002-T,AST-1002,Temperature,27.68,2025-12-19 15:57,28.0
SNS-1002-T,AST-1002,Temperature,28.22,2025-12-20 20:29,28.0
SNS-1002-T,AST-1002,Temperature,27.39,2025-12-21 16:49,28.0
SNS-1002-T,AST-1002,Temperature,28.76,2025-12-22 10:25,28.0
SNS-1002-T,AST-1002,Temperature,28.25,2025-12-23 21:32,28.0
SNS-1002-T,AST-1002,Temperature,29.52,2025-12-24 13:33,28.0
SNS-1002-T,AST-1002,Temperature,29.23,2025-12-25 18:07,28.0
SNS-1002-T,AST-1002,Temperature,28.17,2025-12-26 20:25,28.0
SNS-1002-T,AST-1002,Temperature,29.84,2025-12-27 06:00,28.0
SNS-1002-T,AST-1002,Temperature,27.35,2025-12-28 06:26,28.0
SNS-1002-T,AST-1002,Temperature,28.47,2025-12-29 06:46,28.0
SNS-1002-T,AST-1002,Temperature,28.96,2025-12-30 15:47,28.0
SNS-1002-T,AST-1002,Temperature,27.29,2025-12-31 05:52,28.0
SNS-1002-T,AST-1002,Temperature,29.52,2026-01-01 09:02,28.0
SNS-1002-T,AST-1002,Temperature,30.09,2026-01-02 15:27,28.0
SNS-1002-T,AST-1002,Temperature,28.09,2026-01-03 20:47,28.0
SNS-1002-T,AST-1002,Temperature,29.28,2026-01-04 03:12,28.0
SNS-1002-T,AST-1002,Temperature,27.03,2026-01-05 21:47,28.0
SNS-1002-T,AST-1002,Temperature,30.29,2026-01-06 18:20,28.0
SNS-1002-T,AST-1002,Temperature,29.37,2026-01-07 04:57,28.0
SNS-1002-T,AST-1002,Temperature,28.12,2026-01-08 18:18,28.0
SNS-1002-T,AST-1002,Temperature,28.58,2026-01-09 01:02,28.0
SNS-1002-T,AST-1002,Temperature,27.04,2026-01-10 01:44,28.0
SNS-1002-T,AST-1002,Temperature,25.8,2026-01-11 21:53,28.0
SNS-1002-T,AST-1002,Temperature,28.12,2026-01-12 20:18,28.0
SNS-1002-T,AST-1002,Temperature,30.1,2026-01-13 11:23,28.0
SNS-1002-T,AST-1002,Temperature,26.51,2026-01-14 18:25,28.0
SNS-1002-T,AST-1002,Temperature,27.2,2026-01-15 08:23,28.0
SNS-1002-T,AST-1002,Temperature,29.43,2026-01-16 18:21,28.0
SNS-1002-T,AST-1002,Temperature,27.42,2026-01-17 20:35,28.0
SNS-1002-T,AST-1002,Temperature,28.47,2026-01-18 22:21,28.0
SNS-1002-T,AST-1002,Temperature,29.22,2026-01-19 14:46,28.0
SNS-1002-T,AST-1002,Temperature,27.76,2026-01-20 08:33,28.0
SNS-1002-T,AST-1002,Temperature,28.89,2026-01-21 07:08,28.0
SNS-1002-T,AST-1002,Temperature,29.35,2026-01-22 20:02,28.0
SNS-1002-T,AST-1002,Temperature,27.41,2026-01-23 12:12,28.0
SNS-1002-T,AST-1002,Temperature,27.01,2026-01-24 05:29,28.0
SNS-1002-T,AST-1002,Temperature,27.4,2026-01-25 07:38,28.0
SNS-1002-T,AST-1002,Temperature,28.16,2026-01-26 13:45,28.0
SNS-1002-T,AST-1002,Temperature,28.05,2026-01-27 10:54,28.0
SNS-1002-T,AST-1002,Temperature,28.51,2026-01-28 02:07,28.0
SNS-1002-T,AST-1002,Temperature,27.03,2026-01-29 03:37,28.0
SNS-1002-T,AST-1002,Temperature,28.18,2026-01-30 22:22,28.0
SNS-1002-T,AST-1002,Temperature,29.45,2026-01-31 15:24,28.0
SNS-1002-T,AST-1002,Temperature,28.53,2026-02-01 09:04,28.0
SNS-1002-T,AST-1002,Temperature,26.89,2026-02-02 02:51,28.0
SNS-1002-T,AST-1002,Temperature,29.17,2026-02-03 13:33,28.0
SNS-1002-T,AST-1002,Temperature,26.61,2026-02-04 02:06,28.0
SNS-1002-T,AST-1002,Temperature,27.69,2026-02-05 04:18,28.0
SNS-1002-T,AST-1002,Temperature,24.94,2026-02-06 14:38,28.0
SNS-1002-T,AST-1002,Temperature,26.56,2026-02-07 06:19,28.0
SNS-1002-T,AST-1002,Temperature,25.94,2026-02-08 18:09,28.0
SNS-1002-T,AST-1002,Temperature,27.4,2026-02-09 00:14,28.0
SNS-1002-T,AST-1002,Temperature,28.2,2026-02-10 16:12,28.0
SNS-1002-T,AST-1002,Temperature,26.88,2026-02-11 11:47,28.0
SNS-1002-T,AST-1002,Temperature,30.41,2026-02-12 13:14,28.0
SNS-1002-T,AST-1002,Temperature,28.18,2026-02-13 14:15,28.0
SNS-1002-T,AST-1002,Temperature,27.72,2026-02-14 22:18,28.0
SNS-1002-T,AST-1002,Temperature,27.54,2026-02-15 12:50,28.0
SNS-1002-T,AST-1002,Temperature,26.63,2026-02-16 16:42,28.0
SNS-1002-T,AST-1002,Temperature,29.27,2026-02-17 20:51,28.0
SNS-1002-T,AST-1002,Temperature,26.04,2026-02-18 18:00,28.0
SNS-1002-T,AST-1002,Temperature,30.25,2026-02-19 04:27,28.0
SNS-1002-T,AST-1002,Temperature,27.61,2026-02-20 03:23,28.0
SNS-1002-T,AST-1002,Temperature,28.54,2026-02-21 08:22,28.0
SNS-1002-T,AST-1002,Temperature,28.4,2026-02-22 00:06,28.0
SNS-1002-T,AST-1002,Temperature,27.29,2026-02-23 21:11,28.0
SNS-1002-T,AST-1002,Temperature,27.39,2026-02-24 13:13,28.0
SNS-1002-T,AST-1002,Temperature,27.21,2026-02-25 07:54,28.0
SNS-1002-T,AST-1002,Temperature,27.02,2026-02-26 18:17,28.0
SNS-1002-T,AST-1002,Temperature,30.27,2026-02-27 21:09,28.0
SNS-1002-T,AST-1002,Temperature,27.88,2026-02-28 17:54,28.0
SNS-1002-T,AST-1002,Temperature,27.25,2026-03-01 02:34,28.0
SNS-1002-T,AST-1002,Temperature,27.69,2026-03-02 00:35,28.0
SNS-1002-T,AST-1002,Temperature,28.09,2026-03-03 15:57,28.0
SNS-1002-T,AST-1002,Temperature,27.23,2026-03-04 06:52,28.0
SNS-1002-T,AST-1002,Temperature,29.07,2026-03-05 17:33,28.0
SNS-1002-T,AST-1002,Temperature,28.01,2026-03-06 18:44,28.0
SNS-1002-T,AST-1002,Temperature,26.65,2026-03-07 00:47,28.0
SNS-1002-T,AST-1002,Temperature,27.95,2026-03-08 22:23,28.0
SNS-1002-T,AST-1002,Temperature,27.68,2026-03-09 14:48,28.0
SNS-1002-T,AST-1002,Temperature,30.17,2026-03-10 11:12,28.0
SNS-1002-T,AST-1002,Temperature,26.63,2026-03-11 00:42,28.0
SNS-1002-T,AST-1002,Temperature,27.51,2026-03-12 12:23,28.0
SNS-1002-T,AST-1002,Temperature,27.32,2026-03-13 01:07,28.0
SNS-1002-T,AST-1002,Temperature,25.31,2026-03-14 01:52,28.0
SNS-1002-T,AST-1002,Temperature,27.84,2026-03-15 02:03,28.0
SNS-1002-T,AST-1002,Temperature,29.87,2026-03-16 17:28,28.0
SNS-1002-T,AST-1002,Temperature,27.01,2026-03-17 00:54,28.0
SNS-1002-T,AST-1002,Temperature,26.29,2026-03-18 21:58,28.0
SNS-1002-T,AST-1002,Temperature,28.36,2026-03-19 22:14,28.0
SNS-1002-T,AST-1002,Temperature,28.23,2026-03-20 02:57,28.0
SNS-1002-T,AST-1002,Temperature,28.24,2026-03-21 20:00,28.0
SNS-1002-T,AST-1002,Temperature,27.78,2026-03-22 15:33,28.0
SNS-1002-T,AST-1002,Temperature,27.32,2026-03-23 03:22,28.0
SNS-1002-T,AST-1002,Temperature,28.44,2026-03-24 02:28,28.0
SNS-1002-T,AST-1002,Temperature,27.11,2026-03-25 02:14,28.0
SNS-1002-T,AST-1002,Temperature,27.18,2026-03-26 12:42,28.0
SNS-1002-T,AST-1002,Temperature,28.98,2026-03-27 03:02,28.0
SNS-1002-T,AST-1002,Temperature,28.84,2026-03-28 15:56,28.0
SNS-1002-T,AST-1002,Temperature,28.4,2026-03-29 21:57,28.0
SNS-1002-T,AST-1002,Temperature,27.22,2026-03-30 12:26,28.0
SNS-1002-T,AST-1002,Temperature,28.79,2026-03-31 02:15,28.0
SNS-1002-T,AST-1002,Temperature,27.33,2026-04-01 08:36,28.0
SNS-1002-T,AST-1002,Temperature,28.04,2026-04-02 19:26,28.0
SNS-1002-T,AST-1002,Temperature,27.68,2026-04-03 03:00,28.0
SNS-1002-T,AST-1002,Temperature,28.77,2026-04-04 02:23,28.0
SNS-1002-T,AST-1002,Temperature,25.85,2026-04-05 17:55,28.0
SNS-1002-T,AST-1002,Temperature,28.51,2026-04-06 03:56,28.0
SNS-1002-T,AST-1002,Temperature,28.21,2026-04-07 15:04,28.0
SNS-1002-T,AST-1002,Temperature,27.55,2026-04-08 17:31,28.0
SNS-1002-T,AST-1002,Temperature,27.6,2026-04-09 10:57,28.0
SNS-1002-T,AST-1002,Temperature,28.64,2026-04-10 07:52,28.0
SNS-1002-T,AST-1002,Temperature,27.26,2026-04-11 01:49,28.0
SNS-1002-T,AST-1002,Temperature,28.33,2026-04-12 01:23,28.0
SNS-1002-T,AST-1002,Temperature,29.07,2026-04-13 10:03,28.0
SNS-1002-T,AST-1002,Temperature,28.03,2026-04-14 12:26,28.0
SNS-1002-T,AST-1002,Temperature,27.77,2026-04-15 17:32,28.0
SNS-1002-T,AST-1002,Temperature,25.38,2026-04-16 12:14,28.0
SNS-1002-T,AST-1002,Temperature,27.96,2026-04-17 14:21,28.0
SNS-1002-T,AST-1002,Temperature,29.12,2026-04-18 10:42,28.0
SNS-1002-T,AST-1002,Temperature,27.48,2026-04-19 18:09,28.0
SNS-1002-T,AST-1002,Temperature,26.75,2026-04-20 07:38,28.0
SNS-1002-T,AST-1002,Temperature,28.7,2026-04-21 18:25,28.0
SNS-1002-T,AST-1002,Temperature,28.73,2026-04-22 12:56,28.0
SNS-1002-T,AST-1002,Temperature,28.17,2026-04-23 21:25,28.0
SNS-1002-T,AST-1002,Temperature,29.37,2026-04-24 22:50,28.0
SNS-1002-T,AST-1002,Temperature,27.25,2026-04-25 03:56,28.0
SNS-1002-T,AST-1002,Temperature,25.36,2026-04-26 20:11,28.0
SNS-1002-T,AST-1002,Temperature,27.23,2026-04-27 13:36,28.0
SNS-1002-T,AST-1002,Temperature,27.79,2026-04-28 04:04,28.0
SNS-1002-T,AST-1002,Temperature,28.78,2026-04-29 14:32,28.0
SNS-1002-T,AST-1002,Temperature,26.01,2026-04-30 05:08,28.0
SNS-1002-T,AST-1002,Temperature,28.16,2026-05-01 04:51,28.0
SNS-1002-T,AST-1002,Temperature,29.0,2026-05-02 15:24,28.0
SNS-1002-T,AST-1002,Temperature,26.97,2026-05-03 17:17,28.0
SNS-1002-T,AST-1002,Temperature,28.9,2026-05-04 04:06,28.0
SNS-1002-T,AST-1002,Temperature,26.6,2026-05-05 22:04,28.0
SNS-1002-T,AST-1002,Temperature,28.85,2026-05-06 18:46,28.0
SNS-1002-T,AST-1002,Temperature,26.89,2026-05-07 13:57,28.0
SNS-1002-T,AST-1002,Temperature,29.23,2026-05-08 21:15,28.0
SNS-1002-T,AST-1002,Temperature,30.49,2026-05-09 06:06,28.0
SNS-1002-T,AST-1002,Temperature,26.88,2026-05-10 07:45,28.0
SNS-1002-T,AST-1002,Temperature,26.74,2026-05-11 13:56,28.0
SNS-1002-T,AST-1002,Temperature,28.04,2026-05-12 04:27,28.0
SNS-1002-T,AST-1002,Temperature,27.53,2026-05-13 02:14,28.0
SNS-1002-T,AST-1002,Temperature,27.85,2026-05-14 11:08,28.0
SNS-1002-T,AST-1002,Temperature,28.9,2026-05-15 00:04,28.0
SNS-1002-T,AST-1002,Temperature,29.8,2026-05-16 03:22,28.0
SNS-1002-T,AST-1002,Temperature,28.73,2026-05-17 07:36,28.0
SNS-1002-T,AST-1002,Temperature,30.35,2026-05-18 17:32,28.0
SNS-1002-T,AST-1002,Temperature,26.15,2026-05-19 00:58,28.0
SNS-1002-T,AST-1002,Temperature,26.12,2026-05-20 15:02,28.0
SNS-1002-T,AST-1002,Temperature,27.38,2026-05-21 06:52,28.0
SNS-1002-T,AST-1002,Temperature,30.76,2026-05-22 09:04,28.0
SNS-1002-T,AST-1002,Temperature,29.01,2026-05-23 11:25,28.0
SNS-1002-T,AST-1002,Temperature,29.08,2026-05-24 05:55,28.0
SNS-1002-T,AST-1002,Temperature,25.79,2026-05-25 18:09,28.0
SNS-1002-T,AST-1002,Temperature,28.78,2026-05-26 15:18,28.0
SNS-1002-T,AST-1002,Temperature,27.38,2026-05-27 01:00,28.0
SNS-1002-T,AST-1002,Temperature,28.2,2026-05-28 13:20,28.0
SNS-1002-T,AST-1002,Temperature,28.55,2026-05-29 22:58,28.0
SNS-1002-T,AST-1002,Temperature,26.24,2026-05-30 10:28,28.0
SNS-1002-T,AST-1002,Temperature,27.06,2026-05-31 01:04,28.0
SNS-1002-T,AST-1002,Temperature,28.23,2026-06-01 11:46,28.0
SNS-1002-T,AST-1002,Temperature,25.35,2026-06-02 12:16,28.0
SNS-1002-T,AST-1002,Temperature,27.65,2026-06-03 22:06,28.0
SNS-1002-T,AST-1002,Temperature,27.72,2026-06-04 17:52,28.0
SNS-1002-T,AST-1002,Temperature,26.12,2026-06-05 22:06,28.0
SNS-1002-T,AST-1002,Temperature,27.7,2026-06-06 15:45,28.0
SNS-1002-T,AST-1002,Temperature,27.64,2026-06-07 12:47,28.0
SNS-1002-T,AST-1002,Temperature,25.92,2026-06-08 12:48,28.0
SNS-1002-T,AST-1002,Temperature,28.95,2026-06-09 09:45,28.0
SNS-1002-T,AST-1002,Temperature,28.15,2026-06-10 00:21,28.0
SNS-1002-T,AST-1002,Temperature,27.61,2026-06-11 02:54,28.0
SNS-1002-T,AST-1002,Temperature,26.74,2026-06-12 17:35,28.0
SNS-1002-T,AST-1002,Temperature,29.41,2026-06-13 08:28,28.0
SNS-1002-T,AST-1002,Temperature,25.95,2026-06-14 17:17,28.0
SNS-1002-T,AST-1002,Temperature,27.17,2026-06-15 00:25,28.0
SNS-1002-T,AST-1002,Temperature,28.17,2026-06-16 05:52,28.0
SNS-1002-T,AST-1002,Temperature,27.94,2026-06-17 13:05,28.0
SNS-1002-T,AST-1002,Temperature,28.66,2026-06-18 07:36,28.0
SNS-1002-T,AST-1002,Temperature,27.82,2026-06-19 06:29,28.0
SNS-1002-T,AST-1002,Temperature,28.93,2026-06-20 08:18,28.0
SNS-1002-T,AST-1002,Temperature,29.79,2026-06-21 04:24,28.0
SNS-1002-T,AST-1002,Temperature,27.94,2026-06-22 03:34,28.0
SNS-1002-T,AST-1002,Temperature,28.57,2026-06-23 18:46,28.0
SNS-1002-T,AST-1002,Temperature,28.58,2026-06-24 20:56,28.0
SNS-1002-T,AST-1002,Temperature,26.57,2026-06-25 02:11,28.0
SNS-1002-T,AST-1002,Temperature,29.84,2026-06-26 15:19,28.0
SNS-1002-T,AST-1002,Temperature,28.15,2026-06-27 15:27,28.0
SNS-1002-T,AST-1002,Temperature,27.75,2026-06-28 01:11,28.0
SNS-1002-T,AST-1002,Temperature,28.8,2026-06-29 19:14,28.0
SNS-1002-T,AST-1002,Temperature,29.04,2026-06-30 18:45,28.0
SNS-1002-T,AST-1002,Temperature,26.32,2026-07-01 10:45,28.0
SNS-1002-T,AST-1002,Temperature,30.36,2026-07-02 13:09,28.0
SNS-1002-T,AST-1002,Temperature,27.48,2026-07-03 08:16,28.0
SNS-1002-T,AST-1002,Temperature,27.53,2026-07-04 20:44,28.0
SNS-1002-T,AST-1002,Temperature,28.26,2026-07-05 16:31,28.0
SNS-1002-T,AST-1002,Temperature,29.83,2026-07-06 11:28,28.0
SNS-1002-T,AST-1002,Temperature,31.35,2026-07-07 04:44,28.0
SNS-1002-T,AST-1002,Temperature,31.69,2026-07-08 15:55,28.0
SNS-1002-T,AST-1002,Temperature,31.4,2026-07-09 20:48,28.0
SNS-1002-T,AST-1002,Temperature,33.42,2026-07-10 12:13,28.0
SNS-1002-T,AST-1002,Temperature,30.49,2026-07-11 12:24,28.0
SNS-1002-T,AST-1002,Temperature,32.74,2026-07-12 03:05,28.0
SNS-1002-T,AST-1002,Temperature,34.09,2026-07-13 13:46,28.0
SNS-1002-T,AST-1002,Temperature,34.5,2026-07-14 03:27,28.0
SNS-1002-T,AST-1002,Temperature,34.9,2026-07-15 19:27,28.0
SNS-1002-T,AST-1002,Temperature,33.81,2026-07-16 22:02,28.0
SNS-1002-T,AST-1002,Temperature,37.13,2026-07-17 12:14,28.0
SNS-1002-T,AST-1002,Temperature,37.13,2026-07-18 04:14,28.0
SNS-1002-T,AST-1002,Temperature,38.69,2026-07-19 14:53,28.0
SNS-1002-T,AST-1002,Temperature,38.25,2026-07-20 11:58,28.0
SNS-1002-T,AST-1002,Temperature,39.28,2026-07-21 07:51,28.0
SNS-1002-T,AST-1002,Temperature,39.87,2026-07-22 05:27,28.0
SNS-1002-T,AST-1002,Temperature,42.58,2026-07-23 06:10,28.0
SNS-1002-T,AST-1002,Temperature,41.59,2026-07-24 05:08,28.0
SNS-1002-T,AST-1002,Temperature,44.64,2026-07-25 13:41,28.0
SNS-1002-C,AST-1002,Current,61.5,2024-07-25 15:20,65.0
SNS-1002-C,AST-1002,Current,68.06,2024-07-26 08:16,65.0
SNS-1002-C,AST-1002,Current,63.85,2024-07-27 16:12,65.0
SNS-1002-C,AST-1002,Current,66.58,2024-07-28 01:13,65.0
SNS-1002-C,AST-1002,Current,66.87,2024-07-29 07:07,65.0
SNS-1002-C,AST-1002,Current,66.83,2024-07-30 22:38,65.0
SNS-1002-C,AST-1002,Current,69.81,2024-07-31 18:00,65.0
SNS-1002-C,AST-1002,Current,65.9,2024-08-01 15:22,65.0
SNS-1002-C,AST-1002,Current,63.98,2024-08-02 03:30,65.0
SNS-1002-C,AST-1002,Current,67.68,2024-08-03 09:27,65.0
SNS-1002-C,AST-1002,Current,65.12,2024-08-04 01:49,65.0
SNS-1002-C,AST-1002,Current,66.01,2024-08-05 09:00,65.0
SNS-1002-C,AST-1002,Current,51.93,2024-08-06 07:56,65.0
SNS-1002-C,AST-1002,Current,65.4,2024-08-07 12:23,65.0
SNS-1002-C,AST-1002,Current,61.58,2024-08-08 19:02,65.0
SNS-1002-C,AST-1002,Current,64.08,2024-08-09 15:36,65.0
SNS-1002-C,AST-1002,Current,60.99,2024-08-10 18:18,65.0
SNS-1002-C,AST-1002,Current,68.1,2024-08-11 00:43,65.0
SNS-1002-C,AST-1002,Current,67.76,2024-08-12 22:17,65.0
SNS-1002-C,AST-1002,Current,57.83,2024-08-13 13:46,65.0
SNS-1002-C,AST-1002,Current,68.49,2024-08-14 09:39,65.0
SNS-1002-C,AST-1002,Current,63.04,2024-08-15 15:53,65.0
SNS-1002-C,AST-1002,Current,67.14,2024-08-16 15:32,65.0
SNS-1002-C,AST-1002,Current,64.65,2024-08-17 07:29,65.0
SNS-1002-C,AST-1002,Current,64.32,2024-08-18 13:05,65.0
SNS-1002-C,AST-1002,Current,62.4,2024-08-19 01:22,65.0
SNS-1002-C,AST-1002,Current,66.18,2024-08-20 12:39,65.0
SNS-1002-C,AST-1002,Current,63.73,2024-08-21 11:23,65.0
SNS-1002-C,AST-1002,Current,66.32,2024-08-22 06:27,65.0
SNS-1002-C,AST-1002,Current,63.41,2024-08-23 18:38,65.0
SNS-1002-C,AST-1002,Current,73.09,2024-08-24 02:22,65.0
SNS-1002-C,AST-1002,Current,62.54,2024-08-25 13:55,65.0
SNS-1002-C,AST-1002,Current,64.11,2024-08-26 02:43,65.0
SNS-1002-C,AST-1002,Current,67.01,2024-08-27 22:30,65.0
SNS-1002-C,AST-1002,Current,66.62,2024-08-28 16:37,65.0
SNS-1002-C,AST-1002,Current,69.47,2024-08-29 16:24,65.0
SNS-1002-C,AST-1002,Current,73.21,2024-08-30 06:18,65.0
SNS-1002-C,AST-1002,Current,64.25,2024-08-31 06:05,65.0
SNS-1002-C,AST-1002,Current,64.75,2024-09-01 06:42,65.0
SNS-1002-C,AST-1002,Current,64.74,2024-09-02 22:16,65.0
SNS-1002-C,AST-1002,Current,68.21,2024-09-03 05:50,65.0
SNS-1002-C,AST-1002,Current,62.59,2024-09-04 01:02,65.0
SNS-1002-C,AST-1002,Current,66.46,2024-09-05 11:14,65.0
SNS-1002-C,AST-1002,Current,66.49,2024-09-06 16:51,65.0
SNS-1002-C,AST-1002,Current,69.91,2024-09-07 02:50,65.0
SNS-1002-C,AST-1002,Current,58.67,2024-09-08 11:12,65.0
SNS-1002-C,AST-1002,Current,69.54,2024-09-09 19:38,65.0
SNS-1002-C,AST-1002,Current,72.25,2024-09-10 03:52,65.0
SNS-1002-C,AST-1002,Current,64.55,2024-09-11 10:52,65.0
SNS-1002-C,AST-1002,Current,64.28,2024-09-12 08:49,65.0
SNS-1002-C,AST-1002,Current,70.2,2024-09-13 16:13,65.0
SNS-1002-C,AST-1002,Current,68.01,2024-09-14 12:41,65.0
SNS-1002-C,AST-1002,Current,65.07,2024-09-15 08:16,65.0
SNS-1002-C,AST-1002,Current,64.56,2024-09-16 02:44,65.0
SNS-1002-C,AST-1002,Current,68.11,2024-09-17 01:35,65.0
SNS-1002-C,AST-1002,Current,68.53,2024-09-18 07:37,65.0
SNS-1002-C,AST-1002,Current,63.53,2024-09-19 17:03,65.0
SNS-1002-C,AST-1002,Current,65.74,2024-09-20 01:49,65.0
SNS-1002-C,AST-1002,Current,62.72,2024-09-21 00:29,65.0
SNS-1002-C,AST-1002,Current,67.35,2024-09-22 02:13,65.0
SNS-1002-C,AST-1002,Current,62.89,2024-09-23 12:40,65.0
SNS-1002-C,AST-1002,Current,64.18,2024-09-24 21:33,65.0
SNS-1002-C,AST-1002,Current,66.39,2024-09-25 08:32,65.0
SNS-1002-C,AST-1002,Current,64.85,2024-09-26 02:18,65.0
SNS-1002-C,AST-1002,Current,67.59,2024-09-27 16:46,65.0
SNS-1002-C,AST-1002,Current,67.53,2024-09-28 15:39,65.0
SNS-1002-C,AST-1002,Current,59.47,2024-09-29 06:32,65.0
SNS-1002-C,AST-1002,Current,66.96,2024-09-30 06:57,65.0
SNS-1002-C,AST-1002,Current,63.68,2024-10-01 18:34,65.0
SNS-1002-C,AST-1002,Current,63.0,2024-10-02 18:20,65.0
SNS-1002-C,AST-1002,Current,64.65,2024-10-03 14:12,65.0
SNS-1002-C,AST-1002,Current,64.64,2024-10-04 02:37,65.0
SNS-1002-C,AST-1002,Current,71.0,2024-10-05 09:40,65.0
SNS-1002-C,AST-1002,Current,63.6,2024-10-06 22:09,65.0
SNS-1002-C,AST-1002,Current,65.66,2024-10-07 17:16,65.0
SNS-1002-C,AST-1002,Current,73.89,2024-10-08 08:14,65.0
SNS-1002-C,AST-1002,Current,63.36,2024-10-09 17:09,65.0
SNS-1002-C,AST-1002,Current,58.61,2024-10-10 20:06,65.0
SNS-1002-C,AST-1002,Current,71.29,2024-10-11 02:23,65.0
SNS-1002-C,AST-1002,Current,65.82,2024-10-12 22:10,65.0
SNS-1002-C,AST-1002,Current,66.27,2024-10-13 09:36,65.0
SNS-1002-C,AST-1002,Current,66.73,2024-10-14 06:50,65.0
SNS-1002-C,AST-1002,Current,67.52,2024-10-15 02:55,65.0
SNS-1002-C,AST-1002,Current,65.0,2024-10-16 14:25,65.0
SNS-1002-C,AST-1002,Current,62.07,2024-10-17 22:27,65.0
SNS-1002-C,AST-1002,Current,67.23,2024-10-18 05:52,65.0
SNS-1002-C,AST-1002,Current,68.14,2024-10-19 11:31,65.0
SNS-1002-C,AST-1002,Current,66.55,2024-10-20 18:39,65.0
SNS-1002-C,AST-1002,Current,65.34,2024-10-21 13:17,65.0
SNS-1002-C,AST-1002,Current,63.83,2024-10-22 15:50,65.0
SNS-1002-C,AST-1002,Current,64.98,2024-10-23 09:43,65.0
SNS-1002-C,AST-1002,Current,67.5,2024-10-24 19:25,65.0
SNS-1002-C,AST-1002,Current,66.67,2024-10-25 22:31,65.0
SNS-1002-C,AST-1002,Current,64.31,2024-10-26 20:36,65.0
SNS-1002-C,AST-1002,Current,63.15,2024-10-27 19:46,65.0
SNS-1002-C,AST-1002,Current,63.26,2024-10-28 01:15,65.0
SNS-1002-C,AST-1002,Current,66.85,2024-10-29 02:33,65.0
SNS-1002-C,AST-1002,Current,65.63,2024-10-30 16:28,65.0
SNS-1002-C,AST-1002,Current,61.11,2024-10-31 09:19,65.0
SNS-1002-C,AST-1002,Current,61.1,2024-11-01 04:50,65.0
SNS-1002-C,AST-1002,Current,68.02,2024-11-02 13:39,65.0
SNS-1002-C,AST-1002,Current,65.5,2024-11-03 13:17,65.0
SNS-1002-C,AST-1002,Current,70.64,2024-11-04 19:22,65.0
SNS-1002-C,AST-1002,Current,64.81,2024-11-05 21:40,65.0
SNS-1002-C,AST-1002,Current,70.41,2024-11-06 05:36,65.0
SNS-1002-C,AST-1002,Current,69.15,2024-11-07 00:07,65.0
SNS-1002-C,AST-1002,Current,68.45,2024-11-08 18:32,65.0
SNS-1002-C,AST-1002,Current,60.78,2024-11-09 06:21,65.0
SNS-1002-C,AST-1002,Current,64.52,2024-11-10 20:41,65.0
SNS-1002-C,AST-1002,Current,66.87,2024-11-11 15:12,65.0
SNS-1002-C,AST-1002,Current,68.36,2024-11-12 13:01,65.0
SNS-1002-C,AST-1002,Current,71.57,2024-11-13 07:26,65.0
SNS-1002-C,AST-1002,Current,67.87,2024-11-14 10:57,65.0
SNS-1002-C,AST-1002,Current,71.29,2024-11-15 04:38,65.0
SNS-1002-C,AST-1002,Current,67.09,2024-11-16 22:52,65.0
SNS-1002-C,AST-1002,Current,63.18,2024-11-17 02:51,65.0
SNS-1002-C,AST-1002,Current,67.3,2024-11-18 03:37,65.0
SNS-1002-C,AST-1002,Current,63.54,2024-11-19 06:54,65.0
SNS-1002-C,AST-1002,Current,69.76,2024-11-20 08:53,65.0
SNS-1002-C,AST-1002,Current,65.72,2024-11-21 07:45,65.0
SNS-1002-C,AST-1002,Current,70.04,2024-11-22 21:55,65.0
SNS-1002-C,AST-1002,Current,66.75,2024-11-23 00:58,65.0
SNS-1002-C,AST-1002,Current,74.3,2024-11-24 18:47,65.0
SNS-1002-C,AST-1002,Current,64.26,2024-11-25 05:51,65.0
SNS-1002-C,AST-1002,Current,67.52,2024-11-26 16:12,65.0
SNS-1002-C,AST-1002,Current,69.71,2024-11-27 09:02,65.0
SNS-1002-C,AST-1002,Current,69.55,2024-11-28 06:14,65.0
SNS-1002-C,AST-1002,Current,63.94,2024-11-29 18:44,65.0
SNS-1002-C,AST-1002,Current,72.27,2024-11-30 09:15,65.0
SNS-1002-C,AST-1002,Current,68.95,2024-12-01 02:40,65.0
SNS-1002-C,AST-1002,Current,65.64,2024-12-02 07:15,65.0
SNS-1002-C,AST-1002,Current,61.05,2024-12-03 08:42,65.0
SNS-1002-C,AST-1002,Current,72.42,2024-12-04 22:21,65.0
SNS-1002-C,AST-1002,Current,60.27,2024-12-05 20:10,65.0
SNS-1002-C,AST-1002,Current,65.32,2024-12-06 03:54,65.0
SNS-1002-C,AST-1002,Current,66.84,2024-12-07 07:08,65.0
SNS-1002-C,AST-1002,Current,70.4,2024-12-08 05:34,65.0
SNS-1002-C,AST-1002,Current,63.35,2024-12-09 03:09,65.0
SNS-1002-C,AST-1002,Current,68.28,2024-12-10 08:29,65.0
SNS-1002-C,AST-1002,Current,63.86,2024-12-11 12:52,65.0
SNS-1002-C,AST-1002,Current,68.78,2024-12-12 08:11,65.0
SNS-1002-C,AST-1002,Current,62.71,2024-12-13 20:17,65.0
SNS-1002-C,AST-1002,Current,64.57,2024-12-14 17:35,65.0
SNS-1002-C,AST-1002,Current,69.21,2024-12-15 05:57,65.0
SNS-1002-C,AST-1002,Current,66.8,2024-12-16 17:12,65.0
SNS-1002-C,AST-1002,Current,66.93,2024-12-17 01:20,65.0
SNS-1002-C,AST-1002,Current,69.67,2024-12-18 08:33,65.0
SNS-1002-C,AST-1002,Current,65.08,2024-12-19 00:47,65.0
SNS-1002-C,AST-1002,Current,65.5,2024-12-20 11:42,65.0
SNS-1002-C,AST-1002,Current,64.73,2024-12-21 04:38,65.0
SNS-1002-C,AST-1002,Current,67.22,2024-12-22 15:53,65.0
SNS-1002-C,AST-1002,Current,66.42,2024-12-23 08:10,65.0
SNS-1002-C,AST-1002,Current,64.95,2024-12-24 19:22,65.0
SNS-1002-C,AST-1002,Current,68.79,2024-12-25 00:15,65.0
SNS-1002-C,AST-1002,Current,68.77,2024-12-26 18:13,65.0
SNS-1002-C,AST-1002,Current,69.3,2024-12-27 10:20,65.0
SNS-1002-C,AST-1002,Current,65.97,2024-12-28 11:09,65.0
SNS-1002-C,AST-1002,Current,66.25,2024-12-29 15:54,65.0
SNS-1002-C,AST-1002,Current,63.98,2024-12-30 01:06,65.0
SNS-1002-C,AST-1002,Current,68.41,2024-12-31 12:15,65.0
SNS-1002-C,AST-1002,Current,69.77,2025-01-01 17:12,65.0
SNS-1002-C,AST-1002,Current,68.52,2025-01-02 18:31,65.0
SNS-1002-C,AST-1002,Current,69.88,2025-01-03 19:42,65.0
SNS-1002-C,AST-1002,Current,71.69,2025-01-04 06:22,65.0
SNS-1002-C,AST-1002,Current,68.23,2025-01-05 04:20,65.0
SNS-1002-C,AST-1002,Current,71.84,2025-01-06 19:54,65.0
SNS-1002-C,AST-1002,Current,63.98,2025-01-07 09:58,65.0
SNS-1002-C,AST-1002,Current,64.93,2025-01-08 07:21,65.0
SNS-1002-C,AST-1002,Current,69.08,2025-01-09 07:57,65.0
SNS-1002-C,AST-1002,Current,64.33,2025-01-10 17:21,65.0
SNS-1002-C,AST-1002,Current,62.82,2025-01-11 11:13,65.0
SNS-1002-C,AST-1002,Current,65.98,2025-01-12 05:38,65.0
SNS-1002-C,AST-1002,Current,66.98,2025-01-13 01:28,65.0
SNS-1002-C,AST-1002,Current,64.11,2025-01-14 04:55,65.0
SNS-1002-C,AST-1002,Current,67.72,2025-01-15 02:51,65.0
SNS-1002-C,AST-1002,Current,68.48,2025-01-16 08:16,65.0
SNS-1002-C,AST-1002,Current,60.65,2025-01-17 19:35,65.0
SNS-1002-C,AST-1002,Current,66.63,2025-01-18 16:12,65.0
SNS-1002-C,AST-1002,Current,71.1,2025-01-19 08:43,65.0
SNS-1002-C,AST-1002,Current,62.62,2025-01-20 12:00,65.0
SNS-1002-C,AST-1002,Current,62.12,2025-01-21 10:37,65.0
SNS-1002-C,AST-1002,Current,60.24,2025-01-22 06:29,65.0
SNS-1002-C,AST-1002,Current,68.35,2025-01-23 19:02,65.0
SNS-1002-C,AST-1002,Current,64.6,2025-01-24 02:02,65.0
SNS-1002-C,AST-1002,Current,61.27,2025-01-25 06:14,65.0
SNS-1002-C,AST-1002,Current,64.05,2025-01-26 04:32,65.0
SNS-1002-C,AST-1002,Current,65.01,2025-01-27 22:08,65.0
SNS-1002-C,AST-1002,Current,65.9,2025-01-28 19:55,65.0
SNS-1002-C,AST-1002,Current,61.92,2025-01-29 04:20,65.0
SNS-1002-C,AST-1002,Current,65.95,2025-01-30 10:46,65.0
SNS-1002-C,AST-1002,Current,66.94,2025-01-31 12:44,65.0
SNS-1002-C,AST-1002,Current,67.64,2025-02-01 21:48,65.0
SNS-1002-C,AST-1002,Current,63.32,2025-02-02 20:22,65.0
SNS-1002-C,AST-1002,Current,65.5,2025-02-03 07:33,65.0
SNS-1002-C,AST-1002,Current,68.99,2025-02-04 05:15,65.0
SNS-1002-C,AST-1002,Current,68.3,2025-02-05 04:27,65.0
SNS-1002-C,AST-1002,Current,68.33,2025-02-06 05:05,65.0
SNS-1002-C,AST-1002,Current,67.36,2025-02-07 02:25,65.0
SNS-1002-C,AST-1002,Current,67.56,2025-02-08 15:54,65.0
SNS-1002-C,AST-1002,Current,68.26,2025-02-09 07:33,65.0
SNS-1002-C,AST-1002,Current,67.05,2025-02-10 10:40,65.0
SNS-1002-C,AST-1002,Current,61.08,2025-02-11 00:10,65.0
SNS-1002-C,AST-1002,Current,61.59,2025-02-12 01:47,65.0
SNS-1002-C,AST-1002,Current,62.31,2025-02-13 18:32,65.0
SNS-1002-C,AST-1002,Current,61.96,2025-02-14 15:26,65.0
SNS-1002-C,AST-1002,Current,62.84,2025-02-15 19:06,65.0
SNS-1002-C,AST-1002,Current,65.87,2025-02-16 18:34,65.0
SNS-1002-C,AST-1002,Current,62.25,2025-02-17 11:23,65.0
SNS-1002-C,AST-1002,Current,65.54,2025-02-18 00:37,65.0
SNS-1002-C,AST-1002,Current,66.92,2025-02-19 12:46,65.0
SNS-1002-C,AST-1002,Current,68.01,2025-02-20 18:10,65.0
SNS-1002-C,AST-1002,Current,65.14,2025-02-21 21:19,65.0
SNS-1002-C,AST-1002,Current,70.87,2025-02-22 11:21,65.0
SNS-1002-C,AST-1002,Current,65.76,2025-02-23 20:41,65.0
SNS-1002-C,AST-1002,Current,68.35,2025-02-24 09:32,65.0
SNS-1002-C,AST-1002,Current,67.07,2025-02-25 16:32,65.0
SNS-1002-C,AST-1002,Current,62.67,2025-02-26 09:16,65.0
SNS-1002-C,AST-1002,Current,68.38,2025-02-27 15:27,65.0
SNS-1002-C,AST-1002,Current,69.86,2025-02-28 20:20,65.0
SNS-1002-C,AST-1002,Current,66.28,2025-03-01 14:46,65.0
SNS-1002-C,AST-1002,Current,61.56,2025-03-02 16:30,65.0
SNS-1002-C,AST-1002,Current,66.4,2025-03-03 10:18,65.0
SNS-1002-C,AST-1002,Current,67.4,2025-03-04 16:22,65.0
SNS-1002-C,AST-1002,Current,61.62,2025-03-05 03:12,65.0
SNS-1002-C,AST-1002,Current,66.18,2025-03-06 20:16,65.0
SNS-1002-C,AST-1002,Current,69.9,2025-03-07 04:22,65.0
SNS-1002-C,AST-1002,Current,58.69,2025-03-08 09:43,65.0
SNS-1002-C,AST-1002,Current,64.11,2025-03-09 08:00,65.0
SNS-1002-C,AST-1002,Current,66.28,2025-03-10 10:47,65.0
SNS-1002-C,AST-1002,Current,68.32,2025-03-11 00:14,65.0
SNS-1002-C,AST-1002,Current,71.48,2025-03-12 16:32,65.0
SNS-1002-C,AST-1002,Current,63.91,2025-03-13 06:35,65.0
SNS-1002-C,AST-1002,Current,61.62,2025-03-14 04:26,65.0
SNS-1002-C,AST-1002,Current,67.73,2025-03-15 06:31,65.0
SNS-1002-C,AST-1002,Current,59.66,2025-03-16 04:51,65.0
SNS-1002-C,AST-1002,Current,59.72,2025-03-17 04:46,65.0
SNS-1002-C,AST-1002,Current,64.91,2025-03-18 04:16,65.0
SNS-1002-C,AST-1002,Current,67.37,2025-03-19 11:55,65.0
SNS-1002-C,AST-1002,Current,70.07,2025-03-20 20:01,65.0
SNS-1002-C,AST-1002,Current,62.15,2025-03-21 18:48,65.0
SNS-1002-C,AST-1002,Current,64.78,2025-03-22 11:01,65.0
SNS-1002-C,AST-1002,Current,65.44,2025-03-23 12:39,65.0
SNS-1002-C,AST-1002,Current,64.75,2025-03-24 04:50,65.0
SNS-1002-C,AST-1002,Current,65.53,2025-03-25 03:12,65.0
SNS-1002-C,AST-1002,Current,60.92,2025-03-26 22:57,65.0
SNS-1002-C,AST-1002,Current,64.19,2025-03-27 21:58,65.0
SNS-1002-C,AST-1002,Current,64.61,2025-03-28 02:51,65.0
SNS-1002-C,AST-1002,Current,65.38,2025-03-29 07:58,65.0
SNS-1002-C,AST-1002,Current,60.97,2025-03-30 22:11,65.0
SNS-1002-C,AST-1002,Current,63.43,2025-03-31 08:22,65.0
SNS-1002-C,AST-1002,Current,64.74,2025-04-01 16:07,65.0
SNS-1002-C,AST-1002,Current,65.81,2025-04-02 20:20,65.0
SNS-1002-C,AST-1002,Current,65.07,2025-04-03 20:03,65.0
SNS-1002-C,AST-1002,Current,62.13,2025-04-04 13:36,65.0
SNS-1002-C,AST-1002,Current,63.77,2025-04-05 16:18,65.0
SNS-1002-C,AST-1002,Current,62.79,2025-04-06 18:56,65.0
SNS-1002-C,AST-1002,Current,61.77,2025-04-07 09:42,65.0
SNS-1002-C,AST-1002,Current,61.55,2025-04-08 06:38,65.0
SNS-1002-C,AST-1002,Current,67.11,2025-04-09 22:23,65.0
SNS-1002-C,AST-1002,Current,69.22,2025-04-10 20:24,65.0
SNS-1002-C,AST-1002,Current,60.54,2025-04-11 03:01,65.0
SNS-1002-C,AST-1002,Current,58.84,2025-04-12 18:57,65.0
SNS-1002-C,AST-1002,Current,64.95,2025-04-13 08:03,65.0
SNS-1002-C,AST-1002,Current,61.98,2025-04-14 13:06,65.0
SNS-1002-C,AST-1002,Current,65.55,2025-04-15 05:18,65.0
SNS-1002-C,AST-1002,Current,64.98,2025-04-16 06:44,65.0
SNS-1002-C,AST-1002,Current,67.87,2025-04-17 08:14,65.0
SNS-1002-C,AST-1002,Current,64.39,2025-04-18 03:50,65.0
SNS-1002-C,AST-1002,Current,66.99,2025-04-19 15:35,65.0
SNS-1002-C,AST-1002,Current,64.7,2025-04-20 20:24,65.0
SNS-1002-C,AST-1002,Current,62.84,2025-04-21 20:32,65.0
SNS-1002-C,AST-1002,Current,64.13,2025-04-22 16:15,65.0
SNS-1002-C,AST-1002,Current,66.06,2025-04-23 10:29,65.0
SNS-1002-C,AST-1002,Current,60.69,2025-04-24 04:20,65.0
SNS-1002-C,AST-1002,Current,63.96,2025-04-25 22:08,65.0
SNS-1002-C,AST-1002,Current,57.63,2025-04-26 06:34,65.0
SNS-1002-C,AST-1002,Current,70.41,2025-04-27 08:18,65.0
SNS-1002-C,AST-1002,Current,69.27,2025-04-28 05:10,65.0
SNS-1002-C,AST-1002,Current,72.48,2025-04-29 01:43,65.0
SNS-1002-C,AST-1002,Current,68.08,2025-04-30 22:53,65.0
SNS-1002-C,AST-1002,Current,61.14,2025-05-01 01:52,65.0
SNS-1002-C,AST-1002,Current,64.9,2025-05-02 16:03,65.0
SNS-1002-C,AST-1002,Current,58.38,2025-05-03 08:00,65.0
SNS-1002-C,AST-1002,Current,64.99,2025-05-04 11:50,65.0
SNS-1002-C,AST-1002,Current,57.79,2025-05-05 13:27,65.0
SNS-1002-C,AST-1002,Current,61.68,2025-05-06 18:20,65.0
SNS-1002-C,AST-1002,Current,68.24,2025-05-07 19:25,65.0
SNS-1002-C,AST-1002,Current,62.22,2025-05-08 17:15,65.0
SNS-1002-C,AST-1002,Current,46.29,2025-05-09 02:11,65.0
SNS-1002-C,AST-1002,Current,64.02,2025-05-10 12:46,65.0
SNS-1002-C,AST-1002,Current,62.38,2025-05-11 17:13,65.0
SNS-1002-C,AST-1002,Current,63.32,2025-05-12 21:56,65.0
SNS-1002-C,AST-1002,Current,62.43,2025-05-13 07:56,65.0
SNS-1002-C,AST-1002,Current,62.3,2025-05-14 16:10,65.0
SNS-1002-C,AST-1002,Current,62.95,2025-05-15 15:05,65.0
SNS-1002-C,AST-1002,Current,63.48,2025-05-16 22:40,65.0
SNS-1002-C,AST-1002,Current,61.52,2025-05-17 06:14,65.0
SNS-1002-C,AST-1002,Current,66.2,2025-05-18 04:33,65.0
SNS-1002-C,AST-1002,Current,67.11,2025-05-19 10:00,65.0
SNS-1002-C,AST-1002,Current,62.54,2025-05-20 01:57,65.0
SNS-1002-C,AST-1002,Current,64.0,2025-05-21 13:44,65.0
SNS-1002-C,AST-1002,Current,68.58,2025-05-22 13:48,65.0
SNS-1002-C,AST-1002,Current,66.24,2025-05-23 21:23,65.0
SNS-1002-C,AST-1002,Current,66.01,2025-05-24 18:41,65.0
SNS-1002-C,AST-1002,Current,60.18,2025-05-25 05:41,65.0
SNS-1002-C,AST-1002,Current,61.55,2025-05-26 17:40,65.0
SNS-1002-C,AST-1002,Current,61.71,2025-05-27 17:51,65.0
SNS-1002-C,AST-1002,Current,61.7,2025-05-28 22:34,65.0
SNS-1002-C,AST-1002,Current,64.16,2025-05-29 02:23,65.0
SNS-1002-C,AST-1002,Current,65.84,2025-05-30 06:07,65.0
SNS-1002-C,AST-1002,Current,61.5,2025-05-31 05:15,65.0
SNS-1002-C,AST-1002,Current,62.69,2025-06-01 15:07,65.0
SNS-1002-C,AST-1002,Current,62.68,2025-06-02 09:35,65.0
SNS-1002-C,AST-1002,Current,62.23,2025-06-03 11:04,65.0
SNS-1002-C,AST-1002,Current,64.23,2025-06-04 03:40,65.0
SNS-1002-C,AST-1002,Current,62.77,2025-06-05 09:36,65.0
SNS-1002-C,AST-1002,Current,69.44,2025-06-06 11:16,65.0
SNS-1002-C,AST-1002,Current,63.6,2025-06-07 09:07,65.0
SNS-1002-C,AST-1002,Current,63.18,2025-06-08 03:08,65.0
SNS-1002-C,AST-1002,Current,69.97,2025-06-09 22:05,65.0
SNS-1002-C,AST-1002,Current,66.49,2025-06-10 20:30,65.0
SNS-1002-C,AST-1002,Current,63.25,2025-06-11 07:17,65.0
SNS-1002-C,AST-1002,Current,66.53,2025-06-12 15:47,65.0
SNS-1002-C,AST-1002,Current,63.44,2025-06-13 14:27,65.0
SNS-1002-C,AST-1002,Current,62.42,2025-06-14 20:23,65.0
SNS-1002-C,AST-1002,Current,67.6,2025-06-15 11:20,65.0
SNS-1002-C,AST-1002,Current,65.59,2025-06-16 10:38,65.0
SNS-1002-C,AST-1002,Current,64.96,2025-06-17 05:54,65.0
SNS-1002-C,AST-1002,Current,66.48,2025-06-18 19:17,65.0
SNS-1002-C,AST-1002,Current,61.52,2025-06-19 12:41,65.0
SNS-1002-C,AST-1002,Current,61.71,2025-06-20 02:15,65.0
SNS-1002-C,AST-1002,Current,65.38,2025-06-21 14:49,65.0
SNS-1002-C,AST-1002,Current,57.63,2025-06-22 00:50,65.0
SNS-1002-C,AST-1002,Current,65.57,2025-06-23 19:08,65.0
SNS-1002-C,AST-1002,Current,67.53,2025-06-24 17:47,65.0
SNS-1002-C,AST-1002,Current,65.3,2025-06-25 21:26,65.0
SNS-1002-C,AST-1002,Current,62.95,2025-06-26 04:02,65.0
SNS-1002-C,AST-1002,Current,63.49,2025-06-27 19:34,65.0
SNS-1002-C,AST-1002,Current,67.15,2025-06-28 22:36,65.0
SNS-1002-C,AST-1002,Current,63.95,2025-06-29 15:45,65.0
SNS-1002-C,AST-1002,Current,68.07,2025-06-30 06:05,65.0
SNS-1002-C,AST-1002,Current,64.21,2025-07-01 05:54,65.0
SNS-1002-C,AST-1002,Current,64.46,2025-07-02 20:58,65.0
SNS-1002-C,AST-1002,Current,62.56,2025-07-03 22:46,65.0
SNS-1002-C,AST-1002,Current,64.38,2025-07-04 08:16,65.0
SNS-1002-C,AST-1002,Current,62.69,2025-07-05 21:02,65.0
SNS-1002-C,AST-1002,Current,67.24,2025-07-06 21:44,65.0
SNS-1002-C,AST-1002,Current,67.74,2025-07-07 04:32,65.0
SNS-1002-C,AST-1002,Current,66.09,2025-07-08 04:35,65.0
SNS-1002-C,AST-1002,Current,65.75,2025-07-09 00:11,65.0
SNS-1002-C,AST-1002,Current,62.41,2025-07-10 08:00,65.0
SNS-1002-C,AST-1002,Current,62.11,2025-07-11 02:06,65.0
SNS-1002-C,AST-1002,Current,65.58,2025-07-12 08:50,65.0
SNS-1002-C,AST-1002,Current,62.88,2025-07-13 21:29,65.0
SNS-1002-C,AST-1002,Current,69.5,2025-07-14 02:38,65.0
SNS-1002-C,AST-1002,Current,63.39,2025-07-15 18:54,65.0
SNS-1002-C,AST-1002,Current,69.51,2025-07-16 22:49,65.0
SNS-1002-C,AST-1002,Current,60.19,2025-07-17 05:45,65.0
SNS-1002-C,AST-1002,Current,62.71,2025-07-18 00:56,65.0
SNS-1002-C,AST-1002,Current,63.22,2025-07-19 18:16,65.0
SNS-1002-C,AST-1002,Current,61.73,2025-07-20 08:38,65.0
SNS-1002-C,AST-1002,Current,63.43,2025-07-21 01:05,65.0
SNS-1002-C,AST-1002,Current,69.13,2025-07-22 05:33,65.0
SNS-1002-C,AST-1002,Current,64.36,2025-07-23 06:24,65.0
SNS-1002-C,AST-1002,Current,62.02,2025-07-24 03:36,65.0
SNS-1002-C,AST-1002,Current,65.61,2025-07-25 04:19,65.0
SNS-1002-C,AST-1002,Current,61.88,2025-07-26 13:13,65.0
SNS-1002-C,AST-1002,Current,70.12,2025-07-27 11:48,65.0
SNS-1002-C,AST-1002,Current,66.12,2025-07-28 22:30,65.0
SNS-1002-C,AST-1002,Current,65.36,2025-07-29 17:51,65.0
SNS-1002-C,AST-1002,Current,65.32,2025-07-30 04:32,65.0
SNS-1002-C,AST-1002,Current,66.02,2025-07-31 07:54,65.0
SNS-1002-C,AST-1002,Current,66.67,2025-08-01 02:19,65.0
SNS-1002-C,AST-1002,Current,62.6,2025-08-02 04:47,65.0
SNS-1002-C,AST-1002,Current,65.02,2025-08-03 06:01,65.0
SNS-1002-C,AST-1002,Current,61.6,2025-08-04 22:23,65.0
SNS-1002-C,AST-1002,Current,66.97,2025-08-05 16:33,65.0
SNS-1002-C,AST-1002,Current,65.44,2025-08-06 15:52,65.0
SNS-1002-C,AST-1002,Current,68.87,2025-08-07 06:46,65.0
SNS-1002-C,AST-1002,Current,68.41,2025-08-08 12:14,65.0
SNS-1002-C,AST-1002,Current,66.83,2025-08-09 12:16,65.0
SNS-1002-C,AST-1002,Current,69.25,2025-08-10 08:03,65.0
SNS-1002-C,AST-1002,Current,62.29,2025-08-11 08:39,65.0
SNS-1002-C,AST-1002,Current,70.22,2025-08-12 15:06,65.0
SNS-1002-C,AST-1002,Current,62.0,2025-08-13 09:25,65.0
SNS-1002-C,AST-1002,Current,68.58,2025-08-14 16:18,65.0
SNS-1002-C,AST-1002,Current,64.66,2025-08-15 13:20,65.0
SNS-1002-C,AST-1002,Current,65.39,2025-08-16 12:27,65.0
SNS-1002-C,AST-1002,Current,72.72,2025-08-17 06:08,65.0
SNS-1002-C,AST-1002,Current,66.5,2025-08-18 14:51,65.0
SNS-1002-C,AST-1002,Current,62.4,2025-08-19 19:51,65.0
SNS-1002-C,AST-1002,Current,65.01,2025-08-20 19:00,65.0
SNS-1002-C,AST-1002,Current,64.92,2025-08-21 10:18,65.0
SNS-1002-C,AST-1002,Current,66.56,2025-08-22 03:20,65.0
SNS-1002-C,AST-1002,Current,69.05,2025-08-23 20:18,65.0
SNS-1002-C,AST-1002,Current,67.71,2025-08-24 01:15,65.0
SNS-1002-C,AST-1002,Current,65.24,2025-08-25 07:33,65.0
SNS-1002-C,AST-1002,Current,64.26,2025-08-26 10:57,65.0
SNS-1002-C,AST-1002,Current,68.85,2025-08-27 01:28,65.0
SNS-1002-C,AST-1002,Current,61.79,2025-08-28 02:04,65.0
SNS-1002-C,AST-1002,Current,67.51,2025-08-29 12:27,65.0
SNS-1002-C,AST-1002,Current,64.41,2025-08-30 17:47,65.0
SNS-1002-C,AST-1002,Current,67.72,2025-08-31 19:54,65.0
SNS-1002-C,AST-1002,Current,69.56,2025-09-01 01:56,65.0
SNS-1002-C,AST-1002,Current,68.17,2025-09-02 02:04,65.0
SNS-1002-C,AST-1002,Current,65.11,2025-09-03 05:28,65.0
SNS-1002-C,AST-1002,Current,68.86,2025-09-04 12:30,65.0
SNS-1002-C,AST-1002,Current,57.99,2025-09-05 00:05,65.0
SNS-1002-C,AST-1002,Current,67.22,2025-09-06 20:54,65.0
SNS-1002-C,AST-1002,Current,64.56,2025-09-07 21:16,65.0
SNS-1002-C,AST-1002,Current,62.41,2025-09-08 20:50,65.0
SNS-1002-C,AST-1002,Current,66.48,2025-09-09 17:05,65.0
SNS-1002-C,AST-1002,Current,70.27,2025-09-10 21:17,65.0
SNS-1002-C,AST-1002,Current,66.16,2025-09-11 03:04,65.0
SNS-1002-C,AST-1002,Current,70.13,2025-09-12 19:43,65.0
SNS-1002-C,AST-1002,Current,65.66,2025-09-13 21:03,65.0
SNS-1002-C,AST-1002,Current,65.53,2025-09-14 09:10,65.0
SNS-1002-C,AST-1002,Current,68.32,2025-09-15 04:12,65.0
SNS-1002-C,AST-1002,Current,66.33,2025-09-16 13:52,65.0
SNS-1002-C,AST-1002,Current,62.39,2025-09-17 15:39,65.0
SNS-1002-C,AST-1002,Current,72.11,2025-09-18 19:45,65.0
SNS-1002-C,AST-1002,Current,65.02,2025-09-19 17:00,65.0
SNS-1002-C,AST-1002,Current,68.66,2025-09-20 00:29,65.0
SNS-1002-C,AST-1002,Current,68.87,2025-09-21 03:38,65.0
SNS-1002-C,AST-1002,Current,72.96,2025-09-22 04:12,65.0
SNS-1002-C,AST-1002,Current,65.56,2025-09-23 05:23,65.0
SNS-1002-C,AST-1002,Current,64.23,2025-09-24 16:07,65.0
SNS-1002-C,AST-1002,Current,72.44,2025-09-25 20:04,65.0
SNS-1002-C,AST-1002,Current,70.14,2025-09-26 20:24,65.0
SNS-1002-C,AST-1002,Current,72.12,2025-09-27 06:08,65.0
SNS-1002-C,AST-1002,Current,65.73,2025-09-28 22:34,65.0
SNS-1002-C,AST-1002,Current,65.3,2025-09-29 08:26,65.0
SNS-1002-C,AST-1002,Current,63.67,2025-09-30 21:58,65.0
SNS-1002-C,AST-1002,Current,65.01,2025-10-01 03:24,65.0
SNS-1002-C,AST-1002,Current,65.2,2025-10-02 10:16,65.0
SNS-1002-C,AST-1002,Current,63.29,2025-10-03 02:25,65.0
SNS-1002-C,AST-1002,Current,69.41,2025-10-04 10:58,65.0
SNS-1002-C,AST-1002,Current,67.91,2025-10-05 22:45,65.0
SNS-1002-C,AST-1002,Current,67.85,2025-10-06 12:54,65.0
SNS-1002-C,AST-1002,Current,68.78,2025-10-07 19:39,65.0
SNS-1002-C,AST-1002,Current,67.12,2025-10-08 03:48,65.0
SNS-1002-C,AST-1002,Current,68.75,2025-10-09 18:38,65.0
SNS-1002-C,AST-1002,Current,62.46,2025-10-10 19:05,65.0
SNS-1002-C,AST-1002,Current,63.82,2025-10-11 11:31,65.0
SNS-1002-C,AST-1002,Current,66.51,2025-10-12 18:31,65.0
SNS-1002-C,AST-1002,Current,65.2,2025-10-13 00:36,65.0
SNS-1002-C,AST-1002,Current,65.94,2025-10-14 18:36,65.0
SNS-1002-C,AST-1002,Current,70.79,2025-10-15 14:37,65.0
SNS-1002-C,AST-1002,Current,68.97,2025-10-16 04:56,65.0
SNS-1002-C,AST-1002,Current,71.04,2025-10-17 15:05,65.0
SNS-1002-C,AST-1002,Current,70.76,2025-10-18 00:32,65.0
SNS-1002-C,AST-1002,Current,65.01,2025-10-19 22:52,65.0
SNS-1002-C,AST-1002,Current,66.1,2025-10-20 10:38,65.0
SNS-1002-C,AST-1002,Current,68.73,2025-10-21 07:25,65.0
SNS-1002-C,AST-1002,Current,67.5,2025-10-22 09:52,65.0
SNS-1002-C,AST-1002,Current,66.02,2025-10-23 12:56,65.0
SNS-1002-C,AST-1002,Current,68.22,2025-10-24 08:11,65.0
SNS-1002-C,AST-1002,Current,66.71,2025-10-25 17:45,65.0
SNS-1002-C,AST-1002,Current,68.6,2025-10-26 04:52,65.0
SNS-1002-C,AST-1002,Current,65.95,2025-10-27 01:50,65.0
SNS-1002-C,AST-1002,Current,68.36,2025-10-28 22:15,65.0
SNS-1002-C,AST-1002,Current,59.62,2025-10-29 01:33,65.0
SNS-1002-C,AST-1002,Current,66.67,2025-10-30 09:02,65.0
SNS-1002-C,AST-1002,Current,66.15,2025-10-31 04:19,65.0
SNS-1002-C,AST-1002,Current,67.92,2025-11-01 01:42,65.0
SNS-1002-C,AST-1002,Current,68.5,2025-11-02 17:26,65.0
SNS-1002-C,AST-1002,Current,64.85,2025-11-03 20:02,65.0
SNS-1002-C,AST-1002,Current,60.7,2025-11-04 00:27,65.0
SNS-1002-C,AST-1002,Current,65.87,2025-11-05 14:55,65.0
SNS-1002-C,AST-1002,Current,69.29,2025-11-06 02:13,65.0
SNS-1002-C,AST-1002,Current,63.31,2025-11-07 10:56,65.0
SNS-1002-C,AST-1002,Current,65.65,2025-11-08 18:55,65.0
SNS-1002-C,AST-1002,Current,65.95,2025-11-09 07:23,65.0
SNS-1002-C,AST-1002,Current,67.79,2025-11-10 19:26,65.0
SNS-1002-C,AST-1002,Current,67.86,2025-11-11 11:45,65.0
SNS-1002-C,AST-1002,Current,66.8,2025-11-12 14:14,65.0
SNS-1002-C,AST-1002,Current,65.57,2025-11-13 13:10,65.0
SNS-1002-C,AST-1002,Current,69.2,2025-11-14 09:20,65.0
SNS-1002-C,AST-1002,Current,74.04,2025-11-15 15:18,65.0
SNS-1002-C,AST-1002,Current,68.54,2025-11-16 17:50,65.0
SNS-1002-C,AST-1002,Current,64.97,2025-11-17 12:38,65.0
SNS-1002-C,AST-1002,Current,62.17,2025-11-18 16:03,65.0
SNS-1002-C,AST-1002,Current,70.55,2025-11-19 03:58,65.0
SNS-1002-C,AST-1002,Current,66.31,2025-11-20 17:24,65.0
SNS-1002-C,AST-1002,Current,70.18,2025-11-21 07:58,65.0
SNS-1002-C,AST-1002,Current,66.98,2025-11-22 03:12,65.0
SNS-1002-C,AST-1002,Current,64.87,2025-11-23 09:45,65.0
SNS-1002-C,AST-1002,Current,66.57,2025-11-24 22:10,65.0
SNS-1002-C,AST-1002,Current,64.19,2025-11-25 22:48,65.0
SNS-1002-C,AST-1002,Current,67.16,2025-11-26 11:49,65.0
SNS-1002-C,AST-1002,Current,65.18,2025-11-27 06:45,65.0
SNS-1002-C,AST-1002,Current,64.61,2025-11-28 17:37,65.0
SNS-1002-C,AST-1002,Current,72.18,2025-11-29 19:39,65.0
SNS-1002-C,AST-1002,Current,66.95,2025-11-30 12:52,65.0
SNS-1002-C,AST-1002,Current,64.56,2025-12-01 11:52,65.0
SNS-1002-C,AST-1002,Current,62.37,2025-12-02 08:52,65.0
SNS-1002-C,AST-1002,Current,70.49,2025-12-03 06:38,65.0
SNS-1002-C,AST-1002,Current,57.8,2025-12-04 20:45,65.0
SNS-1002-C,AST-1002,Current,68.3,2025-12-05 04:16,65.0
SNS-1002-C,AST-1002,Current,63.65,2025-12-06 16:37,65.0
SNS-1002-C,AST-1002,Current,71.15,2025-12-07 14:46,65.0
SNS-1002-C,AST-1002,Current,67.03,2025-12-08 20:36,65.0
SNS-1002-C,AST-1002,Current,67.01,2025-12-09 12:21,65.0
SNS-1002-C,AST-1002,Current,70.33,2025-12-10 10:49,65.0
SNS-1002-C,AST-1002,Current,69.95,2025-12-11 22:49,65.0
SNS-1002-C,AST-1002,Current,69.81,2025-12-12 07:31,65.0
SNS-1002-C,AST-1002,Current,66.75,2025-12-13 12:38,65.0
SNS-1002-C,AST-1002,Current,63.03,2025-12-14 11:51,65.0
SNS-1002-C,AST-1002,Current,66.91,2025-12-15 00:10,65.0
SNS-1002-C,AST-1002,Current,65.6,2025-12-16 09:51,65.0
SNS-1002-C,AST-1002,Current,65.07,2025-12-17 02:46,65.0
SNS-1002-C,AST-1002,Current,66.38,2025-12-18 07:44,65.0
SNS-1002-C,AST-1002,Current,65.9,2025-12-19 04:47,65.0
SNS-1002-C,AST-1002,Current,67.66,2025-12-20 04:17,65.0
SNS-1002-C,AST-1002,Current,65.34,2025-12-21 14:58,65.0
SNS-1002-C,AST-1002,Current,63.34,2025-12-22 12:33,65.0
SNS-1002-C,AST-1002,Current,66.26,2025-12-23 10:15,65.0
SNS-1002-C,AST-1002,Current,68.81,2025-12-24 09:03,65.0
SNS-1002-C,AST-1002,Current,60.62,2025-12-25 03:55,65.0
SNS-1002-C,AST-1002,Current,67.63,2025-12-26 04:20,65.0
SNS-1002-C,AST-1002,Current,63.74,2025-12-27 05:54,65.0
SNS-1002-C,AST-1002,Current,66.81,2025-12-28 13:30,65.0
SNS-1002-C,AST-1002,Current,67.54,2025-12-29 00:03,65.0
SNS-1002-C,AST-1002,Current,63.34,2025-12-30 19:21,65.0
SNS-1002-C,AST-1002,Current,66.72,2025-12-31 09:06,65.0
SNS-1002-C,AST-1002,Current,68.78,2026-01-01 10:32,65.0
SNS-1002-C,AST-1002,Current,63.82,2026-01-02 12:25,65.0
SNS-1002-C,AST-1002,Current,64.13,2026-01-03 11:35,65.0
SNS-1002-C,AST-1002,Current,68.92,2026-01-04 09:54,65.0
SNS-1002-C,AST-1002,Current,66.51,2026-01-05 10:57,65.0
SNS-1002-C,AST-1002,Current,70.48,2026-01-06 16:15,65.0
SNS-1002-C,AST-1002,Current,57.03,2026-01-07 11:50,65.0
SNS-1002-C,AST-1002,Current,66.53,2026-01-08 17:43,65.0
SNS-1002-C,AST-1002,Current,68.85,2026-01-09 02:54,65.0
SNS-1002-C,AST-1002,Current,59.5,2026-01-10 15:12,65.0
SNS-1002-C,AST-1002,Current,63.78,2026-01-11 06:11,65.0
SNS-1002-C,AST-1002,Current,70.47,2026-01-12 18:55,65.0
SNS-1002-C,AST-1002,Current,63.92,2026-01-13 01:32,65.0
SNS-1002-C,AST-1002,Current,68.31,2026-01-14 22:15,65.0
SNS-1002-C,AST-1002,Current,64.15,2026-01-15 11:14,65.0
SNS-1002-C,AST-1002,Current,61.77,2026-01-16 08:00,65.0
SNS-1002-C,AST-1002,Current,72.04,2026-01-17 07:00,65.0
SNS-1002-C,AST-1002,Current,62.39,2026-01-18 03:29,65.0
SNS-1002-C,AST-1002,Current,62.81,2026-01-19 14:47,65.0
SNS-1002-C,AST-1002,Current,69.0,2026-01-20 09:41,65.0
SNS-1002-C,AST-1002,Current,57.24,2026-01-21 09:44,65.0
SNS-1002-C,AST-1002,Current,64.11,2026-01-22 08:13,65.0
SNS-1002-C,AST-1002,Current,62.55,2026-01-23 18:46,65.0
SNS-1002-C,AST-1002,Current,60.59,2026-01-24 16:44,65.0
SNS-1002-C,AST-1002,Current,70.2,2026-01-25 10:50,65.0
SNS-1002-C,AST-1002,Current,71.54,2026-01-26 19:16,65.0
SNS-1002-C,AST-1002,Current,65.64,2026-01-27 02:40,65.0
SNS-1002-C,AST-1002,Current,62.95,2026-01-28 09:11,65.0
SNS-1002-C,AST-1002,Current,70.7,2026-01-29 08:43,65.0
SNS-1002-C,AST-1002,Current,67.03,2026-01-30 21:40,65.0
SNS-1002-C,AST-1002,Current,69.49,2026-01-31 18:11,65.0
SNS-1002-C,AST-1002,Current,62.31,2026-02-01 20:25,65.0
SNS-1002-C,AST-1002,Current,72.72,2026-02-02 21:54,65.0
SNS-1002-C,AST-1002,Current,64.34,2026-02-03 18:04,65.0
SNS-1002-C,AST-1002,Current,71.2,2026-02-04 12:09,65.0
SNS-1002-C,AST-1002,Current,65.27,2026-02-05 03:04,65.0
SNS-1002-C,AST-1002,Current,64.95,2026-02-06 16:47,65.0
SNS-1002-C,AST-1002,Current,66.54,2026-02-07 01:15,65.0
SNS-1002-C,AST-1002,Current,56.16,2026-02-08 17:35,65.0
SNS-1002-C,AST-1002,Current,62.46,2026-02-09 08:43,65.0
SNS-1002-C,AST-1002,Current,64.43,2026-02-10 16:53,65.0
SNS-1002-C,AST-1002,Current,65.4,2026-02-11 06:55,65.0
SNS-1002-C,AST-1002,Current,67.63,2026-02-12 02:25,65.0
SNS-1002-C,AST-1002,Current,65.18,2026-02-13 07:04,65.0
SNS-1002-C,AST-1002,Current,61.89,2026-02-14 17:49,65.0
SNS-1002-C,AST-1002,Current,69.03,2026-02-15 04:07,65.0
SNS-1002-C,AST-1002,Current,63.1,2026-02-16 03:58,65.0
SNS-1002-C,AST-1002,Current,64.84,2026-02-17 06:33,65.0
SNS-1002-C,AST-1002,Current,63.22,2026-02-18 18:19,65.0
SNS-1002-C,AST-1002,Current,69.85,2026-02-19 19:35,65.0
SNS-1002-C,AST-1002,Current,67.06,2026-02-20 11:45,65.0
SNS-1002-C,AST-1002,Current,68.97,2026-02-21 07:24,65.0
SNS-1002-C,AST-1002,Current,63.33,2026-02-22 22:29,65.0
SNS-1002-C,AST-1002,Current,63.43,2026-02-23 12:32,65.0
SNS-1002-C,AST-1002,Current,63.62,2026-02-24 15:43,65.0
SNS-1002-C,AST-1002,Current,62.5,2026-02-25 08:44,65.0
SNS-1002-C,AST-1002,Current,61.16,2026-02-26 18:45,65.0
SNS-1002-C,AST-1002,Current,67.56,2026-02-27 13:14,65.0
SNS-1002-C,AST-1002,Current,66.14,2026-02-28 17:38,65.0
SNS-1002-C,AST-1002,Current,61.51,2026-03-01 17:33,65.0
SNS-1002-C,AST-1002,Current,67.31,2026-03-02 04:12,65.0
SNS-1002-C,AST-1002,Current,66.13,2026-03-03 04:03,65.0
SNS-1002-C,AST-1002,Current,60.0,2026-03-04 22:27,65.0
SNS-1002-C,AST-1002,Current,70.42,2026-03-05 15:16,65.0
SNS-1002-C,AST-1002,Current,65.09,2026-03-06 01:45,65.0
SNS-1002-C,AST-1002,Current,67.86,2026-03-07 08:38,65.0
SNS-1002-C,AST-1002,Current,60.82,2026-03-08 00:54,65.0
SNS-1002-C,AST-1002,Current,68.43,2026-03-09 10:51,65.0
SNS-1002-C,AST-1002,Current,66.03,2026-03-10 12:01,65.0
SNS-1002-C,AST-1002,Current,65.97,2026-03-11 13:08,65.0
SNS-1002-C,AST-1002,Current,61.64,2026-03-12 08:29,65.0
SNS-1002-C,AST-1002,Current,65.68,2026-03-13 20:27,65.0
SNS-1002-C,AST-1002,Current,66.02,2026-03-14 03:39,65.0
SNS-1002-C,AST-1002,Current,63.58,2026-03-15 03:05,65.0
SNS-1002-C,AST-1002,Current,60.06,2026-03-16 02:40,65.0
SNS-1002-C,AST-1002,Current,64.87,2026-03-17 21:55,65.0
SNS-1002-C,AST-1002,Current,63.61,2026-03-18 14:01,65.0
SNS-1002-C,AST-1002,Current,64.72,2026-03-19 07:04,65.0
SNS-1002-C,AST-1002,Current,66.87,2026-03-20 15:27,65.0
SNS-1002-C,AST-1002,Current,61.83,2026-03-21 02:47,65.0
SNS-1002-C,AST-1002,Current,63.72,2026-03-22 13:20,65.0
SNS-1002-C,AST-1002,Current,66.45,2026-03-23 09:34,65.0
SNS-1002-C,AST-1002,Current,60.81,2026-03-24 06:32,65.0
SNS-1002-C,AST-1002,Current,62.46,2026-03-25 12:51,65.0
SNS-1002-C,AST-1002,Current,64.36,2026-03-26 01:24,65.0
SNS-1002-C,AST-1002,Current,61.2,2026-03-27 17:53,65.0
SNS-1002-C,AST-1002,Current,65.28,2026-03-28 04:48,65.0
SNS-1002-C,AST-1002,Current,66.63,2026-03-29 13:33,65.0
SNS-1002-C,AST-1002,Current,65.41,2026-03-30 11:35,65.0
SNS-1002-C,AST-1002,Current,62.64,2026-03-31 10:50,65.0
SNS-1002-C,AST-1002,Current,61.97,2026-04-01 06:58,65.0
SNS-1002-C,AST-1002,Current,63.33,2026-04-02 06:15,65.0
SNS-1002-C,AST-1002,Current,65.23,2026-04-03 16:57,65.0
SNS-1002-C,AST-1002,Current,62.52,2026-04-04 22:41,65.0
SNS-1002-C,AST-1002,Current,69.41,2026-04-05 21:06,65.0
SNS-1002-C,AST-1002,Current,66.79,2026-04-06 04:29,65.0
SNS-1002-C,AST-1002,Current,65.8,2026-04-07 05:35,65.0
SNS-1002-C,AST-1002,Current,61.94,2026-04-08 12:26,65.0
SNS-1002-C,AST-1002,Current,60.81,2026-04-09 06:09,65.0
SNS-1002-C,AST-1002,Current,68.56,2026-04-10 02:44,65.0
SNS-1002-C,AST-1002,Current,65.59,2026-04-11 21:42,65.0
SNS-1002-C,AST-1002,Current,60.79,2026-04-12 01:06,65.0
SNS-1002-C,AST-1002,Current,61.43,2026-04-13 17:30,65.0
SNS-1002-C,AST-1002,Current,65.55,2026-04-14 12:57,65.0
SNS-1002-C,AST-1002,Current,56.27,2026-04-15 06:14,65.0
SNS-1002-C,AST-1002,Current,62.4,2026-04-16 20:11,65.0
SNS-1002-C,AST-1002,Current,60.26,2026-04-17 14:30,65.0
SNS-1002-C,AST-1002,Current,60.4,2026-04-18 09:46,65.0
SNS-1002-C,AST-1002,Current,63.53,2026-04-19 03:05,65.0
SNS-1002-C,AST-1002,Current,64.61,2026-04-20 01:31,65.0
SNS-1002-C,AST-1002,Current,67.05,2026-04-21 19:05,65.0
SNS-1002-C,AST-1002,Current,62.81,2026-04-22 21:58,65.0
SNS-1002-C,AST-1002,Current,60.03,2026-04-23 00:02,65.0
SNS-1002-C,AST-1002,Current,63.16,2026-04-24 20:11,65.0
SNS-1002-C,AST-1002,Current,61.54,2026-04-25 21:27,65.0
SNS-1002-C,AST-1002,Current,64.08,2026-04-26 13:25,65.0
SNS-1002-C,AST-1002,Current,61.55,2026-04-27 22:32,65.0
SNS-1002-C,AST-1002,Current,66.22,2026-04-28 04:47,65.0
SNS-1002-C,AST-1002,Current,64.28,2026-04-29 18:16,65.0
SNS-1002-C,AST-1002,Current,64.45,2026-04-30 17:37,65.0
SNS-1002-C,AST-1002,Current,62.83,2026-05-01 18:10,65.0
SNS-1002-C,AST-1002,Current,66.04,2026-05-02 19:33,65.0
SNS-1002-C,AST-1002,Current,67.88,2026-05-03 14:17,65.0
SNS-1002-C,AST-1002,Current,65.7,2026-05-04 01:00,65.0
SNS-1002-C,AST-1002,Current,60.89,2026-05-05 08:44,65.0
SNS-1002-C,AST-1002,Current,63.63,2026-05-06 14:21,65.0
SNS-1002-C,AST-1002,Current,57.42,2026-05-07 21:50,65.0
SNS-1002-C,AST-1002,Current,64.14,2026-05-08 17:41,65.0
SNS-1002-C,AST-1002,Current,66.87,2026-05-09 16:58,65.0
SNS-1002-C,AST-1002,Current,67.5,2026-05-10 15:19,65.0
SNS-1002-C,AST-1002,Current,63.06,2026-05-11 20:12,65.0
SNS-1002-C,AST-1002,Current,60.35,2026-05-12 11:13,65.0
SNS-1002-C,AST-1002,Current,69.25,2026-05-13 15:04,65.0
SNS-1002-C,AST-1002,Current,66.49,2026-05-14 01:58,65.0
SNS-1002-C,AST-1002,Current,64.97,2026-05-15 03:00,65.0
SNS-1002-C,AST-1002,Current,65.53,2026-05-16 05:44,65.0
SNS-1002-C,AST-1002,Current,63.49,2026-05-17 18:44,65.0
SNS-1002-C,AST-1002,Current,65.39,2026-05-18 03:57,65.0
SNS-1002-C,AST-1002,Current,60.01,2026-05-19 01:55,65.0
SNS-1002-C,AST-1002,Current,69.56,2026-05-20 19:01,65.0
SNS-1002-C,AST-1002,Current,66.72,2026-05-21 10:04,65.0
SNS-1002-C,AST-1002,Current,62.14,2026-05-22 00:42,65.0
SNS-1002-C,AST-1002,Current,69.24,2026-05-23 09:33,65.0
SNS-1002-C,AST-1002,Current,66.34,2026-05-24 11:38,65.0
SNS-1002-C,AST-1002,Current,60.66,2026-05-25 08:45,65.0
SNS-1002-C,AST-1002,Current,66.73,2026-05-26 07:52,65.0
SNS-1002-C,AST-1002,Current,65.1,2026-05-27 03:04,65.0
SNS-1002-C,AST-1002,Current,64.18,2026-05-28 09:11,65.0
SNS-1002-C,AST-1002,Current,67.98,2026-05-29 15:28,65.0
SNS-1002-C,AST-1002,Current,64.99,2026-05-30 16:48,65.0
SNS-1002-C,AST-1002,Current,63.68,2026-05-31 20:19,65.0
SNS-1002-C,AST-1002,Current,65.19,2026-06-01 05:27,65.0
SNS-1002-C,AST-1002,Current,66.14,2026-06-02 03:48,65.0
SNS-1002-C,AST-1002,Current,67.41,2026-06-03 09:21,65.0
SNS-1002-C,AST-1002,Current,62.9,2026-06-04 12:40,65.0
SNS-1002-C,AST-1002,Current,61.61,2026-06-05 04:55,65.0
SNS-1002-C,AST-1002,Current,65.86,2026-06-06 16:16,65.0
SNS-1002-C,AST-1002,Current,61.3,2026-06-07 12:52,65.0
SNS-1002-C,AST-1002,Current,61.46,2026-06-08 15:44,65.0
SNS-1002-C,AST-1002,Current,63.87,2026-06-09 08:19,65.0
SNS-1002-C,AST-1002,Current,61.55,2026-06-10 04:41,65.0
SNS-1002-C,AST-1002,Current,65.16,2026-06-11 01:51,65.0
SNS-1002-C,AST-1002,Current,66.98,2026-06-12 14:57,65.0
SNS-1002-C,AST-1002,Current,69.55,2026-06-13 01:47,65.0
SNS-1002-C,AST-1002,Current,66.88,2026-06-14 16:01,65.0
SNS-1002-C,AST-1002,Current,64.68,2026-06-15 13:26,65.0
SNS-1002-C,AST-1002,Current,65.17,2026-06-16 10:18,65.0
SNS-1002-C,AST-1002,Current,58.99,2026-06-17 05:58,65.0
SNS-1002-C,AST-1002,Current,62.35,2026-06-18 04:28,65.0
SNS-1002-C,AST-1002,Current,66.53,2026-06-19 18:21,65.0
SNS-1002-C,AST-1002,Current,70.77,2026-06-20 19:37,65.0
SNS-1002-C,AST-1002,Current,65.81,2026-06-21 19:03,65.0
SNS-1002-C,AST-1002,Current,67.44,2026-06-22 14:04,65.0
SNS-1002-C,AST-1002,Current,62.52,2026-06-23 12:56,65.0
SNS-1002-C,AST-1002,Current,65.14,2026-06-24 13:12,65.0
SNS-1002-C,AST-1002,Current,69.55,2026-06-25 18:50,65.0
SNS-1002-C,AST-1002,Current,67.47,2026-06-26 07:40,65.0
SNS-1002-C,AST-1002,Current,61.18,2026-06-27 09:23,65.0
SNS-1002-C,AST-1002,Current,65.53,2026-06-28 09:01,65.0
SNS-1002-C,AST-1002,Current,66.0,2026-06-29 21:39,65.0
SNS-1002-C,AST-1002,Current,66.59,2026-06-30 17:22,65.0
SNS-1002-C,AST-1002,Current,62.59,2026-07-01 17:52,65.0
SNS-1002-C,AST-1002,Current,66.91,2026-07-02 10:05,65.0
SNS-1002-C,AST-1002,Current,67.33,2026-07-03 14:00,65.0
SNS-1002-C,AST-1002,Current,66.82,2026-07-04 08:50,65.0
SNS-1002-C,AST-1002,Current,65.98,2026-07-05 16:31,65.0
SNS-1002-C,AST-1002,Current,70.39,2026-07-06 02:38,65.0
SNS-1002-C,AST-1002,Current,72.36,2026-07-07 15:31,65.0
SNS-1002-C,AST-1002,Current,71.2,2026-07-08 09:17,65.0
SNS-1002-C,AST-1002,Current,75.52,2026-07-09 05:01,65.0
SNS-1002-C,AST-1002,Current,77.75,2026-07-10 11:18,65.0
SNS-1002-C,AST-1002,Current,78.79,2026-07-11 20:54,65.0
SNS-1002-C,AST-1002,Current,75.11,2026-07-12 12:12,65.0
SNS-1002-C,AST-1002,Current,76.34,2026-07-13 05:30,65.0
SNS-1002-C,AST-1002,Current,81.5,2026-07-14 03:26,65.0
SNS-1002-C,AST-1002,Current,81.74,2026-07-15 04:09,65.0
SNS-1002-C,AST-1002,Current,85.86,2026-07-16 10:38,65.0
SNS-1002-C,AST-1002,Current,86.45,2026-07-17 09:12,65.0
SNS-1002-C,AST-1002,Current,88.56,2026-07-18 02:17,65.0
SNS-1002-C,AST-1002,Current,86.72,2026-07-19 00:38,65.0
SNS-1002-C,AST-1002,Current,86.13,2026-07-20 16:38,65.0
SNS-1002-C,AST-1002,Current,91.02,2026-07-21 19:44,65.0
SNS-1002-C,AST-1002,Current,92.24,2026-07-22 07:57,65.0
SNS-1002-C,AST-1002,Current,100.2,2026-07-23 04:46,65.0
SNS-1002-C,AST-1002,Current,99.77,2026-07-24 15:32,65.0
SNS-1002-C,AST-1002,Current,105.79,2026-07-25 08:51,65.0
SNS-1002-H,AST-1002,Humidity,45.88,2024-07-25 12:41,45.0
SNS-1002-H,AST-1002,Humidity,47.35,2024-07-26 16:27,45.0
SNS-1002-H,AST-1002,Humidity,44.54,2024-07-27 14:51,45.0
SNS-1002-H,AST-1002,Humidity,42.66,2024-07-28 15:24,45.0
SNS-1002-H,AST-1002,Humidity,40.2,2024-07-29 13:05,45.0
SNS-1002-H,AST-1002,Humidity,46.09,2024-07-30 09:52,45.0
SNS-1002-H,AST-1002,Humidity,46.44,2024-07-31 05:55,45.0
SNS-1002-H,AST-1002,Humidity,46.09,2024-08-01 03:01,45.0
SNS-1002-H,AST-1002,Humidity,46.07,2024-08-02 17:14,45.0
SNS-1002-H,AST-1002,Humidity,43.3,2024-08-03 22:14,45.0
SNS-1002-H,AST-1002,Humidity,46.86,2024-08-04 06:06,45.0
SNS-1002-H,AST-1002,Humidity,40.44,2024-08-05 18:32,45.0
SNS-1002-H,AST-1002,Humidity,44.8,2024-08-06 14:03,45.0
SNS-1002-H,AST-1002,Humidity,48.29,2024-08-07 18:53,45.0
SNS-1002-H,AST-1002,Humidity,47.16,2024-08-08 07:34,45.0
SNS-1002-H,AST-1002,Humidity,44.74,2024-08-09 00:00,45.0
SNS-1002-H,AST-1002,Humidity,46.42,2024-08-10 17:46,45.0
SNS-1002-H,AST-1002,Humidity,45.86,2024-08-11 15:31,45.0
SNS-1002-H,AST-1002,Humidity,44.9,2024-08-12 06:30,45.0
SNS-1002-H,AST-1002,Humidity,46.21,2024-08-13 11:17,45.0
SNS-1002-H,AST-1002,Humidity,46.86,2024-08-14 09:01,45.0
SNS-1002-H,AST-1002,Humidity,44.68,2024-08-15 01:34,45.0
SNS-1002-H,AST-1002,Humidity,42.54,2024-08-16 01:55,45.0
SNS-1002-H,AST-1002,Humidity,48.04,2024-08-17 01:45,45.0
SNS-1002-H,AST-1002,Humidity,43.83,2024-08-18 21:03,45.0
SNS-1002-H,AST-1002,Humidity,48.96,2024-08-19 04:44,45.0
SNS-1002-H,AST-1002,Humidity,45.08,2024-08-20 21:22,45.0
SNS-1002-H,AST-1002,Humidity,40.88,2024-08-21 17:20,45.0
SNS-1002-H,AST-1002,Humidity,45.65,2024-08-22 09:42,45.0
SNS-1002-H,AST-1002,Humidity,45.93,2024-08-23 17:37,45.0
SNS-1002-H,AST-1002,Humidity,46.67,2024-08-24 02:02,45.0
SNS-1002-H,AST-1002,Humidity,48.05,2024-08-25 08:53,45.0
SNS-1002-H,AST-1002,Humidity,45.15,2024-08-26 15:15,45.0
SNS-1002-H,AST-1002,Humidity,44.87,2024-08-27 01:08,45.0
SNS-1002-H,AST-1002,Humidity,44.31,2024-08-28 14:36,45.0
SNS-1002-H,AST-1002,Humidity,42.32,2024-08-29 02:13,45.0
SNS-1002-H,AST-1002,Humidity,46.2,2024-08-30 22:38,45.0
SNS-1002-H,AST-1002,Humidity,46.02,2024-08-31 22:05,45.0
SNS-1002-H,AST-1002,Humidity,46.92,2024-09-01 05:23,45.0
SNS-1002-H,AST-1002,Humidity,43.88,2024-09-02 07:20,45.0
SNS-1002-H,AST-1002,Humidity,49.53,2024-09-03 18:27,45.0
SNS-1002-H,AST-1002,Humidity,46.71,2024-09-04 04:21,45.0
SNS-1002-H,AST-1002,Humidity,44.57,2024-09-05 03:07,45.0
SNS-1002-H,AST-1002,Humidity,42.05,2024-09-06 10:25,45.0
SNS-1002-H,AST-1002,Humidity,45.55,2024-09-07 03:48,45.0
SNS-1002-H,AST-1002,Humidity,45.08,2024-09-08 01:35,45.0
SNS-1002-H,AST-1002,Humidity,46.52,2024-09-09 08:40,45.0
SNS-1002-H,AST-1002,Humidity,46.32,2024-09-10 04:04,45.0
SNS-1002-H,AST-1002,Humidity,46.01,2024-09-11 18:33,45.0
SNS-1002-H,AST-1002,Humidity,45.27,2024-09-12 12:15,45.0
SNS-1002-H,AST-1002,Humidity,44.91,2024-09-13 16:17,45.0
SNS-1002-H,AST-1002,Humidity,43.61,2024-09-14 13:53,45.0
SNS-1002-H,AST-1002,Humidity,45.47,2024-09-15 21:52,45.0
SNS-1002-H,AST-1002,Humidity,47.15,2024-09-16 08:02,45.0
SNS-1002-H,AST-1002,Humidity,46.01,2024-09-17 16:45,45.0
SNS-1002-H,AST-1002,Humidity,45.4,2024-09-18 15:09,45.0
SNS-1002-H,AST-1002,Humidity,43.47,2024-09-19 05:17,45.0
SNS-1002-H,AST-1002,Humidity,45.51,2024-09-20 11:04,45.0
SNS-1002-H,AST-1002,Humidity,48.14,2024-09-21 13:15,45.0
SNS-1002-H,AST-1002,Humidity,44.25,2024-09-22 21:51,45.0
SNS-1002-H,AST-1002,Humidity,46.05,2024-09-23 07:02,45.0
SNS-1002-H,AST-1002,Humidity,46.8,2024-09-24 20:09,45.0
SNS-1002-H,AST-1002,Humidity,50.05,2024-09-25 01:13,45.0
SNS-1002-H,AST-1002,Humidity,45.85,2024-09-26 04:44,45.0
SNS-1002-H,AST-1002,Humidity,44.8,2024-09-27 15:20,45.0
SNS-1002-H,AST-1002,Humidity,47.36,2024-09-28 11:50,45.0
SNS-1002-H,AST-1002,Humidity,45.91,2024-09-29 06:23,45.0
SNS-1002-H,AST-1002,Humidity,47.28,2024-09-30 01:19,45.0
SNS-1002-H,AST-1002,Humidity,46.53,2024-10-01 06:13,45.0
SNS-1002-H,AST-1002,Humidity,45.24,2024-10-02 03:12,45.0
SNS-1002-H,AST-1002,Humidity,45.36,2024-10-03 21:44,45.0
SNS-1002-H,AST-1002,Humidity,45.44,2024-10-04 09:15,45.0
SNS-1002-H,AST-1002,Humidity,46.24,2024-10-05 18:45,45.0
SNS-1002-H,AST-1002,Humidity,45.04,2024-10-06 20:09,45.0
SNS-1002-H,AST-1002,Humidity,42.92,2024-10-07 07:21,45.0
SNS-1002-H,AST-1002,Humidity,45.75,2024-10-08 00:23,45.0
SNS-1002-H,AST-1002,Humidity,45.46,2024-10-09 08:10,45.0
SNS-1002-H,AST-1002,Humidity,47.0,2024-10-10 06:34,45.0
SNS-1002-H,AST-1002,Humidity,45.23,2024-10-11 05:32,45.0
SNS-1002-H,AST-1002,Humidity,47.46,2024-10-12 17:55,45.0
SNS-1002-H,AST-1002,Humidity,43.72,2024-10-13 07:18,45.0
SNS-1002-H,AST-1002,Humidity,46.64,2024-10-14 11:31,45.0
SNS-1002-H,AST-1002,Humidity,45.17,2024-10-15 12:46,45.0
SNS-1002-H,AST-1002,Humidity,42.74,2024-10-16 08:32,45.0
SNS-1002-H,AST-1002,Humidity,46.97,2024-10-17 08:42,45.0
SNS-1002-H,AST-1002,Humidity,46.0,2024-10-18 19:27,45.0
SNS-1002-H,AST-1002,Humidity,47.47,2024-10-19 04:09,45.0
SNS-1002-H,AST-1002,Humidity,47.68,2024-10-20 14:31,45.0
SNS-1002-H,AST-1002,Humidity,46.69,2024-10-21 22:18,45.0
SNS-1002-H,AST-1002,Humidity,46.4,2024-10-22 09:56,45.0
SNS-1002-H,AST-1002,Humidity,49.3,2024-10-23 21:00,45.0
SNS-1002-H,AST-1002,Humidity,49.32,2024-10-24 20:00,45.0
SNS-1002-H,AST-1002,Humidity,33.81,2024-10-25 12:12,45.0
SNS-1002-H,AST-1002,Humidity,44.72,2024-10-26 13:39,45.0
SNS-1002-H,AST-1002,Humidity,48.07,2024-10-27 10:24,45.0
SNS-1002-H,AST-1002,Humidity,47.23,2024-10-28 00:48,45.0
SNS-1002-H,AST-1002,Humidity,44.96,2024-10-29 09:33,45.0
SNS-1002-H,AST-1002,Humidity,48.46,2024-10-30 05:14,45.0
SNS-1002-H,AST-1002,Humidity,48.58,2024-10-31 01:25,45.0
SNS-1002-H,AST-1002,Humidity,46.65,2024-11-01 22:22,45.0
SNS-1002-H,AST-1002,Humidity,46.91,2024-11-02 00:08,45.0
SNS-1002-H,AST-1002,Humidity,43.59,2024-11-03 00:15,45.0
SNS-1002-H,AST-1002,Humidity,46.39,2024-11-04 05:42,45.0
SNS-1002-H,AST-1002,Humidity,47.4,2024-11-05 16:01,45.0
SNS-1002-H,AST-1002,Humidity,45.39,2024-11-06 22:21,45.0
SNS-1002-H,AST-1002,Humidity,45.07,2024-11-07 22:25,45.0
SNS-1002-H,AST-1002,Humidity,48.23,2024-11-08 14:55,45.0
SNS-1002-H,AST-1002,Humidity,47.26,2024-11-09 04:05,45.0
SNS-1002-H,AST-1002,Humidity,43.07,2024-11-10 20:20,45.0
SNS-1002-H,AST-1002,Humidity,50.04,2024-11-11 20:21,45.0
SNS-1002-H,AST-1002,Humidity,47.45,2024-11-12 03:52,45.0
SNS-1002-H,AST-1002,Humidity,45.81,2024-11-13 14:56,45.0
SNS-1002-H,AST-1002,Humidity,43.61,2024-11-14 19:31,45.0
SNS-1002-H,AST-1002,Humidity,48.34,2024-11-15 06:08,45.0
SNS-1002-H,AST-1002,Humidity,43.85,2024-11-16 13:33,45.0
SNS-1002-H,AST-1002,Humidity,46.27,2024-11-17 15:25,45.0
SNS-1002-H,AST-1002,Humidity,43.94,2024-11-18 17:42,45.0
SNS-1002-H,AST-1002,Humidity,46.98,2024-11-19 15:27,45.0
SNS-1002-H,AST-1002,Humidity,49.46,2024-11-20 08:54,45.0
SNS-1002-H,AST-1002,Humidity,44.26,2024-11-21 18:00,45.0
SNS-1002-H,AST-1002,Humidity,43.65,2024-11-22 05:41,45.0
SNS-1002-H,AST-1002,Humidity,49.14,2024-11-23 04:09,45.0
SNS-1002-H,AST-1002,Humidity,50.57,2024-11-24 06:57,45.0
SNS-1002-H,AST-1002,Humidity,43.9,2024-11-25 07:08,45.0
SNS-1002-H,AST-1002,Humidity,45.61,2024-11-26 22:24,45.0
SNS-1002-H,AST-1002,Humidity,44.4,2024-11-27 03:50,45.0
SNS-1002-H,AST-1002,Humidity,41.85,2024-11-28 03:31,45.0
SNS-1002-H,AST-1002,Humidity,44.24,2024-11-29 01:25,45.0
SNS-1002-H,AST-1002,Humidity,46.76,2024-11-30 12:38,45.0
SNS-1002-H,AST-1002,Humidity,43.95,2024-12-01 18:37,45.0
SNS-1002-H,AST-1002,Humidity,44.85,2024-12-02 09:47,45.0
SNS-1002-H,AST-1002,Humidity,42.07,2024-12-03 05:48,45.0
SNS-1002-H,AST-1002,Humidity,46.51,2024-12-04 16:50,45.0
SNS-1002-H,AST-1002,Humidity,45.46,2024-12-05 18:52,45.0
SNS-1002-H,AST-1002,Humidity,43.13,2024-12-06 06:07,45.0
SNS-1002-H,AST-1002,Humidity,47.98,2024-12-07 00:16,45.0
SNS-1002-H,AST-1002,Humidity,44.96,2024-12-08 15:53,45.0
SNS-1002-H,AST-1002,Humidity,46.17,2024-12-09 08:34,45.0
SNS-1002-H,AST-1002,Humidity,48.76,2024-12-10 06:07,45.0
SNS-1002-H,AST-1002,Humidity,43.17,2024-12-11 06:13,45.0
SNS-1002-H,AST-1002,Humidity,46.17,2024-12-12 13:32,45.0
SNS-1002-H,AST-1002,Humidity,46.57,2024-12-13 00:35,45.0
SNS-1002-H,AST-1002,Humidity,45.11,2024-12-14 11:56,45.0
SNS-1002-H,AST-1002,Humidity,47.46,2024-12-15 04:25,45.0
SNS-1002-H,AST-1002,Humidity,48.69,2024-12-16 21:14,45.0
SNS-1002-H,AST-1002,Humidity,47.09,2024-12-17 22:35,45.0
SNS-1002-H,AST-1002,Humidity,45.54,2024-12-18 19:17,45.0
SNS-1002-H,AST-1002,Humidity,46.65,2024-12-19 20:56,45.0
SNS-1002-H,AST-1002,Humidity,43.95,2024-12-20 01:39,45.0
SNS-1002-H,AST-1002,Humidity,43.4,2024-12-21 07:35,45.0
SNS-1002-H,AST-1002,Humidity,44.75,2024-12-22 09:43,45.0
SNS-1002-H,AST-1002,Humidity,48.38,2024-12-23 07:18,45.0
SNS-1002-H,AST-1002,Humidity,43.55,2024-12-24 07:37,45.0
SNS-1002-H,AST-1002,Humidity,47.72,2024-12-25 09:22,45.0
SNS-1002-H,AST-1002,Humidity,48.12,2024-12-26 01:51,45.0
SNS-1002-H,AST-1002,Humidity,44.55,2024-12-27 21:16,45.0
SNS-1002-H,AST-1002,Humidity,47.59,2024-12-28 01:30,45.0
SNS-1002-H,AST-1002,Humidity,45.77,2024-12-29 20:42,45.0
SNS-1002-H,AST-1002,Humidity,47.49,2024-12-30 13:37,45.0
SNS-1002-H,AST-1002,Humidity,46.78,2024-12-31 18:43,45.0
SNS-1002-H,AST-1002,Humidity,47.33,2025-01-01 05:53,45.0
SNS-1002-H,AST-1002,Humidity,44.94,2025-01-02 15:18,45.0
SNS-1002-H,AST-1002,Humidity,44.61,2025-01-03 08:00,45.0
SNS-1002-H,AST-1002,Humidity,44.7,2025-01-04 10:46,45.0
SNS-1002-H,AST-1002,Humidity,44.89,2025-01-05 19:18,45.0
SNS-1002-H,AST-1002,Humidity,49.77,2025-01-06 00:29,45.0
SNS-1002-H,AST-1002,Humidity,45.54,2025-01-07 21:47,45.0
SNS-1002-H,AST-1002,Humidity,44.14,2025-01-08 08:46,45.0
SNS-1002-H,AST-1002,Humidity,43.57,2025-01-09 19:41,45.0
SNS-1002-H,AST-1002,Humidity,46.87,2025-01-10 13:17,45.0
SNS-1002-H,AST-1002,Humidity,45.53,2025-01-11 17:21,45.0
SNS-1002-H,AST-1002,Humidity,42.64,2025-01-12 22:27,45.0
SNS-1002-H,AST-1002,Humidity,48.73,2025-01-13 04:00,45.0
SNS-1002-H,AST-1002,Humidity,48.84,2025-01-14 20:25,45.0
SNS-1002-H,AST-1002,Humidity,43.48,2025-01-15 21:24,45.0
SNS-1002-H,AST-1002,Humidity,44.29,2025-01-16 18:01,45.0
SNS-1002-H,AST-1002,Humidity,44.68,2025-01-17 17:55,45.0
SNS-1002-H,AST-1002,Humidity,47.09,2025-01-18 04:00,45.0
SNS-1002-H,AST-1002,Humidity,44.58,2025-01-19 08:55,45.0
SNS-1002-H,AST-1002,Humidity,44.18,2025-01-20 17:53,45.0
SNS-1002-H,AST-1002,Humidity,42.66,2025-01-21 09:07,45.0
SNS-1002-H,AST-1002,Humidity,42.97,2025-01-22 16:32,45.0
SNS-1002-H,AST-1002,Humidity,44.88,2025-01-23 08:37,45.0
SNS-1002-H,AST-1002,Humidity,43.04,2025-01-24 10:09,45.0
SNS-1002-H,AST-1002,Humidity,45.63,2025-01-25 22:16,45.0
SNS-1002-H,AST-1002,Humidity,44.74,2025-01-26 16:00,45.0
SNS-1002-H,AST-1002,Humidity,46.73,2025-01-27 06:51,45.0
SNS-1002-H,AST-1002,Humidity,40.64,2025-01-28 13:08,45.0
SNS-1002-H,AST-1002,Humidity,46.01,2025-01-29 06:35,45.0
SNS-1002-H,AST-1002,Humidity,45.25,2025-01-30 21:45,45.0
SNS-1002-H,AST-1002,Humidity,40.35,2025-01-31 17:56,45.0
SNS-1002-H,AST-1002,Humidity,39.76,2025-02-01 20:14,45.0
SNS-1002-H,AST-1002,Humidity,44.96,2025-02-02 12:49,45.0
SNS-1002-H,AST-1002,Humidity,47.71,2025-02-03 10:34,45.0
SNS-1002-H,AST-1002,Humidity,44.07,2025-02-04 21:42,45.0
SNS-1002-H,AST-1002,Humidity,44.03,2025-02-05 20:19,45.0
SNS-1002-H,AST-1002,Humidity,44.53,2025-02-06 01:26,45.0
SNS-1002-H,AST-1002,Humidity,44.01,2025-02-07 08:35,45.0
SNS-1002-H,AST-1002,Humidity,42.91,2025-02-08 16:09,45.0
SNS-1002-H,AST-1002,Humidity,45.34,2025-02-09 02:08,45.0
SNS-1002-H,AST-1002,Humidity,46.18,2025-02-10 13:22,45.0
SNS-1002-H,AST-1002,Humidity,46.64,2025-02-11 13:30,45.0
SNS-1002-H,AST-1002,Humidity,44.02,2025-02-12 17:23,45.0
SNS-1002-H,AST-1002,Humidity,45.03,2025-02-13 00:49,45.0
SNS-1002-H,AST-1002,Humidity,44.53,2025-02-14 20:28,45.0
SNS-1002-H,AST-1002,Humidity,44.39,2025-02-15 06:00,45.0
SNS-1002-H,AST-1002,Humidity,46.02,2025-02-16 16:08,45.0
SNS-1002-H,AST-1002,Humidity,41.81,2025-02-17 14:56,45.0
SNS-1002-H,AST-1002,Humidity,44.82,2025-02-18 13:56,45.0
SNS-1002-H,AST-1002,Humidity,47.42,2025-02-19 11:21,45.0
SNS-1002-H,AST-1002,Humidity,47.06,2025-02-20 18:27,45.0
SNS-1002-H,AST-1002,Humidity,46.31,2025-02-21 01:32,45.0
SNS-1002-H,AST-1002,Humidity,44.89,2025-02-22 04:27,45.0
SNS-1002-H,AST-1002,Humidity,49.12,2025-02-23 13:14,45.0
SNS-1002-H,AST-1002,Humidity,43.24,2025-02-24 02:02,45.0
SNS-1002-H,AST-1002,Humidity,42.36,2025-02-25 22:30,45.0
SNS-1002-H,AST-1002,Humidity,42.82,2025-02-26 21:54,45.0
SNS-1002-H,AST-1002,Humidity,46.97,2025-02-27 13:01,45.0
SNS-1002-H,AST-1002,Humidity,45.65,2025-02-28 10:23,45.0
SNS-1002-H,AST-1002,Humidity,41.91,2025-03-01 07:58,45.0
SNS-1002-H,AST-1002,Humidity,40.85,2025-03-02 12:50,45.0
SNS-1002-H,AST-1002,Humidity,40.59,2025-03-03 02:07,45.0
SNS-1002-H,AST-1002,Humidity,45.23,2025-03-04 21:42,45.0
SNS-1002-H,AST-1002,Humidity,56.66,2025-03-05 00:45,45.0
SNS-1002-H,AST-1002,Humidity,43.14,2025-03-06 11:53,45.0
SNS-1002-H,AST-1002,Humidity,44.67,2025-03-07 22:17,45.0
SNS-1002-H,AST-1002,Humidity,46.34,2025-03-08 04:52,45.0
SNS-1002-H,AST-1002,Humidity,43.61,2025-03-09 16:50,45.0
SNS-1002-H,AST-1002,Humidity,45.11,2025-03-10 11:41,45.0
SNS-1002-H,AST-1002,Humidity,48.52,2025-03-11 08:50,45.0
SNS-1002-H,AST-1002,Humidity,45.54,2025-03-12 06:02,45.0
SNS-1002-H,AST-1002,Humidity,41.83,2025-03-13 15:25,45.0
SNS-1002-H,AST-1002,Humidity,41.48,2025-03-14 01:10,45.0
SNS-1002-H,AST-1002,Humidity,47.41,2025-03-15 09:42,45.0
SNS-1002-H,AST-1002,Humidity,47.1,2025-03-16 22:12,45.0
SNS-1002-H,AST-1002,Humidity,48.8,2025-03-17 04:30,45.0
SNS-1002-H,AST-1002,Humidity,46.66,2025-03-18 12:13,45.0
SNS-1002-H,AST-1002,Humidity,44.64,2025-03-19 04:19,45.0
SNS-1002-H,AST-1002,Humidity,43.27,2025-03-20 21:34,45.0
SNS-1002-H,AST-1002,Humidity,43.81,2025-03-21 11:33,45.0
SNS-1002-H,AST-1002,Humidity,46.98,2025-03-22 16:33,45.0
SNS-1002-H,AST-1002,Humidity,43.03,2025-03-23 11:05,45.0
SNS-1002-H,AST-1002,Humidity,43.52,2025-03-24 11:48,45.0
SNS-1002-H,AST-1002,Humidity,43.97,2025-03-25 14:17,45.0
SNS-1002-H,AST-1002,Humidity,43.18,2025-03-26 11:29,45.0
SNS-1002-H,AST-1002,Humidity,42.5,2025-03-27 00:01,45.0
SNS-1002-H,AST-1002,Humidity,43.64,2025-03-28 21:51,45.0
SNS-1002-H,AST-1002,Humidity,49.98,2025-03-29 04:01,45.0
SNS-1002-H,AST-1002,Humidity,45.35,2025-03-30 03:51,45.0
SNS-1002-H,AST-1002,Humidity,41.89,2025-03-31 14:53,45.0
SNS-1002-H,AST-1002,Humidity,45.67,2025-04-01 08:34,45.0
SNS-1002-H,AST-1002,Humidity,45.65,2025-04-02 14:20,45.0
SNS-1002-H,AST-1002,Humidity,47.17,2025-04-03 09:54,45.0
SNS-1002-H,AST-1002,Humidity,42.91,2025-04-04 06:14,45.0
SNS-1002-H,AST-1002,Humidity,44.77,2025-04-05 13:32,45.0
SNS-1002-H,AST-1002,Humidity,47.98,2025-04-06 17:10,45.0
SNS-1002-H,AST-1002,Humidity,44.19,2025-04-07 15:40,45.0
SNS-1002-H,AST-1002,Humidity,48.48,2025-04-08 19:03,45.0
SNS-1002-H,AST-1002,Humidity,43.87,2025-04-09 13:43,45.0
SNS-1002-H,AST-1002,Humidity,44.47,2025-04-10 17:19,45.0
SNS-1002-H,AST-1002,Humidity,44.99,2025-04-11 21:56,45.0
SNS-1002-H,AST-1002,Humidity,44.02,2025-04-12 06:26,45.0
SNS-1002-H,AST-1002,Humidity,44.84,2025-04-13 08:36,45.0
SNS-1002-H,AST-1002,Humidity,45.89,2025-04-14 00:02,45.0
SNS-1002-H,AST-1002,Humidity,46.07,2025-04-15 12:34,45.0
SNS-1002-H,AST-1002,Humidity,46.22,2025-04-16 11:32,45.0
SNS-1002-H,AST-1002,Humidity,45.04,2025-04-17 12:30,45.0
SNS-1002-H,AST-1002,Humidity,44.45,2025-04-18 05:30,45.0
SNS-1002-H,AST-1002,Humidity,44.5,2025-04-19 02:46,45.0
SNS-1002-H,AST-1002,Humidity,45.28,2025-04-20 04:27,45.0
SNS-1002-H,AST-1002,Humidity,43.3,2025-04-21 14:25,45.0
SNS-1002-H,AST-1002,Humidity,44.39,2025-04-22 01:54,45.0
SNS-1002-H,AST-1002,Humidity,46.19,2025-04-23 12:47,45.0
SNS-1002-H,AST-1002,Humidity,44.59,2025-04-24 17:33,45.0
SNS-1002-H,AST-1002,Humidity,41.33,2025-04-25 20:38,45.0
SNS-1002-H,AST-1002,Humidity,45.05,2025-04-26 14:53,45.0
SNS-1002-H,AST-1002,Humidity,47.74,2025-04-27 07:22,45.0
SNS-1002-H,AST-1002,Humidity,42.79,2025-04-28 11:34,45.0
SNS-1002-H,AST-1002,Humidity,44.08,2025-04-29 14:51,45.0
SNS-1002-H,AST-1002,Humidity,44.51,2025-04-30 22:41,45.0
SNS-1002-H,AST-1002,Humidity,45.4,2025-05-01 03:08,45.0
SNS-1002-H,AST-1002,Humidity,44.5,2025-05-02 19:46,45.0
SNS-1002-H,AST-1002,Humidity,46.15,2025-05-03 22:25,45.0
SNS-1002-H,AST-1002,Humidity,44.73,2025-05-04 20:22,45.0
SNS-1002-H,AST-1002,Humidity,43.35,2025-05-05 00:19,45.0
SNS-1002-H,AST-1002,Humidity,44.4,2025-05-06 04:31,45.0
SNS-1002-H,AST-1002,Humidity,42.88,2025-05-07 02:30,45.0
SNS-1002-H,AST-1002,Humidity,44.65,2025-05-08 02:32,45.0
SNS-1002-H,AST-1002,Humidity,42.82,2025-05-09 00:33,45.0
SNS-1002-H,AST-1002,Humidity,45.35,2025-05-10 13:39,45.0
SNS-1002-H,AST-1002,Humidity,45.88,2025-05-11 19:53,45.0
SNS-1002-H,AST-1002,Humidity,44.94,2025-05-12 14:40,45.0
SNS-1002-H,AST-1002,Humidity,44.99,2025-05-13 15:19,45.0
SNS-1002-H,AST-1002,Humidity,46.0,2025-05-14 16:56,45.0
SNS-1002-H,AST-1002,Humidity,43.86,2025-05-15 22:40,45.0
SNS-1002-H,AST-1002,Humidity,43.5,2025-05-16 06:25,45.0
SNS-1002-H,AST-1002,Humidity,40.89,2025-05-17 14:47,45.0
SNS-1002-H,AST-1002,Humidity,42.45,2025-05-18 15:53,45.0
SNS-1002-H,AST-1002,Humidity,43.02,2025-05-19 19:30,45.0
SNS-1002-H,AST-1002,Humidity,42.87,2025-05-20 05:14,45.0
SNS-1002-H,AST-1002,Humidity,44.87,2025-05-21 18:43,45.0
SNS-1002-H,AST-1002,Humidity,46.44,2025-05-22 22:33,45.0
SNS-1002-H,AST-1002,Humidity,49.1,2025-05-23 05:36,45.0
SNS-1002-H,AST-1002,Humidity,43.96,2025-05-24 16:39,45.0
SNS-1002-H,AST-1002,Humidity,44.47,2025-05-25 08:55,45.0
SNS-1002-H,AST-1002,Humidity,43.61,2025-05-26 10:20,45.0
SNS-1002-H,AST-1002,Humidity,45.89,2025-05-27 22:21,45.0
SNS-1002-H,AST-1002,Humidity,45.38,2025-05-28 00:28,45.0
SNS-1002-H,AST-1002,Humidity,44.82,2025-05-29 07:56,45.0
SNS-1002-H,AST-1002,Humidity,45.51,2025-05-30 16:42,45.0
SNS-1002-H,AST-1002,Humidity,46.54,2025-05-31 21:09,45.0
SNS-1002-H,AST-1002,Humidity,44.15,2025-06-01 14:18,45.0
SNS-1002-H,AST-1002,Humidity,44.33,2025-06-02 00:09,45.0
SNS-1002-H,AST-1002,Humidity,41.32,2025-06-03 20:30,45.0
SNS-1002-H,AST-1002,Humidity,43.95,2025-06-04 00:21,45.0
SNS-1002-H,AST-1002,Humidity,41.83,2025-06-05 20:55,45.0
SNS-1002-H,AST-1002,Humidity,44.38,2025-06-06 08:56,45.0
SNS-1002-H,AST-1002,Humidity,45.03,2025-06-07 22:27,45.0
SNS-1002-H,AST-1002,Humidity,43.24,2025-06-08 04:52,45.0
SNS-1002-H,AST-1002,Humidity,45.0,2025-06-09 17:39,45.0
SNS-1002-H,AST-1002,Humidity,46.16,2025-06-10 15:31,45.0
SNS-1002-H,AST-1002,Humidity,46.19,2025-06-11 06:47,45.0
SNS-1002-H,AST-1002,Humidity,42.94,2025-06-12 21:09,45.0
SNS-1002-H,AST-1002,Humidity,42.14,2025-06-13 02:38,45.0
SNS-1002-H,AST-1002,Humidity,46.11,2025-06-14 08:56,45.0
SNS-1002-H,AST-1002,Humidity,43.75,2025-06-15 06:16,45.0
SNS-1002-H,AST-1002,Humidity,46.25,2025-06-16 22:04,45.0
SNS-1002-H,AST-1002,Humidity,49.78,2025-06-17 08:18,45.0
SNS-1002-H,AST-1002,Humidity,41.69,2025-06-18 15:41,45.0
SNS-1002-H,AST-1002,Humidity,45.26,2025-06-19 20:26,45.0
SNS-1002-H,AST-1002,Humidity,44.11,2025-06-20 19:25,45.0
SNS-1002-H,AST-1002,Humidity,46.01,2025-06-21 21:47,45.0
SNS-1002-H,AST-1002,Humidity,44.41,2025-06-22 02:17,45.0
SNS-1002-H,AST-1002,Humidity,45.32,2025-06-23 06:17,45.0
SNS-1002-H,AST-1002,Humidity,43.72,2025-06-24 00:46,45.0
SNS-1002-H,AST-1002,Humidity,46.5,2025-06-25 15:19,45.0
SNS-1002-H,AST-1002,Humidity,43.94,2025-06-26 10:19,45.0
SNS-1002-H,AST-1002,Humidity,44.72,2025-06-27 02:08,45.0
SNS-1002-H,AST-1002,Humidity,47.25,2025-06-28 13:30,45.0
SNS-1002-H,AST-1002,Humidity,41.88,2025-06-29 01:33,45.0
SNS-1002-H,AST-1002,Humidity,45.12,2025-06-30 21:31,45.0
SNS-1002-H,AST-1002,Humidity,45.32,2025-07-01 04:01,45.0
SNS-1002-H,AST-1002,Humidity,42.76,2025-07-02 01:27,45.0
SNS-1002-H,AST-1002,Humidity,45.23,2025-07-03 05:39,45.0
SNS-1002-H,AST-1002,Humidity,45.55,2025-07-04 00:47,45.0
SNS-1002-H,AST-1002,Humidity,48.22,2025-07-05 17:50,45.0
SNS-1002-H,AST-1002,Humidity,49.35,2025-07-06 12:36,45.0
SNS-1002-H,AST-1002,Humidity,46.42,2025-07-07 03:22,45.0
SNS-1002-H,AST-1002,Humidity,41.35,2025-07-08 21:27,45.0
SNS-1002-H,AST-1002,Humidity,43.46,2025-07-09 13:46,45.0
SNS-1002-H,AST-1002,Humidity,45.59,2025-07-10 05:31,45.0
SNS-1002-H,AST-1002,Humidity,45.32,2025-07-11 19:55,45.0
SNS-1002-H,AST-1002,Humidity,45.17,2025-07-12 05:19,45.0
SNS-1002-H,AST-1002,Humidity,45.84,2025-07-13 01:44,45.0
SNS-1002-H,AST-1002,Humidity,47.11,2025-07-14 20:43,45.0
SNS-1002-H,AST-1002,Humidity,46.17,2025-07-15 09:53,45.0
SNS-1002-H,AST-1002,Humidity,46.55,2025-07-16 09:04,45.0
SNS-1002-H,AST-1002,Humidity,45.89,2025-07-17 05:31,45.0
SNS-1002-H,AST-1002,Humidity,41.55,2025-07-18 18:28,45.0
SNS-1002-H,AST-1002,Humidity,42.93,2025-07-19 09:47,45.0
SNS-1002-H,AST-1002,Humidity,45.66,2025-07-20 05:36,45.0
SNS-1002-H,AST-1002,Humidity,45.37,2025-07-21 18:42,45.0
SNS-1002-H,AST-1002,Humidity,46.42,2025-07-22 22:35,45.0
SNS-1002-H,AST-1002,Humidity,47.24,2025-07-23 16:13,45.0
SNS-1002-H,AST-1002,Humidity,46.03,2025-07-24 03:29,45.0
SNS-1002-H,AST-1002,Humidity,45.44,2025-07-25 18:19,45.0
SNS-1002-H,AST-1002,Humidity,45.27,2025-07-26 14:41,45.0
SNS-1002-H,AST-1002,Humidity,46.16,2025-07-27 13:53,45.0
SNS-1002-H,AST-1002,Humidity,41.71,2025-07-28 22:39,45.0
SNS-1002-H,AST-1002,Humidity,44.3,2025-07-29 00:11,45.0
SNS-1002-H,AST-1002,Humidity,42.09,2025-07-30 16:25,45.0
SNS-1002-H,AST-1002,Humidity,47.53,2025-07-31 22:37,45.0
SNS-1002-H,AST-1002,Humidity,43.84,2025-08-01 07:13,45.0
SNS-1002-H,AST-1002,Humidity,44.54,2025-08-02 00:11,45.0
SNS-1002-H,AST-1002,Humidity,42.7,2025-08-03 16:20,45.0
SNS-1002-H,AST-1002,Humidity,43.1,2025-08-04 02:31,45.0
SNS-1002-H,AST-1002,Humidity,45.16,2025-08-05 18:33,45.0
SNS-1002-H,AST-1002,Humidity,44.29,2025-08-06 02:30,45.0
SNS-1002-H,AST-1002,Humidity,48.71,2025-08-07 10:43,45.0
SNS-1002-H,AST-1002,Humidity,46.52,2025-08-08 14:04,45.0
SNS-1002-H,AST-1002,Humidity,46.88,2025-08-09 08:07,45.0
SNS-1002-H,AST-1002,Humidity,46.16,2025-08-10 00:31,45.0
SNS-1002-H,AST-1002,Humidity,47.54,2025-08-11 13:57,45.0
SNS-1002-H,AST-1002,Humidity,45.96,2025-08-12 12:05,45.0
SNS-1002-H,AST-1002,Humidity,43.42,2025-08-13 14:42,45.0
SNS-1002-H,AST-1002,Humidity,47.12,2025-08-14 04:23,45.0
SNS-1002-H,AST-1002,Humidity,47.08,2025-08-15 21:04,45.0
SNS-1002-H,AST-1002,Humidity,41.76,2025-08-16 11:35,45.0
SNS-1002-H,AST-1002,Humidity,46.37,2025-08-17 17:48,45.0
SNS-1002-H,AST-1002,Humidity,42.72,2025-08-18 13:46,45.0
SNS-1002-H,AST-1002,Humidity,49.44,2025-08-19 22:47,45.0
SNS-1002-H,AST-1002,Humidity,47.32,2025-08-20 17:22,45.0
SNS-1002-H,AST-1002,Humidity,47.27,2025-08-21 04:17,45.0
SNS-1002-H,AST-1002,Humidity,41.9,2025-08-22 11:50,45.0
SNS-1002-H,AST-1002,Humidity,46.8,2025-08-23 08:14,45.0
SNS-1002-H,AST-1002,Humidity,46.62,2025-08-24 02:13,45.0
SNS-1002-H,AST-1002,Humidity,40.63,2025-08-25 08:23,45.0
SNS-1002-H,AST-1002,Humidity,44.5,2025-08-26 14:13,45.0
SNS-1002-H,AST-1002,Humidity,47.89,2025-08-27 12:26,45.0
SNS-1002-H,AST-1002,Humidity,44.6,2025-08-28 12:35,45.0
SNS-1002-H,AST-1002,Humidity,47.24,2025-08-29 18:35,45.0
SNS-1002-H,AST-1002,Humidity,45.0,2025-08-30 01:05,45.0
SNS-1002-H,AST-1002,Humidity,48.94,2025-08-31 01:09,45.0
SNS-1002-H,AST-1002,Humidity,47.1,2025-09-01 17:29,45.0
SNS-1002-H,AST-1002,Humidity,42.6,2025-09-02 16:29,45.0
SNS-1002-H,AST-1002,Humidity,47.57,2025-09-03 08:00,45.0
SNS-1002-H,AST-1002,Humidity,46.35,2025-09-04 00:29,45.0
SNS-1002-H,AST-1002,Humidity,46.35,2025-09-05 18:15,45.0
SNS-1002-H,AST-1002,Humidity,48.65,2025-09-06 14:10,45.0
SNS-1002-H,AST-1002,Humidity,44.29,2025-09-07 16:40,45.0
SNS-1002-H,AST-1002,Humidity,44.65,2025-09-08 05:26,45.0
SNS-1002-H,AST-1002,Humidity,44.47,2025-09-09 14:06,45.0
SNS-1002-H,AST-1002,Humidity,49.84,2025-09-10 16:38,45.0
SNS-1002-H,AST-1002,Humidity,45.01,2025-09-11 06:13,45.0
SNS-1002-H,AST-1002,Humidity,44.55,2025-09-12 14:33,45.0
SNS-1002-H,AST-1002,Humidity,46.04,2025-09-13 18:57,45.0
SNS-1002-H,AST-1002,Humidity,45.97,2025-09-14 22:38,45.0
SNS-1002-H,AST-1002,Humidity,44.72,2025-09-15 00:40,45.0
SNS-1002-H,AST-1002,Humidity,44.79,2025-09-16 18:21,45.0
SNS-1002-H,AST-1002,Humidity,47.09,2025-09-17 16:44,45.0
SNS-1002-H,AST-1002,Humidity,46.0,2025-09-18 11:20,45.0
SNS-1002-H,AST-1002,Humidity,47.23,2025-09-19 17:13,45.0
SNS-1002-H,AST-1002,Humidity,48.68,2025-09-20 19:51,45.0
SNS-1002-H,AST-1002,Humidity,45.18,2025-09-21 08:37,45.0
SNS-1002-H,AST-1002,Humidity,48.81,2025-09-22 22:41,45.0
SNS-1002-H,AST-1002,Humidity,47.6,2025-09-23 06:28,45.0
SNS-1002-H,AST-1002,Humidity,47.54,2025-09-24 10:14,45.0
SNS-1002-H,AST-1002,Humidity,44.1,2025-09-25 01:54,45.0
SNS-1002-H,AST-1002,Humidity,45.21,2025-09-26 09:31,45.0
SNS-1002-H,AST-1002,Humidity,47.48,2025-09-27 06:57,45.0
SNS-1002-H,AST-1002,Humidity,46.54,2025-09-28 00:08,45.0
SNS-1002-H,AST-1002,Humidity,46.89,2025-09-29 13:01,45.0
SNS-1002-H,AST-1002,Humidity,45.75,2025-09-30 11:23,45.0
SNS-1002-H,AST-1002,Humidity,43.78,2025-10-01 12:40,45.0
SNS-1002-H,AST-1002,Humidity,50.27,2025-10-02 03:13,45.0
SNS-1002-H,AST-1002,Humidity,42.12,2025-10-03 22:09,45.0
SNS-1002-H,AST-1002,Humidity,46.45,2025-10-04 02:18,45.0
SNS-1002-H,AST-1002,Humidity,47.5,2025-10-05 01:22,45.0
SNS-1002-H,AST-1002,Humidity,46.26,2025-10-06 05:36,45.0
SNS-1002-H,AST-1002,Humidity,46.06,2025-10-07 09:01,45.0
SNS-1002-H,AST-1002,Humidity,44.69,2025-10-08 08:45,45.0
SNS-1002-H,AST-1002,Humidity,45.62,2025-10-09 07:01,45.0
SNS-1002-H,AST-1002,Humidity,42.16,2025-10-10 20:40,45.0
SNS-1002-H,AST-1002,Humidity,46.76,2025-10-11 16:08,45.0
SNS-1002-H,AST-1002,Humidity,44.05,2025-10-12 06:26,45.0
SNS-1002-H,AST-1002,Humidity,48.58,2025-10-13 21:00,45.0
SNS-1002-H,AST-1002,Humidity,46.39,2025-10-14 01:15,45.0
SNS-1002-H,AST-1002,Humidity,40.67,2025-10-15 11:55,45.0
SNS-1002-H,AST-1002,Humidity,50.36,2025-10-16 06:54,45.0
SNS-1002-H,AST-1002,Humidity,46.59,2025-10-17 11:40,45.0
SNS-1002-H,AST-1002,Humidity,44.81,2025-10-18 19:08,45.0
SNS-1002-H,AST-1002,Humidity,44.79,2025-10-19 15:55,45.0
SNS-1002-H,AST-1002,Humidity,45.9,2025-10-20 12:55,45.0
SNS-1002-H,AST-1002,Humidity,51.62,2025-10-21 09:49,45.0
SNS-1002-H,AST-1002,Humidity,44.34,2025-10-22 12:42,45.0
SNS-1002-H,AST-1002,Humidity,50.7,2025-10-23 10:53,45.0
SNS-1002-H,AST-1002,Humidity,46.51,2025-10-24 20:08,45.0
SNS-1002-H,AST-1002,Humidity,46.84,2025-10-25 12:58,45.0
SNS-1002-H,AST-1002,Humidity,41.77,2025-10-26 16:46,45.0
SNS-1002-H,AST-1002,Humidity,48.56,2025-10-27 09:06,45.0
SNS-1002-H,AST-1002,Humidity,46.2,2025-10-28 16:54,45.0
SNS-1002-H,AST-1002,Humidity,44.74,2025-10-29 15:56,45.0
SNS-1002-H,AST-1002,Humidity,43.67,2025-10-30 14:32,45.0
SNS-1002-H,AST-1002,Humidity,46.71,2025-10-31 15:53,45.0
SNS-1002-H,AST-1002,Humidity,45.38,2025-11-01 17:54,45.0
SNS-1002-H,AST-1002,Humidity,46.29,2025-11-02 10:46,45.0
SNS-1002-H,AST-1002,Humidity,46.56,2025-11-03 01:03,45.0
SNS-1002-H,AST-1002,Humidity,46.25,2025-11-04 02:43,45.0
SNS-1002-H,AST-1002,Humidity,49.74,2025-11-05 06:38,45.0
SNS-1002-H,AST-1002,Humidity,42.19,2025-11-06 06:46,45.0
SNS-1002-H,AST-1002,Humidity,47.95,2025-11-07 03:46,45.0
SNS-1002-H,AST-1002,Humidity,44.46,2025-11-08 19:45,45.0
SNS-1002-H,AST-1002,Humidity,47.37,2025-11-09 15:07,45.0
SNS-1002-H,AST-1002,Humidity,45.43,2025-11-10 01:28,45.0
SNS-1002-H,AST-1002,Humidity,46.22,2025-11-11 10:02,45.0
SNS-1002-H,AST-1002,Humidity,48.79,2025-11-12 16:21,45.0
SNS-1002-H,AST-1002,Humidity,44.81,2025-11-13 12:56,45.0
SNS-1002-H,AST-1002,Humidity,47.29,2025-11-14 11:27,45.0
SNS-1002-H,AST-1002,Humidity,46.45,2025-11-15 12:37,45.0
SNS-1002-H,AST-1002,Humidity,46.92,2025-11-16 10:37,45.0
SNS-1002-H,AST-1002,Humidity,47.29,2025-11-17 10:00,45.0
SNS-1002-H,AST-1002,Humidity,46.08,2025-11-18 06:30,45.0
SNS-1002-H,AST-1002,Humidity,43.56,2025-11-19 02:56,45.0
SNS-1002-H,AST-1002,Humidity,44.36,2025-11-20 06:14,45.0
SNS-1002-H,AST-1002,Humidity,48.76,2025-11-21 19:11,45.0
SNS-1002-H,AST-1002,Humidity,45.54,2025-11-22 01:53,45.0
SNS-1002-H,AST-1002,Humidity,46.43,2025-11-23 10:57,45.0
SNS-1002-H,AST-1002,Humidity,46.17,2025-11-24 11:33,45.0
SNS-1002-H,AST-1002,Humidity,43.96,2025-11-25 16:42,45.0
SNS-1002-H,AST-1002,Humidity,46.48,2025-11-26 15:05,45.0
SNS-1002-H,AST-1002,Humidity,44.16,2025-11-27 06:29,45.0
SNS-1002-H,AST-1002,Humidity,47.59,2025-11-28 13:57,45.0
SNS-1002-H,AST-1002,Humidity,48.07,2025-11-29 19:41,45.0
SNS-1002-H,AST-1002,Humidity,44.6,2025-11-30 20:21,45.0
SNS-1002-H,AST-1002,Humidity,47.95,2025-12-01 13:07,45.0
SNS-1002-H,AST-1002,Humidity,47.19,2025-12-02 18:06,45.0
SNS-1002-H,AST-1002,Humidity,48.4,2025-12-03 17:24,45.0
SNS-1002-H,AST-1002,Humidity,47.32,2025-12-04 06:20,45.0
SNS-1002-H,AST-1002,Humidity,46.86,2025-12-05 07:14,45.0
SNS-1002-H,AST-1002,Humidity,47.7,2025-12-06 04:49,45.0
SNS-1002-H,AST-1002,Humidity,46.48,2025-12-07 21:09,45.0
SNS-1002-H,AST-1002,Humidity,46.28,2025-12-08 11:35,45.0
SNS-1002-H,AST-1002,Humidity,43.71,2025-12-09 11:38,45.0
SNS-1002-H,AST-1002,Humidity,49.66,2025-12-10 07:17,45.0
SNS-1002-H,AST-1002,Humidity,44.61,2025-12-11 00:39,45.0
SNS-1002-H,AST-1002,Humidity,45.14,2025-12-12 22:15,45.0
SNS-1002-H,AST-1002,Humidity,47.95,2025-12-13 08:43,45.0
SNS-1002-H,AST-1002,Humidity,47.19,2025-12-14 02:19,45.0
SNS-1002-H,AST-1002,Humidity,42.53,2025-12-15 14:07,45.0
SNS-1002-H,AST-1002,Humidity,46.8,2025-12-16 08:35,45.0
SNS-1002-H,AST-1002,Humidity,43.85,2025-12-17 07:01,45.0
SNS-1002-H,AST-1002,Humidity,44.87,2025-12-18 16:48,45.0
SNS-1002-H,AST-1002,Humidity,48.7,2025-12-19 04:57,45.0
SNS-1002-H,AST-1002,Humidity,47.48,2025-12-20 08:43,45.0
SNS-1002-H,AST-1002,Humidity,46.91,2025-12-21 13:25,45.0
SNS-1002-H,AST-1002,Humidity,44.65,2025-12-22 05:16,45.0
SNS-1002-H,AST-1002,Humidity,45.18,2025-12-23 10:23,45.0
SNS-1002-H,AST-1002,Humidity,46.75,2025-12-24 10:36,45.0
SNS-1002-H,AST-1002,Humidity,46.32,2025-12-25 17:57,45.0
SNS-1002-H,AST-1002,Humidity,42.93,2025-12-26 06:15,45.0
SNS-1002-H,AST-1002,Humidity,45.39,2025-12-27 03:03,45.0
SNS-1002-H,AST-1002,Humidity,47.16,2025-12-28 10:37,45.0
SNS-1002-H,AST-1002,Humidity,42.79,2025-12-29 05:48,45.0
SNS-1002-H,AST-1002,Humidity,47.24,2025-12-30 02:42,45.0
SNS-1002-H,AST-1002,Humidity,43.51,2025-12-31 04:21,45.0
SNS-1002-H,AST-1002,Humidity,43.31,2026-01-01 00:27,45.0
SNS-1002-H,AST-1002,Humidity,47.11,2026-01-02 05:03,45.0
SNS-1002-H,AST-1002,Humidity,48.51,2026-01-03 19:00,45.0
SNS-1002-H,AST-1002,Humidity,45.0,2026-01-04 07:58,45.0
SNS-1002-H,AST-1002,Humidity,45.29,2026-01-05 08:49,45.0
SNS-1002-H,AST-1002,Humidity,42.34,2026-01-06 22:36,45.0
SNS-1002-H,AST-1002,Humidity,43.89,2026-01-07 12:41,45.0
SNS-1002-H,AST-1002,Humidity,45.47,2026-01-08 12:55,45.0
SNS-1002-H,AST-1002,Humidity,44.58,2026-01-09 18:03,45.0
SNS-1002-H,AST-1002,Humidity,43.94,2026-01-10 06:30,45.0
SNS-1002-H,AST-1002,Humidity,44.53,2026-01-11 21:16,45.0
SNS-1002-H,AST-1002,Humidity,45.36,2026-01-12 13:14,45.0
SNS-1002-H,AST-1002,Humidity,45.43,2026-01-13 06:47,45.0
SNS-1002-H,AST-1002,Humidity,42.1,2026-01-14 15:11,45.0
SNS-1002-H,AST-1002,Humidity,41.61,2026-01-15 17:45,45.0
SNS-1002-H,AST-1002,Humidity,46.24,2026-01-16 15:55,45.0
SNS-1002-H,AST-1002,Humidity,43.47,2026-01-17 02:51,45.0
SNS-1002-H,AST-1002,Humidity,46.21,2026-01-18 08:03,45.0
SNS-1002-H,AST-1002,Humidity,47.07,2026-01-19 10:54,45.0
SNS-1002-H,AST-1002,Humidity,44.98,2026-01-20 09:34,45.0
SNS-1002-H,AST-1002,Humidity,42.91,2026-01-21 14:54,45.0
SNS-1002-H,AST-1002,Humidity,45.14,2026-01-22 04:21,45.0
SNS-1002-H,AST-1002,Humidity,44.19,2026-01-23 01:55,45.0
SNS-1002-H,AST-1002,Humidity,47.03,2026-01-24 15:21,45.0
SNS-1002-H,AST-1002,Humidity,44.26,2026-01-25 09:50,45.0
SNS-1002-H,AST-1002,Humidity,46.32,2026-01-26 11:33,45.0
SNS-1002-H,AST-1002,Humidity,46.6,2026-01-27 22:51,45.0
SNS-1002-H,AST-1002,Humidity,47.63,2026-01-28 08:36,45.0
SNS-1002-H,AST-1002,Humidity,41.54,2026-01-29 09:33,45.0
SNS-1002-H,AST-1002,Humidity,48.01,2026-01-30 06:44,45.0
SNS-1002-H,AST-1002,Humidity,43.79,2026-01-31 20:44,45.0
SNS-1002-H,AST-1002,Humidity,45.39,2026-02-01 21:04,45.0
SNS-1002-H,AST-1002,Humidity,45.21,2026-02-02 12:47,45.0
SNS-1002-H,AST-1002,Humidity,44.87,2026-02-03 09:25,45.0
SNS-1002-H,AST-1002,Humidity,44.11,2026-02-04 12:11,45.0
SNS-1002-H,AST-1002,Humidity,45.59,2026-02-05 04:25,45.0
SNS-1002-H,AST-1002,Humidity,44.85,2026-02-06 16:11,45.0
SNS-1002-H,AST-1002,Humidity,48.01,2026-02-07 11:26,45.0
SNS-1002-H,AST-1002,Humidity,46.1,2026-02-08 06:51,45.0
SNS-1002-H,AST-1002,Humidity,46.71,2026-02-09 12:42,45.0
SNS-1002-H,AST-1002,Humidity,47.85,2026-02-10 15:48,45.0
SNS-1002-H,AST-1002,Humidity,46.4,2026-02-11 09:27,45.0
SNS-1002-H,AST-1002,Humidity,46.42,2026-02-12 07:54,45.0
SNS-1002-H,AST-1002,Humidity,45.86,2026-02-13 04:39,45.0
SNS-1002-H,AST-1002,Humidity,43.5,2026-02-14 12:52,45.0
SNS-1002-H,AST-1002,Humidity,46.42,2026-02-15 01:28,45.0
SNS-1002-H,AST-1002,Humidity,46.92,2026-02-16 15:52,45.0
SNS-1002-H,AST-1002,Humidity,43.07,2026-02-17 17:49,45.0
SNS-1002-H,AST-1002,Humidity,45.18,2026-02-18 16:14,45.0
SNS-1002-H,AST-1002,Humidity,48.74,2026-02-19 21:27,45.0
SNS-1002-H,AST-1002,Humidity,47.12,2026-02-20 12:52,45.0
SNS-1002-H,AST-1002,Humidity,46.79,2026-02-21 01:49,45.0
SNS-1002-H,AST-1002,Humidity,46.77,2026-02-22 00:55,45.0
SNS-1002-H,AST-1002,Humidity,45.86,2026-02-23 18:48,45.0
SNS-1002-H,AST-1002,Humidity,43.55,2026-02-24 20:25,45.0
SNS-1002-H,AST-1002,Humidity,45.75,2026-02-25 10:04,45.0
SNS-1002-H,AST-1002,Humidity,43.41,2026-02-26 14:53,45.0
SNS-1002-H,AST-1002,Humidity,46.22,2026-02-27 21:51,45.0
SNS-1002-H,AST-1002,Humidity,45.59,2026-02-28 01:39,45.0
SNS-1002-H,AST-1002,Humidity,47.07,2026-03-01 10:40,45.0
SNS-1002-H,AST-1002,Humidity,40.55,2026-03-02 08:06,45.0
SNS-1002-H,AST-1002,Humidity,42.97,2026-03-03 13:07,45.0
SNS-1002-H,AST-1002,Humidity,46.19,2026-03-04 00:56,45.0
SNS-1002-H,AST-1002,Humidity,40.73,2026-03-05 00:04,45.0
SNS-1002-H,AST-1002,Humidity,42.71,2026-03-06 08:36,45.0
SNS-1002-H,AST-1002,Humidity,45.31,2026-03-07 07:24,45.0
SNS-1002-H,AST-1002,Humidity,44.87,2026-03-08 01:30,45.0
SNS-1002-H,AST-1002,Humidity,42.34,2026-03-09 02:25,45.0
SNS-1002-H,AST-1002,Humidity,45.26,2026-03-10 20:57,45.0
SNS-1002-H,AST-1002,Humidity,45.64,2026-03-11 13:21,45.0
SNS-1002-H,AST-1002,Humidity,45.9,2026-03-12 10:42,45.0
SNS-1002-H,AST-1002,Humidity,42.87,2026-03-13 09:24,45.0
SNS-1002-H,AST-1002,Humidity,40.17,2026-03-14 20:52,45.0
SNS-1002-H,AST-1002,Humidity,44.91,2026-03-15 20:20,45.0
SNS-1002-H,AST-1002,Humidity,46.96,2026-03-16 01:22,45.0
SNS-1002-H,AST-1002,Humidity,42.87,2026-03-17 07:37,45.0
SNS-1002-H,AST-1002,Humidity,47.22,2026-03-18 09:09,45.0
SNS-1002-H,AST-1002,Humidity,46.42,2026-03-19 09:42,45.0
SNS-1002-H,AST-1002,Humidity,46.07,2026-03-20 18:46,45.0
SNS-1002-H,AST-1002,Humidity,46.92,2026-03-21 10:58,45.0
SNS-1002-H,AST-1002,Humidity,41.96,2026-03-22 15:54,45.0
SNS-1002-H,AST-1002,Humidity,45.32,2026-03-23 01:52,45.0
SNS-1002-H,AST-1002,Humidity,44.22,2026-03-24 15:19,45.0
SNS-1002-H,AST-1002,Humidity,45.52,2026-03-25 02:02,45.0
SNS-1002-H,AST-1002,Humidity,43.32,2026-03-26 01:44,45.0
SNS-1002-H,AST-1002,Humidity,42.82,2026-03-27 21:21,45.0
SNS-1002-H,AST-1002,Humidity,42.41,2026-03-28 13:33,45.0
SNS-1002-H,AST-1002,Humidity,46.04,2026-03-29 17:39,45.0
SNS-1002-H,AST-1002,Humidity,46.58,2026-03-30 22:48,45.0
SNS-1002-H,AST-1002,Humidity,44.38,2026-03-31 07:33,45.0
SNS-1002-H,AST-1002,Humidity,45.42,2026-04-01 06:10,45.0
SNS-1002-H,AST-1002,Humidity,48.09,2026-04-02 13:40,45.0
SNS-1002-H,AST-1002,Humidity,46.67,2026-04-03 02:41,45.0
SNS-1002-H,AST-1002,Humidity,41.48,2026-04-04 15:49,45.0
SNS-1002-H,AST-1002,Humidity,44.08,2026-04-05 16:45,45.0
SNS-1002-H,AST-1002,Humidity,45.17,2026-04-06 05:11,45.0
SNS-1002-H,AST-1002,Humidity,47.66,2026-04-07 02:42,45.0
SNS-1002-H,AST-1002,Humidity,45.74,2026-04-08 03:08,45.0
SNS-1002-H,AST-1002,Humidity,46.28,2026-04-09 00:05,45.0
SNS-1002-H,AST-1002,Humidity,41.23,2026-04-10 15:05,45.0
SNS-1002-H,AST-1002,Humidity,42.57,2026-04-11 03:03,45.0
SNS-1002-H,AST-1002,Humidity,44.91,2026-04-12 10:49,45.0
SNS-1002-H,AST-1002,Humidity,46.68,2026-04-13 09:17,45.0
SNS-1002-H,AST-1002,Humidity,43.06,2026-04-14 21:32,45.0
SNS-1002-H,AST-1002,Humidity,45.83,2026-04-15 02:37,45.0
SNS-1002-H,AST-1002,Humidity,46.85,2026-04-16 09:37,45.0
SNS-1002-H,AST-1002,Humidity,45.95,2026-04-17 03:20,45.0
SNS-1002-H,AST-1002,Humidity,46.67,2026-04-18 16:56,45.0
SNS-1002-H,AST-1002,Humidity,43.79,2026-04-19 19:32,45.0
SNS-1002-H,AST-1002,Humidity,44.12,2026-04-20 22:48,45.0
SNS-1002-H,AST-1002,Humidity,40.33,2026-04-21 19:38,45.0
SNS-1002-H,AST-1002,Humidity,42.94,2026-04-22 22:08,45.0
SNS-1002-H,AST-1002,Humidity,46.04,2026-04-23 03:51,45.0
SNS-1002-H,AST-1002,Humidity,47.23,2026-04-24 15:29,45.0
SNS-1002-H,AST-1002,Humidity,44.25,2026-04-25 08:50,45.0
SNS-1002-H,AST-1002,Humidity,48.1,2026-04-26 04:55,45.0
SNS-1002-H,AST-1002,Humidity,43.62,2026-04-27 17:14,45.0
SNS-1002-H,AST-1002,Humidity,43.34,2026-04-28 07:35,45.0
SNS-1002-H,AST-1002,Humidity,46.74,2026-04-29 08:25,45.0
SNS-1002-H,AST-1002,Humidity,45.96,2026-04-30 22:45,45.0
SNS-1002-H,AST-1002,Humidity,43.58,2026-05-01 14:27,45.0
SNS-1002-H,AST-1002,Humidity,42.05,2026-05-02 17:29,45.0
SNS-1002-H,AST-1002,Humidity,45.46,2026-05-03 21:15,45.0
SNS-1002-H,AST-1002,Humidity,45.82,2026-05-04 20:45,45.0
SNS-1002-H,AST-1002,Humidity,42.6,2026-05-05 03:07,45.0
SNS-1002-H,AST-1002,Humidity,45.31,2026-05-06 14:21,45.0
SNS-1002-H,AST-1002,Humidity,43.98,2026-05-07 21:18,45.0
SNS-1002-H,AST-1002,Humidity,43.22,2026-05-08 19:38,45.0
SNS-1002-H,AST-1002,Humidity,46.42,2026-05-09 04:58,45.0
SNS-1002-H,AST-1002,Humidity,47.41,2026-05-10 13:39,45.0
SNS-1002-H,AST-1002,Humidity,43.61,2026-05-11 22:31,45.0
SNS-1002-H,AST-1002,Humidity,44.96,2026-05-12 17:30,45.0
SNS-1002-H,AST-1002,Humidity,43.14,2026-05-13 05:27,45.0
SNS-1002-H,AST-1002,Humidity,45.67,2026-05-14 13:22,45.0
SNS-1002-H,AST-1002,Humidity,46.75,2026-05-15 18:33,45.0
SNS-1002-H,AST-1002,Humidity,43.7,2026-05-16 13:03,45.0
SNS-1002-H,AST-1002,Humidity,43.77,2026-05-17 11:57,45.0
SNS-1002-H,AST-1002,Humidity,46.62,2026-05-18 22:51,45.0
SNS-1002-H,AST-1002,Humidity,44.51,2026-05-19 16:56,45.0
SNS-1002-H,AST-1002,Humidity,44.9,2026-05-20 01:35,45.0
SNS-1002-H,AST-1002,Humidity,42.59,2026-05-21 13:22,45.0
SNS-1002-H,AST-1002,Humidity,46.09,2026-05-22 03:55,45.0
SNS-1002-H,AST-1002,Humidity,46.25,2026-05-23 08:35,45.0
SNS-1002-H,AST-1002,Humidity,46.42,2026-05-24 17:25,45.0
SNS-1002-H,AST-1002,Humidity,46.33,2026-05-25 07:26,45.0
SNS-1002-H,AST-1002,Humidity,42.81,2026-05-26 10:09,45.0
SNS-1002-H,AST-1002,Humidity,48.6,2026-05-27 20:10,45.0
SNS-1002-H,AST-1002,Humidity,46.13,2026-05-28 15:27,45.0
SNS-1002-H,AST-1002,Humidity,42.57,2026-05-29 14:07,45.0
SNS-1002-H,AST-1002,Humidity,44.76,2026-05-30 18:33,45.0
SNS-1002-H,AST-1002,Humidity,44.22,2026-05-31 11:49,45.0
SNS-1002-H,AST-1002,Humidity,43.1,2026-06-01 09:53,45.0
SNS-1002-H,AST-1002,Humidity,48.11,2026-06-02 13:33,45.0
SNS-1002-H,AST-1002,Humidity,48.62,2026-06-03 22:52,45.0
SNS-1002-H,AST-1002,Humidity,45.3,2026-06-04 04:18,45.0
SNS-1002-H,AST-1002,Humidity,48.09,2026-06-05 10:52,45.0
SNS-1002-H,AST-1002,Humidity,44.89,2026-06-06 11:52,45.0
SNS-1002-H,AST-1002,Humidity,42.48,2026-06-07 02:07,45.0
SNS-1002-H,AST-1002,Humidity,45.63,2026-06-08 16:23,45.0
SNS-1002-H,AST-1002,Humidity,43.28,2026-06-09 17:32,45.0
SNS-1002-H,AST-1002,Humidity,43.14,2026-06-10 12:27,45.0
SNS-1002-H,AST-1002,Humidity,45.06,2026-06-11 20:48,45.0
SNS-1002-H,AST-1002,Humidity,47.79,2026-06-12 05:20,45.0
SNS-1002-H,AST-1002,Humidity,43.26,2026-06-13 07:27,45.0
SNS-1002-H,AST-1002,Humidity,44.74,2026-06-14 05:11,45.0
SNS-1002-H,AST-1002,Humidity,45.4,2026-06-15 15:02,45.0
SNS-1002-H,AST-1002,Humidity,44.48,2026-06-16 16:30,45.0
SNS-1002-H,AST-1002,Humidity,41.98,2026-06-17 20:17,45.0
SNS-1002-H,AST-1002,Humidity,46.72,2026-06-18 11:36,45.0
SNS-1002-H,AST-1002,Humidity,46.43,2026-06-19 15:27,45.0
SNS-1002-H,AST-1002,Humidity,47.25,2026-06-20 20:50,45.0
SNS-1002-H,AST-1002,Humidity,44.62,2026-06-21 11:21,45.0
SNS-1002-H,AST-1002,Humidity,48.43,2026-06-22 17:37,45.0
SNS-1002-H,AST-1002,Humidity,46.73,2026-06-23 08:08,45.0
SNS-1002-H,AST-1002,Humidity,45.73,2026-06-24 15:29,45.0
SNS-1002-H,AST-1002,Humidity,46.09,2026-06-25 07:08,45.0
SNS-1002-H,AST-1002,Humidity,43.63,2026-06-26 15:27,45.0
SNS-1002-H,AST-1002,Humidity,46.23,2026-06-27 07:18,45.0
SNS-1002-H,AST-1002,Humidity,44.06,2026-06-28 17:10,45.0
SNS-1002-H,AST-1002,Humidity,46.27,2026-06-29 15:44,45.0
SNS-1002-H,AST-1002,Humidity,45.01,2026-06-30 08:46,45.0
SNS-1002-H,AST-1002,Humidity,45.4,2026-07-01 21:03,45.0
SNS-1002-H,AST-1002,Humidity,44.66,2026-07-02 02:37,45.0
SNS-1002-H,AST-1002,Humidity,44.47,2026-07-03 14:49,45.0
SNS-1002-H,AST-1002,Humidity,49.03,2026-07-04 13:23,45.0
SNS-1002-H,AST-1002,Humidity,48.05,2026-07-05 13:29,45.0
SNS-1002-H,AST-1002,Humidity,48.08,2026-07-06 13:36,45.0
SNS-1002-H,AST-1002,Humidity,50.63,2026-07-07 11:56,45.0
SNS-1002-H,AST-1002,Humidity,48.77,2026-07-08 22:42,45.0
SNS-1002-H,AST-1002,Humidity,51.23,2026-07-09 06:43,45.0
SNS-1002-H,AST-1002,Humidity,49.38,2026-07-10 14:28,45.0
SNS-1002-H,AST-1002,Humidity,54.32,2026-07-11 19:50,45.0
SNS-1002-H,AST-1002,Humidity,53.03,2026-07-12 19:28,45.0
SNS-1002-H,AST-1002,Humidity,56.93,2026-07-13 11:08,45.0
SNS-1002-H,AST-1002,Humidity,52.97,2026-07-14 21:45,45.0
SNS-1002-H,AST-1002,Humidity,58.7,2026-07-15 14:49,45.0
SNS-1002-H,AST-1002,Humidity,58.4,2026-07-16 04:55,45.0
SNS-1002-H,AST-1002,Humidity,61.35,2026-07-17 12:07,45.0
SNS-1002-H,AST-1002,Humidity,64.23,2026-07-18 22:57,45.0
SNS-1002-H,AST-1002,Humidity,62.63,2026-07-19 22:26,45.0
SNS-1002-H,AST-1002,Humidity,61.54,2026-07-20 22:55,45.0
SNS-1002-H,AST-1002,Humidity,64.72,2026-07-21 18:10,45.0
SNS-1002-H,AST-1002,Humidity,66.74,2026-07-22 02:06,45.0
SNS-1002-H,AST-1002,Humidity,69.61,2026-07-23 03:27,45.0
SNS-1002-H,AST-1002,Humidity,69.69,2026-07-24 15:30,45.0
SNS-1002-H,AST-1002,Humidity,65.72,2026-07-25 09:50,45.0
SNS-1003-T,AST-1003,Temperature,82.62,2024-07-25 08:49,85.0
SNS-1003-T,AST-1003,Temperature,83.43,2024-07-26 16:02,85.0
SNS-1003-T,AST-1003,Temperature,82.07,2024-07-27 22:27,85.0
SNS-1003-T,AST-1003,Temperature,83.03,2024-07-28 16:57,85.0
SNS-1003-T,AST-1003,Temperature,86.03,2024-07-29 05:54,85.0
SNS-1003-T,AST-1003,Temperature,89.15,2024-07-30 18:57,85.0
SNS-1003-T,AST-1003,Temperature,85.39,2024-07-31 19:50,85.0
SNS-1003-T,AST-1003,Temperature,85.39,2024-08-01 21:29,85.0
SNS-1003-T,AST-1003,Temperature,85.64,2024-08-02 21:22,85.0
SNS-1003-T,AST-1003,Temperature,87.94,2024-08-03 07:39,85.0
SNS-1003-T,AST-1003,Temperature,83.95,2024-08-04 01:32,85.0
SNS-1003-T,AST-1003,Temperature,85.32,2024-08-05 03:45,85.0
SNS-1003-T,AST-1003,Temperature,84.95,2024-08-06 13:38,85.0
SNS-1003-T,AST-1003,Temperature,85.03,2024-08-07 05:25,85.0
SNS-1003-T,AST-1003,Temperature,88.06,2024-08-08 14:19,85.0
SNS-1003-T,AST-1003,Temperature,85.96,2024-08-09 19:35,85.0
SNS-1003-T,AST-1003,Temperature,88.13,2024-08-10 07:44,85.0
SNS-1003-T,AST-1003,Temperature,88.44,2024-08-11 17:47,85.0
SNS-1003-T,AST-1003,Temperature,86.73,2024-08-12 02:43,85.0
SNS-1003-T,AST-1003,Temperature,89.69,2024-08-13 14:08,85.0
SNS-1003-T,AST-1003,Temperature,91.12,2024-08-14 16:57,85.0
SNS-1003-T,AST-1003,Temperature,84.49,2024-08-15 13:40,85.0
SNS-1003-T,AST-1003,Temperature,87.39,2024-08-16 09:24,85.0
SNS-1003-T,AST-1003,Temperature,88.32,2024-08-17 18:58,85.0
SNS-1003-T,AST-1003,Temperature,88.46,2024-08-18 05:04,85.0
SNS-1003-T,AST-1003,Temperature,90.01,2024-08-19 01:15,85.0
SNS-1003-T,AST-1003,Temperature,87.13,2024-08-20 21:16,85.0
SNS-1003-T,AST-1003,Temperature,87.0,2024-08-21 20:39,85.0
SNS-1003-T,AST-1003,Temperature,90.96,2024-08-22 20:37,85.0
SNS-1003-T,AST-1003,Temperature,89.78,2024-08-23 12:16,85.0
SNS-1003-T,AST-1003,Temperature,88.37,2024-08-24 00:23,85.0
SNS-1003-T,AST-1003,Temperature,90.3,2024-08-25 05:55,85.0
SNS-1003-T,AST-1003,Temperature,92.25,2024-08-26 17:37,85.0
SNS-1003-T,AST-1003,Temperature,90.12,2024-08-27 15:57,85.0
SNS-1003-T,AST-1003,Temperature,84.17,2024-08-28 03:57,85.0
SNS-1003-T,AST-1003,Temperature,86.76,2024-08-29 09:16,85.0
SNS-1003-T,AST-1003,Temperature,87.38,2024-08-30 17:11,85.0
SNS-1003-T,AST-1003,Temperature,88.99,2024-08-31 18:05,85.0
SNS-1003-T,AST-1003,Temperature,88.06,2024-09-01 16:05,85.0
SNS-1003-T,AST-1003,Temperature,88.81,2024-09-02 20:06,85.0
SNS-1003-T,AST-1003,Temperature,92.49,2024-09-03 19:42,85.0
SNS-1003-T,AST-1003,Temperature,86.6,2024-09-04 16:55,85.0
SNS-1003-T,AST-1003,Temperature,88.58,2024-09-05 11:31,85.0
SNS-1003-T,AST-1003,Temperature,88.05,2024-09-06 15:38,85.0
SNS-1003-T,AST-1003,Temperature,87.36,2024-09-07 08:28,85.0
SNS-1003-T,AST-1003,Temperature,89.73,2024-09-08 11:00,85.0
SNS-1003-T,AST-1003,Temperature,91.97,2024-09-09 11:14,85.0
SNS-1003-T,AST-1003,Temperature,88.98,2024-09-10 12:58,85.0
SNS-1003-T,AST-1003,Temperature,92.27,2024-09-11 08:47,85.0
SNS-1003-T,AST-1003,Temperature,91.62,2024-09-12 22:26,85.0
SNS-1003-T,AST-1003,Temperature,90.04,2024-09-13 05:20,85.0
SNS-1003-T,AST-1003,Temperature,88.77,2024-09-14 11:01,85.0
SNS-1003-T,AST-1003,Temperature,87.08,2024-09-15 11:41,85.0
SNS-1003-T,AST-1003,Temperature,93.33,2024-09-16 17:42,85.0
SNS-1003-T,AST-1003,Temperature,93.66,2024-09-17 09:55,85.0
SNS-1003-T,AST-1003,Temperature,88.78,2024-09-18 22:03,85.0
SNS-1003-T,AST-1003,Temperature,91.16,2024-09-19 22:07,85.0
SNS-1003-T,AST-1003,Temperature,93.26,2024-09-20 15:15,85.0
SNS-1003-T,AST-1003,Temperature,89.71,2024-09-21 08:50,85.0
SNS-1003-T,AST-1003,Temperature,91.84,2024-09-22 03:38,85.0
SNS-1003-T,AST-1003,Temperature,89.36,2024-09-23 00:12,85.0
SNS-1003-T,AST-1003,Temperature,87.56,2024-09-24 11:29,85.0
SNS-1003-T,AST-1003,Temperature,91.77,2024-09-25 08:51,85.0
SNS-1003-T,AST-1003,Temperature,87.98,2024-09-26 16:16,85.0
SNS-1003-T,AST-1003,Temperature,89.93,2024-09-27 15:38,85.0
SNS-1003-T,AST-1003,Temperature,90.47,2024-09-28 03:25,85.0
SNS-1003-T,AST-1003,Temperature,89.8,2024-09-29 20:31,85.0
SNS-1003-T,AST-1003,Temperature,88.64,2024-09-30 01:13,85.0
SNS-1003-T,AST-1003,Temperature,88.94,2024-10-01 08:12,85.0
SNS-1003-T,AST-1003,Temperature,87.43,2024-10-02 01:44,85.0
SNS-1003-T,AST-1003,Temperature,93.71,2024-10-03 03:08,85.0
SNS-1003-T,AST-1003,Temperature,89.5,2024-10-04 16:22,85.0
SNS-1003-T,AST-1003,Temperature,89.47,2024-10-05 02:52,85.0
SNS-1003-T,AST-1003,Temperature,87.44,2024-10-06 21:20,85.0
SNS-1003-T,AST-1003,Temperature,88.25,2024-10-07 02:00,85.0
SNS-1003-T,AST-1003,Temperature,91.6,2024-10-08 12:54,85.0
SNS-1003-T,AST-1003,Temperature,87.88,2024-10-09 16:33,85.0
SNS-1003-T,AST-1003,Temperature,87.96,2024-10-10 00:41,85.0
SNS-1003-T,AST-1003,Temperature,88.33,2024-10-11 11:08,85.0
SNS-1003-T,AST-1003,Temperature,89.27,2024-10-12 09:24,85.0
SNS-1003-T,AST-1003,Temperature,88.61,2024-10-13 22:55,85.0
SNS-1003-T,AST-1003,Temperature,89.43,2024-10-14 22:39,85.0
SNS-1003-T,AST-1003,Temperature,90.75,2024-10-15 20:26,85.0
SNS-1003-T,AST-1003,Temperature,91.7,2024-10-16 04:03,85.0
SNS-1003-T,AST-1003,Temperature,89.55,2024-10-17 03:26,85.0
SNS-1003-T,AST-1003,Temperature,87.72,2024-10-18 10:25,85.0
SNS-1003-T,AST-1003,Temperature,91.33,2024-10-19 02:50,85.0
SNS-1003-T,AST-1003,Temperature,90.57,2024-10-20 17:12,85.0
SNS-1003-T,AST-1003,Temperature,88.58,2024-10-21 18:44,85.0
SNS-1003-T,AST-1003,Temperature,90.72,2024-10-22 18:08,85.0
SNS-1003-T,AST-1003,Temperature,90.94,2024-10-23 15:35,85.0
SNS-1003-T,AST-1003,Temperature,87.25,2024-10-24 15:54,85.0
SNS-1003-T,AST-1003,Temperature,90.73,2024-10-25 10:16,85.0
SNS-1003-T,AST-1003,Temperature,87.78,2024-10-26 00:57,85.0
SNS-1003-T,AST-1003,Temperature,90.05,2024-10-27 12:22,85.0
SNS-1003-T,AST-1003,Temperature,94.7,2024-10-28 10:16,85.0
SNS-1003-T,AST-1003,Temperature,90.41,2024-10-29 03:01,85.0
SNS-1003-T,AST-1003,Temperature,87.33,2024-10-30 22:48,85.0
SNS-1003-T,AST-1003,Temperature,91.27,2024-10-31 22:17,85.0
SNS-1003-T,AST-1003,Temperature,90.15,2024-11-01 14:22,85.0
SNS-1003-T,AST-1003,Temperature,86.86,2024-11-02 06:03,85.0
SNS-1003-T,AST-1003,Temperature,91.66,2024-11-03 20:57,85.0
SNS-1003-T,AST-1003,Temperature,91.65,2024-11-04 02:11,85.0
SNS-1003-T,AST-1003,Temperature,91.97,2024-11-05 20:10,85.0
SNS-1003-T,AST-1003,Temperature,89.71,2024-11-06 02:15,85.0
SNS-1003-T,AST-1003,Temperature,91.2,2024-11-07 06:17,85.0
SNS-1003-T,AST-1003,Temperature,88.88,2024-11-08 14:26,85.0
SNS-1003-T,AST-1003,Temperature,88.95,2024-11-09 02:47,85.0
SNS-1003-T,AST-1003,Temperature,88.14,2024-11-10 16:53,85.0
SNS-1003-T,AST-1003,Temperature,89.03,2024-11-11 10:10,85.0
SNS-1003-T,AST-1003,Temperature,90.12,2024-11-12 16:32,85.0
SNS-1003-T,AST-1003,Temperature,84.72,2024-11-13 06:53,85.0
SNS-1003-T,AST-1003,Temperature,90.5,2024-11-14 04:39,85.0
SNS-1003-T,AST-1003,Temperature,90.3,2024-11-15 22:31,85.0
SNS-1003-T,AST-1003,Temperature,90.96,2024-11-16 04:19,85.0
SNS-1003-T,AST-1003,Temperature,86.8,2024-11-17 03:01,85.0
SNS-1003-T,AST-1003,Temperature,90.75,2024-11-18 09:44,85.0
SNS-1003-T,AST-1003,Temperature,88.2,2024-11-19 22:24,85.0
SNS-1003-T,AST-1003,Temperature,90.42,2024-11-20 11:07,85.0
SNS-1003-T,AST-1003,Temperature,91.46,2024-11-21 08:36,85.0
SNS-1003-T,AST-1003,Temperature,87.96,2024-11-22 17:56,85.0
SNS-1003-T,AST-1003,Temperature,87.77,2024-11-23 03:29,85.0
SNS-1003-T,AST-1003,Temperature,86.08,2024-11-24 08:10,85.0
SNS-1003-T,AST-1003,Temperature,88.6,2024-11-25 12:42,85.0
SNS-1003-T,AST-1003,Temperature,94.03,2024-11-26 21:54,85.0
SNS-1003-T,AST-1003,Temperature,84.69,2024-11-27 00:31,85.0
SNS-1003-T,AST-1003,Temperature,90.98,2024-11-28 07:27,85.0
SNS-1003-T,AST-1003,Temperature,89.36,2024-11-29 08:50,85.0
SNS-1003-T,AST-1003,Temperature,87.87,2024-11-30 03:08,85.0
SNS-1003-T,AST-1003,Temperature,86.37,2024-12-01 20:01,85.0
SNS-1003-T,AST-1003,Temperature,89.8,2024-12-02 11:58,85.0
SNS-1003-T,AST-1003,Temperature,90.69,2024-12-03 05:23,85.0
SNS-1003-T,AST-1003,Temperature,89.78,2024-12-04 01:24,85.0
SNS-1003-T,AST-1003,Temperature,87.93,2024-12-05 22:35,85.0
SNS-1003-T,AST-1003,Temperature,90.86,2024-12-06 14:13,85.0
SNS-1003-T,AST-1003,Temperature,89.79,2024-12-07 16:43,85.0
SNS-1003-T,AST-1003,Temperature,87.95,2024-12-08 07:49,85.0
SNS-1003-T,AST-1003,Temperature,85.52,2024-12-09 16:58,85.0
SNS-1003-T,AST-1003,Temperature,89.63,2024-12-10 07:09,85.0
SNS-1003-T,AST-1003,Temperature,86.03,2024-12-11 13:48,85.0
SNS-1003-T,AST-1003,Temperature,84.81,2024-12-12 08:57,85.0
SNS-1003-T,AST-1003,Temperature,88.22,2024-12-13 22:57,85.0
SNS-1003-T,AST-1003,Temperature,87.68,2024-12-14 09:01,85.0
SNS-1003-T,AST-1003,Temperature,87.98,2024-12-15 21:00,85.0
SNS-1003-T,AST-1003,Temperature,86.03,2024-12-16 02:50,85.0
SNS-1003-T,AST-1003,Temperature,87.74,2024-12-17 20:40,85.0
SNS-1003-T,AST-1003,Temperature,87.55,2024-12-18 13:28,85.0
SNS-1003-T,AST-1003,Temperature,88.47,2024-12-19 14:47,85.0
SNS-1003-T,AST-1003,Temperature,86.24,2024-12-20 04:34,85.0
SNS-1003-T,AST-1003,Temperature,88.55,2024-12-21 22:01,85.0
SNS-1003-T,AST-1003,Temperature,89.78,2024-12-22 16:52,85.0
SNS-1003-T,AST-1003,Temperature,86.6,2024-12-23 02:03,85.0
SNS-1003-T,AST-1003,Temperature,88.23,2024-12-24 07:22,85.0
SNS-1003-T,AST-1003,Temperature,88.68,2024-12-25 01:45,85.0
SNS-1003-T,AST-1003,Temperature,87.08,2024-12-26 07:42,85.0
SNS-1003-T,AST-1003,Temperature,87.16,2024-12-27 12:45,85.0
SNS-1003-T,AST-1003,Temperature,83.9,2024-12-28 13:00,85.0
SNS-1003-T,AST-1003,Temperature,88.45,2024-12-29 12:51,85.0
SNS-1003-T,AST-1003,Temperature,86.88,2024-12-30 09:26,85.0
SNS-1003-T,AST-1003,Temperature,89.15,2024-12-31 18:07,85.0
SNS-1003-T,AST-1003,Temperature,89.83,2025-01-01 08:21,85.0
SNS-1003-T,AST-1003,Temperature,88.01,2025-01-02 11:33,85.0
SNS-1003-T,AST-1003,Temperature,88.99,2025-01-03 03:17,85.0
SNS-1003-T,AST-1003,Temperature,88.54,2025-01-04 07:33,85.0
SNS-1003-T,AST-1003,Temperature,87.1,2025-01-05 12:24,85.0
SNS-1003-T,AST-1003,Temperature,85.72,2025-01-06 20:10,85.0
SNS-1003-T,AST-1003,Temperature,88.09,2025-01-07 20:07,85.0
SNS-1003-T,AST-1003,Temperature,87.49,2025-01-08 10:00,85.0
SNS-1003-T,AST-1003,Temperature,82.93,2025-01-09 21:05,85.0
SNS-1003-T,AST-1003,Temperature,85.26,2025-01-10 10:26,85.0
SNS-1003-T,AST-1003,Temperature,86.42,2025-01-11 16:52,85.0
SNS-1003-T,AST-1003,Temperature,90.01,2025-01-12 13:09,85.0
SNS-1003-T,AST-1003,Temperature,85.63,2025-01-13 21:30,85.0
SNS-1003-T,AST-1003,Temperature,85.56,2025-01-14 06:22,85.0
SNS-1003-T,AST-1003,Temperature,85.06,2025-01-15 12:14,85.0
SNS-1003-T,AST-1003,Temperature,91.15,2025-01-16 00:14,85.0
SNS-1003-T,AST-1003,Temperature,86.54,2025-01-17 16:36,85.0
SNS-1003-T,AST-1003,Temperature,85.75,2025-01-18 06:52,85.0
SNS-1003-T,AST-1003,Temperature,83.94,2025-01-19 02:57,85.0
SNS-1003-T,AST-1003,Temperature,83.91,2025-01-20 07:18,85.0
SNS-1003-T,AST-1003,Temperature,86.37,2025-01-21 14:58,85.0
SNS-1003-T,AST-1003,Temperature,88.88,2025-01-22 06:57,85.0
SNS-1003-T,AST-1003,Temperature,87.26,2025-01-23 21:57,85.0
SNS-1003-T,AST-1003,Temperature,84.54,2025-01-24 07:23,85.0
SNS-1003-T,AST-1003,Temperature,88.08,2025-01-25 09:38,85.0
SNS-1003-T,AST-1003,Temperature,86.68,2025-01-26 10:37,85.0
SNS-1003-T,AST-1003,Temperature,102.91,2025-01-27 16:18,85.0
SNS-1003-T,AST-1003,Temperature,84.79,2025-01-28 07:25,85.0
SNS-1003-T,AST-1003,Temperature,85.71,2025-01-29 14:36,85.0
SNS-1003-T,AST-1003,Temperature,85.97,2025-01-30 21:24,85.0
SNS-1003-T,AST-1003,Temperature,85.44,2025-01-31 14:30,85.0
SNS-1003-T,AST-1003,Temperature,88.72,2025-02-01 17:56,85.0
SNS-1003-T,AST-1003,Temperature,86.44,2025-02-02 03:25,85.0
SNS-1003-T,AST-1003,Temperature,88.09,2025-02-03 10:33,85.0
SNS-1003-T,AST-1003,Temperature,86.52,2025-02-04 05:25,85.0
SNS-1003-T,AST-1003,Temperature,87.32,2025-02-05 03:43,85.0
SNS-1003-T,AST-1003,Temperature,88.46,2025-02-06 10:38,85.0
SNS-1003-T,AST-1003,Temperature,89.59,2025-02-07 21:23,85.0
SNS-1003-T,AST-1003,Temperature,89.5,2025-02-08 11:15,85.0
SNS-1003-T,AST-1003,Temperature,88.33,2025-02-09 11:42,85.0
SNS-1003-T,AST-1003,Temperature,89.19,2025-02-10 15:39,85.0
SNS-1003-T,AST-1003,Temperature,86.15,2025-02-11 05:06,85.0
SNS-1003-T,AST-1003,Temperature,88.84,2025-02-12 04:42,85.0
SNS-1003-T,AST-1003,Temperature,87.46,2025-02-13 07:43,85.0
SNS-1003-T,AST-1003,Temperature,88.97,2025-02-14 12:15,85.0
SNS-1003-T,AST-1003,Temperature,87.62,2025-02-15 13:09,85.0
SNS-1003-T,AST-1003,Temperature,87.91,2025-02-16 21:39,85.0
SNS-1003-T,AST-1003,Temperature,85.4,2025-02-17 05:39,85.0
SNS-1003-T,AST-1003,Temperature,88.32,2025-02-18 02:15,85.0
SNS-1003-T,AST-1003,Temperature,89.17,2025-02-19 21:17,85.0
SNS-1003-T,AST-1003,Temperature,88.12,2025-02-20 09:13,85.0
SNS-1003-T,AST-1003,Temperature,84.7,2025-02-21 10:47,85.0
SNS-1003-T,AST-1003,Temperature,88.85,2025-02-22 10:11,85.0
SNS-1003-T,AST-1003,Temperature,84.97,2025-02-23 13:43,85.0
SNS-1003-T,AST-1003,Temperature,84.2,2025-02-24 08:16,85.0
SNS-1003-T,AST-1003,Temperature,86.18,2025-02-25 20:18,85.0
SNS-1003-T,AST-1003,Temperature,87.66,2025-02-26 08:33,85.0
SNS-1003-T,AST-1003,Temperature,88.38,2025-02-27 09:47,85.0
SNS-1003-T,AST-1003,Temperature,92.57,2025-02-28 09:58,85.0
SNS-1003-T,AST-1003,Temperature,87.94,2025-03-01 08:15,85.0
SNS-1003-T,AST-1003,Temperature,91.49,2025-03-02 08:45,85.0
SNS-1003-T,AST-1003,Temperature,88.41,2025-03-03 20:34,85.0
SNS-1003-T,AST-1003,Temperature,90.19,2025-03-04 07:12,85.0
SNS-1003-T,AST-1003,Temperature,86.42,2025-03-05 03:17,85.0
SNS-1003-T,AST-1003,Temperature,89.35,2025-03-06 02:09,85.0
SNS-1003-T,AST-1003,Temperature,89.14,2025-03-07 15:28,85.0
SNS-1003-T,AST-1003,Temperature,91.8,2025-03-08 22:55,85.0
SNS-1003-T,AST-1003,Temperature,88.81,2025-03-09 22:55,85.0
SNS-1003-T,AST-1003,Temperature,90.05,2025-03-10 15:15,85.0
SNS-1003-T,AST-1003,Temperature,89.93,2025-03-11 13:18,85.0
SNS-1003-T,AST-1003,Temperature,91.02,2025-03-12 04:35,85.0
SNS-1003-T,AST-1003,Temperature,94.16,2025-03-13 13:36,85.0
SNS-1003-T,AST-1003,Temperature,85.37,2025-03-14 22:44,85.0
SNS-1003-T,AST-1003,Temperature,90.83,2025-03-15 10:29,85.0
SNS-1003-T,AST-1003,Temperature,89.51,2025-03-16 07:24,85.0
SNS-1003-T,AST-1003,Temperature,94.63,2025-03-17 07:56,85.0
SNS-1003-T,AST-1003,Temperature,89.52,2025-03-18 18:43,85.0
SNS-1003-T,AST-1003,Temperature,89.32,2025-03-19 05:33,85.0
SNS-1003-T,AST-1003,Temperature,89.46,2025-03-20 13:14,85.0
SNS-1003-T,AST-1003,Temperature,87.43,2025-03-21 09:04,85.0
SNS-1003-T,AST-1003,Temperature,93.39,2025-03-22 02:04,85.0
SNS-1003-T,AST-1003,Temperature,91.2,2025-03-23 01:58,85.0
SNS-1003-T,AST-1003,Temperature,88.32,2025-03-24 13:34,85.0
SNS-1003-T,AST-1003,Temperature,88.88,2025-03-25 07:21,85.0
SNS-1003-T,AST-1003,Temperature,89.78,2025-03-26 15:17,85.0
SNS-1003-T,AST-1003,Temperature,87.75,2025-03-27 10:00,85.0
SNS-1003-T,AST-1003,Temperature,88.05,2025-03-28 20:19,85.0
SNS-1003-T,AST-1003,Temperature,91.41,2025-03-29 19:09,85.0
SNS-1003-T,AST-1003,Temperature,90.72,2025-03-30 15:53,85.0
SNS-1003-T,AST-1003,Temperature,92.89,2025-03-31 10:33,85.0
SNS-1003-T,AST-1003,Temperature,93.04,2025-04-01 12:38,85.0
SNS-1003-T,AST-1003,Temperature,89.86,2025-04-02 10:45,85.0
SNS-1003-T,AST-1003,Temperature,91.33,2025-04-03 13:37,85.0
SNS-1003-T,AST-1003,Temperature,91.43,2025-04-04 06:36,85.0
SNS-1003-T,AST-1003,Temperature,90.98,2025-04-05 17:29,85.0
SNS-1003-T,AST-1003,Temperature,90.94,2025-04-06 12:20,85.0
SNS-1003-T,AST-1003,Temperature,92.47,2025-04-07 22:04,85.0
SNS-1003-T,AST-1003,Temperature,94.83,2025-04-08 10:14,85.0
SNS-1003-T,AST-1003,Temperature,90.85,2025-04-09 05:21,85.0
SNS-1003-T,AST-1003,Temperature,93.24,2025-04-10 00:27,85.0
SNS-1003-T,AST-1003,Temperature,93.2,2025-04-11 15:55,85.0
SNS-1003-T,AST-1003,Temperature,94.03,2025-04-12 12:13,85.0
SNS-1003-T,AST-1003,Temperature,93.63,2025-04-13 21:13,85.0
SNS-1003-T,AST-1003,Temperature,94.24,2025-04-14 06:23,85.0
SNS-1003-T,AST-1003,Temperature,95.31,2025-04-15 10:46,85.0
SNS-1003-T,AST-1003,Temperature,93.97,2025-04-16 04:34,85.0
SNS-1003-T,AST-1003,Temperature,94.26,2025-04-17 17:34,85.0
SNS-1003-T,AST-1003,Temperature,92.91,2025-04-18 01:11,85.0
SNS-1003-T,AST-1003,Temperature,92.32,2025-04-19 13:34,85.0
SNS-1003-T,AST-1003,Temperature,91.48,2025-04-20 13:24,85.0
SNS-1003-T,AST-1003,Temperature,94.81,2025-04-21 01:49,85.0
SNS-1003-T,AST-1003,Temperature,95.36,2025-04-22 10:50,85.0
SNS-1003-T,AST-1003,Temperature,91.12,2025-04-23 00:41,85.0
SNS-1003-T,AST-1003,Temperature,94.35,2025-04-24 21:42,85.0
SNS-1003-T,AST-1003,Temperature,95.16,2025-04-25 18:18,85.0
SNS-1003-T,AST-1003,Temperature,93.61,2025-04-26 20:02,85.0
SNS-1003-T,AST-1003,Temperature,92.99,2025-04-27 19:52,85.0
SNS-1003-T,AST-1003,Temperature,93.96,2025-04-28 02:29,85.0
SNS-1003-T,AST-1003,Temperature,95.18,2025-04-29 03:43,85.0
SNS-1003-T,AST-1003,Temperature,90.83,2025-04-30 22:23,85.0
SNS-1003-T,AST-1003,Temperature,91.76,2025-05-01 07:57,85.0
SNS-1003-T,AST-1003,Temperature,92.82,2025-05-02 05:05,85.0
SNS-1003-T,AST-1003,Temperature,93.07,2025-05-03 10:10,85.0
SNS-1003-T,AST-1003,Temperature,93.53,2025-05-04 14:22,85.0
SNS-1003-T,AST-1003,Temperature,97.29,2025-05-05 09:48,85.0
SNS-1003-T,AST-1003,Temperature,90.8,2025-05-06 04:52,85.0
SNS-1003-T,AST-1003,Temperature,93.47,2025-05-07 20:40,85.0
SNS-1003-T,AST-1003,Temperature,93.02,2025-05-08 12:33,85.0
SNS-1003-T,AST-1003,Temperature,92.05,2025-05-09 08:40,85.0
SNS-1003-T,AST-1003,Temperature,93.05,2025-05-10 17:07,85.0
SNS-1003-T,AST-1003,Temperature,97.92,2025-05-11 13:47,85.0
SNS-1003-T,AST-1003,Temperature,93.34,2025-05-12 11:49,85.0
SNS-1003-T,AST-1003,Temperature,93.39,2025-05-13 06:57,85.0
SNS-1003-T,AST-1003,Temperature,94.94,2025-05-14 06:07,85.0
SNS-1003-T,AST-1003,Temperature,94.06,2025-05-15 19:35,85.0
SNS-1003-T,AST-1003,Temperature,95.87,2025-05-16 09:54,85.0
SNS-1003-T,AST-1003,Temperature,93.14,2025-05-17 17:17,85.0
SNS-1003-T,AST-1003,Temperature,93.64,2025-05-18 15:42,85.0
SNS-1003-T,AST-1003,Temperature,94.42,2025-05-19 15:47,85.0
SNS-1003-T,AST-1003,Temperature,95.87,2025-05-20 19:03,85.0
SNS-1003-T,AST-1003,Temperature,94.72,2025-05-21 22:43,85.0
SNS-1003-T,AST-1003,Temperature,95.53,2025-05-22 04:06,85.0
SNS-1003-T,AST-1003,Temperature,97.84,2025-05-23 14:44,85.0
SNS-1003-T,AST-1003,Temperature,94.93,2025-05-24 15:23,85.0
SNS-1003-T,AST-1003,Temperature,95.15,2025-05-25 04:01,85.0
SNS-1003-T,AST-1003,Temperature,95.08,2025-05-26 15:56,85.0
SNS-1003-T,AST-1003,Temperature,94.04,2025-05-27 11:01,85.0
SNS-1003-T,AST-1003,Temperature,96.59,2025-05-28 05:39,85.0
SNS-1003-T,AST-1003,Temperature,91.0,2025-05-29 02:44,85.0
SNS-1003-T,AST-1003,Temperature,95.06,2025-05-30 04:35,85.0
SNS-1003-T,AST-1003,Temperature,93.44,2025-05-31 22:05,85.0
SNS-1003-T,AST-1003,Temperature,94.9,2025-06-01 19:17,85.0
SNS-1003-T,AST-1003,Temperature,95.91,2025-06-02 14:43,85.0
SNS-1003-T,AST-1003,Temperature,94.3,2025-06-03 22:47,85.0
SNS-1003-T,AST-1003,Temperature,96.42,2025-06-04 22:45,85.0
SNS-1003-T,AST-1003,Temperature,95.53,2025-06-05 16:04,85.0
SNS-1003-T,AST-1003,Temperature,93.49,2025-06-06 07:42,85.0
SNS-1003-T,AST-1003,Temperature,94.26,2025-06-07 02:33,85.0
SNS-1003-T,AST-1003,Temperature,96.56,2025-06-08 06:40,85.0
SNS-1003-T,AST-1003,Temperature,95.64,2025-06-09 04:12,85.0
SNS-1003-T,AST-1003,Temperature,92.53,2025-06-10 22:46,85.0
SNS-1003-T,AST-1003,Temperature,96.91,2025-06-11 10:11,85.0
SNS-1003-T,AST-1003,Temperature,96.94,2025-06-12 21:04,85.0
SNS-1003-T,AST-1003,Temperature,91.0,2025-06-13 00:38,85.0
SNS-1003-T,AST-1003,Temperature,96.17,2025-06-14 13:40,85.0
SNS-1003-T,AST-1003,Temperature,97.45,2025-06-15 17:33,85.0
SNS-1003-T,AST-1003,Temperature,93.62,2025-06-16 22:06,85.0
SNS-1003-T,AST-1003,Temperature,94.27,2025-06-17 01:45,85.0
SNS-1003-T,AST-1003,Temperature,94.98,2025-06-18 20:07,85.0
SNS-1003-T,AST-1003,Temperature,96.3,2025-06-19 09:33,85.0
SNS-1003-T,AST-1003,Temperature,99.63,2025-06-20 21:49,85.0
SNS-1003-T,AST-1003,Temperature,96.12,2025-06-21 07:28,85.0
SNS-1003-T,AST-1003,Temperature,95.07,2025-06-22 22:35,85.0
SNS-1003-T,AST-1003,Temperature,96.8,2025-06-23 22:50,85.0
SNS-1003-T,AST-1003,Temperature,96.89,2025-06-24 14:12,85.0
SNS-1003-T,AST-1003,Temperature,95.84,2025-06-25 20:37,85.0
SNS-1003-T,AST-1003,Temperature,93.74,2025-06-26 19:00,85.0
SNS-1003-T,AST-1003,Temperature,92.18,2025-06-27 08:41,85.0
SNS-1003-T,AST-1003,Temperature,95.94,2025-06-28 06:37,85.0
SNS-1003-T,AST-1003,Temperature,95.47,2025-06-29 12:32,85.0
SNS-1003-T,AST-1003,Temperature,93.34,2025-06-30 13:44,85.0
SNS-1003-T,AST-1003,Temperature,90.3,2025-07-01 22:03,85.0
SNS-1003-T,AST-1003,Temperature,98.2,2025-07-02 05:53,85.0
SNS-1003-T,AST-1003,Temperature,98.41,2025-07-03 10:24,85.0
SNS-1003-T,AST-1003,Temperature,94.37,2025-07-04 07:31,85.0
SNS-1003-T,AST-1003,Temperature,96.63,2025-07-05 18:43,85.0
SNS-1003-T,AST-1003,Temperature,94.04,2025-07-06 05:24,85.0
SNS-1003-T,AST-1003,Temperature,95.0,2025-07-07 17:14,85.0
SNS-1003-T,AST-1003,Temperature,99.51,2025-07-08 14:31,85.0
SNS-1003-T,AST-1003,Temperature,99.28,2025-07-09 05:51,85.0
SNS-1003-T,AST-1003,Temperature,99.67,2025-07-10 07:25,85.0
SNS-1003-T,AST-1003,Temperature,96.37,2025-07-11 17:16,85.0
SNS-1003-T,AST-1003,Temperature,95.59,2025-07-12 02:00,85.0
SNS-1003-T,AST-1003,Temperature,92.43,2025-07-13 01:52,85.0
SNS-1003-T,AST-1003,Temperature,98.28,2025-07-14 18:10,85.0
SNS-1003-T,AST-1003,Temperature,92.74,2025-07-15 05:49,85.0
SNS-1003-T,AST-1003,Temperature,94.24,2025-07-16 17:51,85.0
SNS-1003-T,AST-1003,Temperature,96.91,2025-07-17 21:22,85.0
SNS-1003-T,AST-1003,Temperature,94.31,2025-07-18 09:09,85.0
SNS-1003-T,AST-1003,Temperature,94.26,2025-07-19 12:07,85.0
SNS-1003-T,AST-1003,Temperature,92.93,2025-07-20 19:37,85.0
SNS-1003-T,AST-1003,Temperature,93.54,2025-07-21 19:30,85.0
SNS-1003-T,AST-1003,Temperature,97.81,2025-07-22 13:54,85.0
SNS-1003-T,AST-1003,Temperature,91.77,2025-07-23 20:34,85.0
SNS-1003-T,AST-1003,Temperature,95.76,2025-07-24 05:45,85.0
SNS-1003-T,AST-1003,Temperature,90.96,2025-07-25 03:25,85.0
SNS-1003-T,AST-1003,Temperature,95.63,2025-07-26 10:16,85.0
SNS-1003-T,AST-1003,Temperature,93.48,2025-07-27 18:44,85.0
SNS-1003-T,AST-1003,Temperature,96.8,2025-07-28 02:50,85.0
SNS-1003-T,AST-1003,Temperature,96.74,2025-07-29 15:35,85.0
SNS-1003-T,AST-1003,Temperature,92.55,2025-07-30 20:25,85.0
SNS-1003-T,AST-1003,Temperature,93.88,2025-07-31 06:01,85.0
SNS-1003-T,AST-1003,Temperature,95.72,2025-08-01 20:36,85.0
SNS-1003-T,AST-1003,Temperature,95.16,2025-08-02 22:26,85.0
SNS-1003-T,AST-1003,Temperature,95.42,2025-08-03 11:22,85.0
SNS-1003-T,AST-1003,Temperature,95.6,2025-08-04 08:52,85.0
SNS-1003-T,AST-1003,Temperature,93.54,2025-08-05 14:24,85.0
SNS-1003-T,AST-1003,Temperature,97.11,2025-08-06 16:27,85.0
SNS-1003-T,AST-1003,Temperature,95.44,2025-08-07 06:19,85.0
SNS-1003-T,AST-1003,Temperature,92.52,2025-08-08 20:43,85.0
SNS-1003-T,AST-1003,Temperature,68.97,2025-08-09 00:32,85.0
SNS-1003-T,AST-1003,Temperature,99.43,2025-08-10 22:16,85.0
SNS-1003-T,AST-1003,Temperature,93.97,2025-08-11 13:22,85.0
SNS-1003-T,AST-1003,Temperature,95.22,2025-08-12 21:31,85.0
SNS-1003-T,AST-1003,Temperature,93.63,2025-08-13 13:54,85.0
SNS-1003-T,AST-1003,Temperature,92.85,2025-08-14 10:48,85.0
SNS-1003-T,AST-1003,Temperature,92.43,2025-08-15 06:19,85.0
SNS-1003-T,AST-1003,Temperature,94.6,2025-08-16 03:44,85.0
SNS-1003-T,AST-1003,Temperature,77.03,2025-08-17 15:16,85.0
SNS-1003-T,AST-1003,Temperature,97.13,2025-08-18 07:26,85.0
SNS-1003-T,AST-1003,Temperature,99.34,2025-08-19 10:15,85.0
SNS-1003-T,AST-1003,Temperature,97.06,2025-08-20 08:05,85.0
SNS-1003-T,AST-1003,Temperature,96.79,2025-08-21 07:34,85.0
SNS-1003-T,AST-1003,Temperature,93.72,2025-08-22 09:03,85.0
SNS-1003-T,AST-1003,Temperature,96.72,2025-08-23 01:13,85.0
SNS-1003-T,AST-1003,Temperature,95.37,2025-08-24 11:44,85.0
SNS-1003-T,AST-1003,Temperature,94.75,2025-08-25 02:21,85.0
SNS-1003-T,AST-1003,Temperature,97.25,2025-08-26 07:38,85.0
SNS-1003-T,AST-1003,Temperature,97.76,2025-08-27 18:08,85.0
SNS-1003-T,AST-1003,Temperature,94.29,2025-08-28 10:25,85.0
SNS-1003-T,AST-1003,Temperature,92.88,2025-08-29 04:45,85.0
SNS-1003-T,AST-1003,Temperature,92.23,2025-08-30 09:37,85.0
SNS-1003-T,AST-1003,Temperature,96.16,2025-08-31 02:38,85.0
SNS-1003-T,AST-1003,Temperature,98.77,2025-09-01 08:33,85.0
SNS-1003-T,AST-1003,Temperature,91.8,2025-09-02 14:29,85.0
SNS-1003-T,AST-1003,Temperature,95.78,2025-09-03 04:45,85.0
SNS-1003-T,AST-1003,Temperature,95.46,2025-09-04 05:52,85.0
SNS-1003-T,AST-1003,Temperature,97.98,2025-09-05 01:49,85.0
SNS-1003-T,AST-1003,Temperature,96.36,2025-09-06 20:38,85.0
SNS-1003-T,AST-1003,Temperature,99.85,2025-09-07 10:52,85.0
SNS-1003-T,AST-1003,Temperature,97.51,2025-09-08 00:35,85.0
SNS-1003-T,AST-1003,Temperature,98.44,2025-09-09 00:49,85.0
SNS-1003-T,AST-1003,Temperature,98.01,2025-09-10 19:16,85.0
SNS-1003-T,AST-1003,Temperature,99.07,2025-09-11 07:46,85.0
SNS-1003-T,AST-1003,Temperature,95.27,2025-09-12 05:05,85.0
SNS-1003-T,AST-1003,Temperature,97.12,2025-09-13 17:52,85.0
SNS-1003-T,AST-1003,Temperature,98.74,2025-09-14 15:26,85.0
SNS-1003-T,AST-1003,Temperature,98.86,2025-09-15 15:56,85.0
SNS-1003-T,AST-1003,Temperature,100.79,2025-09-16 05:01,85.0
SNS-1003-T,AST-1003,Temperature,95.35,2025-09-17 10:18,85.0
SNS-1003-T,AST-1003,Temperature,98.55,2025-09-18 03:40,85.0
SNS-1003-T,AST-1003,Temperature,99.01,2025-09-19 14:10,85.0
SNS-1003-T,AST-1003,Temperature,98.04,2025-09-20 03:39,85.0
SNS-1003-T,AST-1003,Temperature,98.44,2025-09-21 12:17,85.0
SNS-1003-T,AST-1003,Temperature,97.44,2025-09-22 16:10,85.0
SNS-1003-T,AST-1003,Temperature,96.89,2025-09-23 08:27,85.0
SNS-1003-T,AST-1003,Temperature,101.29,2025-09-24 06:31,85.0
SNS-1003-T,AST-1003,Temperature,100.3,2025-09-25 00:34,85.0
SNS-1003-T,AST-1003,Temperature,96.9,2025-09-26 21:14,85.0
SNS-1003-T,AST-1003,Temperature,102.07,2025-09-27 04:42,85.0
SNS-1003-T,AST-1003,Temperature,97.08,2025-09-28 13:17,85.0
SNS-1003-T,AST-1003,Temperature,101.74,2025-09-29 10:17,85.0
SNS-1003-T,AST-1003,Temperature,96.94,2025-09-30 01:35,85.0
SNS-1003-T,AST-1003,Temperature,99.65,2025-10-01 11:40,85.0
SNS-1003-T,AST-1003,Temperature,99.14,2025-10-02 10:57,85.0
SNS-1003-T,AST-1003,Temperature,98.17,2025-10-03 15:23,85.0
SNS-1003-T,AST-1003,Temperature,102.67,2025-10-04 17:04,85.0
SNS-1003-T,AST-1003,Temperature,99.72,2025-10-05 17:11,85.0
SNS-1003-T,AST-1003,Temperature,98.48,2025-10-06 10:40,85.0
SNS-1003-T,AST-1003,Temperature,100.78,2025-10-07 09:13,85.0
SNS-1003-T,AST-1003,Temperature,99.81,2025-10-08 21:39,85.0
SNS-1003-T,AST-1003,Temperature,100.13,2025-10-09 03:14,85.0
SNS-1003-T,AST-1003,Temperature,97.93,2025-10-10 08:55,85.0
SNS-1003-T,AST-1003,Temperature,99.55,2025-10-11 20:17,85.0
SNS-1003-T,AST-1003,Temperature,96.76,2025-10-12 13:48,85.0
SNS-1003-T,AST-1003,Temperature,101.96,2025-10-13 06:12,85.0
SNS-1003-T,AST-1003,Temperature,100.18,2025-10-14 07:42,85.0
SNS-1003-T,AST-1003,Temperature,99.29,2025-10-15 10:29,85.0
SNS-1003-T,AST-1003,Temperature,99.2,2025-10-16 06:32,85.0
SNS-1003-T,AST-1003,Temperature,102.9,2025-10-17 19:03,85.0
SNS-1003-T,AST-1003,Temperature,103.96,2025-10-18 00:19,85.0
SNS-1003-T,AST-1003,Temperature,100.23,2025-10-19 12:24,85.0
SNS-1003-T,AST-1003,Temperature,102.42,2025-10-20 10:01,85.0
SNS-1003-T,AST-1003,Temperature,102.73,2025-10-21 17:44,85.0
SNS-1003-T,AST-1003,Temperature,101.74,2025-10-22 13:30,85.0
SNS-1003-T,AST-1003,Temperature,98.92,2025-10-23 01:48,85.0
SNS-1003-T,AST-1003,Temperature,99.64,2025-10-24 13:03,85.0
SNS-1003-T,AST-1003,Temperature,102.78,2025-10-25 08:14,85.0
SNS-1003-T,AST-1003,Temperature,102.82,2025-10-26 15:56,85.0
SNS-1003-T,AST-1003,Temperature,99.02,2025-10-27 13:50,85.0
SNS-1003-T,AST-1003,Temperature,100.04,2025-10-28 16:43,85.0
SNS-1003-T,AST-1003,Temperature,103.13,2025-10-29 14:53,85.0
SNS-1003-T,AST-1003,Temperature,102.59,2025-10-30 06:09,85.0
SNS-1003-T,AST-1003,Temperature,101.23,2025-10-31 18:04,85.0
SNS-1003-T,AST-1003,Temperature,100.58,2025-11-01 22:11,85.0
SNS-1003-T,AST-1003,Temperature,103.29,2025-11-02 09:34,85.0
SNS-1003-T,AST-1003,Temperature,103.59,2025-11-03 07:18,85.0
SNS-1003-T,AST-1003,Temperature,99.26,2025-11-04 11:00,85.0
SNS-1003-T,AST-1003,Temperature,104.84,2025-11-05 13:26,85.0
SNS-1003-T,AST-1003,Temperature,100.3,2025-11-06 12:10,85.0
SNS-1003-T,AST-1003,Temperature,103.88,2025-11-07 21:00,85.0
SNS-1003-T,AST-1003,Temperature,106.38,2025-11-08 08:30,85.0
SNS-1003-T,AST-1003,Temperature,101.45,2025-11-09 16:41,85.0
SNS-1003-T,AST-1003,Temperature,101.21,2025-11-10 20:53,85.0
SNS-1003-T,AST-1003,Temperature,107.39,2025-11-11 19:48,85.0
SNS-1003-T,AST-1003,Temperature,104.9,2025-11-12 12:53,85.0
SNS-1003-T,AST-1003,Temperature,102.86,2025-11-13 08:02,85.0
SNS-1003-T,AST-1003,Temperature,101.79,2025-11-14 06:51,85.0
SNS-1003-T,AST-1003,Temperature,102.6,2025-11-15 02:58,85.0
SNS-1003-T,AST-1003,Temperature,100.08,2025-11-16 12:28,85.0
SNS-1003-T,AST-1003,Temperature,101.55,2025-11-17 09:58,85.0
SNS-1003-T,AST-1003,Temperature,106.63,2025-11-18 12:00,85.0
SNS-1003-T,AST-1003,Temperature,104.86,2025-11-19 20:23,85.0
SNS-1003-T,AST-1003,Temperature,102.53,2025-11-20 12:46,85.0
SNS-1003-T,AST-1003,Temperature,104.59,2025-11-21 02:53,85.0
SNS-1003-T,AST-1003,Temperature,103.87,2025-11-22 03:34,85.0
SNS-1003-T,AST-1003,Temperature,105.8,2025-11-23 02:53,85.0
SNS-1003-T,AST-1003,Temperature,102.92,2025-11-24 12:22,85.0
SNS-1003-T,AST-1003,Temperature,105.73,2025-11-25 02:29,85.0
SNS-1003-T,AST-1003,Temperature,103.53,2025-11-26 08:46,85.0
SNS-1003-T,AST-1003,Temperature,123.85,2025-11-27 03:40,85.0
SNS-1003-T,AST-1003,Temperature,104.9,2025-11-28 06:27,85.0
SNS-1003-T,AST-1003,Temperature,109.96,2025-11-29 22:16,85.0
SNS-1003-T,AST-1003,Temperature,105.72,2025-11-30 22:51,85.0
SNS-1003-T,AST-1003,Temperature,105.85,2025-12-01 04:23,85.0
SNS-1003-T,AST-1003,Temperature,105.44,2025-12-02 07:44,85.0
SNS-1003-T,AST-1003,Temperature,104.48,2025-12-03 06:58,85.0
SNS-1003-T,AST-1003,Temperature,105.71,2025-12-04 21:47,85.0
SNS-1003-T,AST-1003,Temperature,105.94,2025-12-05 05:36,85.0
SNS-1003-T,AST-1003,Temperature,102.63,2025-12-06 22:54,85.0
SNS-1003-T,AST-1003,Temperature,106.31,2025-12-07 20:40,85.0
SNS-1003-T,AST-1003,Temperature,101.02,2025-12-08 10:25,85.0
SNS-1003-T,AST-1003,Temperature,110.06,2025-12-09 01:35,85.0
SNS-1003-T,AST-1003,Temperature,106.15,2025-12-10 07:55,85.0
SNS-1003-T,AST-1003,Temperature,106.61,2025-12-11 07:37,85.0
SNS-1003-T,AST-1003,Temperature,105.63,2025-12-12 11:52,85.0
SNS-1003-T,AST-1003,Temperature,106.44,2025-12-13 19:39,85.0
SNS-1003-T,AST-1003,Temperature,105.67,2025-12-14 21:14,85.0
SNS-1003-T,AST-1003,Temperature,107.49,2025-12-15 05:29,85.0
SNS-1003-T,AST-1003,Temperature,104.94,2025-12-16 03:32,85.0
SNS-1003-T,AST-1003,Temperature,107.6,2025-12-17 18:38,85.0
SNS-1003-T,AST-1003,Temperature,107.02,2025-12-18 02:41,85.0
SNS-1003-T,AST-1003,Temperature,106.19,2025-12-19 15:42,85.0
SNS-1003-T,AST-1003,Temperature,105.49,2025-12-20 05:55,85.0
SNS-1003-T,AST-1003,Temperature,104.17,2025-12-21 21:52,85.0
SNS-1003-T,AST-1003,Temperature,107.83,2025-12-22 00:02,85.0
SNS-1003-T,AST-1003,Temperature,107.99,2025-12-23 14:42,85.0
SNS-1003-T,AST-1003,Temperature,103.47,2025-12-24 02:21,85.0
SNS-1003-T,AST-1003,Temperature,108.55,2025-12-25 18:39,85.0
SNS-1003-T,AST-1003,Temperature,107.34,2025-12-26 06:58,85.0
SNS-1003-T,AST-1003,Temperature,105.29,2025-12-27 22:58,85.0
SNS-1003-T,AST-1003,Temperature,105.18,2025-12-28 14:30,85.0
SNS-1003-T,AST-1003,Temperature,106.08,2025-12-29 19:08,85.0
SNS-1003-T,AST-1003,Temperature,107.11,2025-12-30 11:54,85.0
SNS-1003-T,AST-1003,Temperature,108.89,2025-12-31 14:29,85.0
SNS-1003-T,AST-1003,Temperature,104.5,2026-01-01 15:14,85.0
SNS-1003-T,AST-1003,Temperature,105.86,2026-01-02 02:53,85.0
SNS-1003-T,AST-1003,Temperature,107.44,2026-01-03 05:54,85.0
SNS-1003-T,AST-1003,Temperature,105.64,2026-01-04 20:04,85.0
SNS-1003-T,AST-1003,Temperature,107.01,2026-01-05 12:39,85.0
SNS-1003-T,AST-1003,Temperature,110.22,2026-01-06 17:01,85.0
SNS-1003-T,AST-1003,Temperature,106.22,2026-01-07 03:48,85.0
SNS-1003-T,AST-1003,Temperature,105.41,2026-01-08 17:28,85.0
SNS-1003-T,AST-1003,Temperature,102.53,2026-01-09 01:11,85.0
SNS-1003-T,AST-1003,Temperature,107.61,2026-01-10 00:09,85.0
SNS-1003-T,AST-1003,Temperature,106.45,2026-01-11 09:48,85.0
SNS-1003-T,AST-1003,Temperature,108.14,2026-01-12 02:55,85.0
SNS-1003-T,AST-1003,Temperature,103.34,2026-01-13 16:30,85.0
SNS-1003-T,AST-1003,Temperature,107.32,2026-01-14 09:34,85.0
SNS-1003-T,AST-1003,Temperature,105.35,2026-01-15 15:18,85.0
SNS-1003-T,AST-1003,Temperature,105.33,2026-01-16 06:11,85.0
SNS-1003-T,AST-1003,Temperature,107.22,2026-01-17 04:45,85.0
SNS-1003-T,AST-1003,Temperature,107.74,2026-01-18 22:58,85.0
SNS-1003-T,AST-1003,Temperature,104.1,2026-01-19 17:22,85.0
SNS-1003-T,AST-1003,Temperature,106.14,2026-01-20 12:27,85.0
SNS-1003-T,AST-1003,Temperature,105.2,2026-01-21 12:56,85.0
SNS-1003-T,AST-1003,Temperature,108.37,2026-01-22 10:27,85.0
SNS-1003-T,AST-1003,Temperature,106.33,2026-01-23 08:35,85.0
SNS-1003-T,AST-1003,Temperature,109.64,2026-01-24 07:36,85.0
SNS-1003-T,AST-1003,Temperature,108.07,2026-01-25 05:02,85.0
SNS-1003-T,AST-1003,Temperature,105.75,2026-01-26 05:38,85.0
SNS-1003-T,AST-1003,Temperature,105.63,2026-01-27 10:53,85.0
SNS-1003-T,AST-1003,Temperature,104.45,2026-01-28 07:04,85.0
SNS-1003-T,AST-1003,Temperature,107.72,2026-01-29 20:27,85.0
SNS-1003-T,AST-1003,Temperature,108.16,2026-01-30 04:27,85.0
SNS-1003-T,AST-1003,Temperature,108.05,2026-01-31 00:46,85.0
SNS-1003-T,AST-1003,Temperature,105.54,2026-02-01 15:03,85.0
SNS-1003-T,AST-1003,Temperature,104.17,2026-02-02 13:03,85.0
SNS-1003-T,AST-1003,Temperature,106.29,2026-02-03 03:31,85.0
SNS-1003-T,AST-1003,Temperature,103.74,2026-02-04 00:37,85.0
SNS-1003-T,AST-1003,Temperature,104.92,2026-02-05 06:36,85.0
SNS-1003-T,AST-1003,Temperature,103.11,2026-02-06 05:30,85.0
SNS-1003-T,AST-1003,Temperature,106.33,2026-02-07 07:46,85.0
SNS-1003-T,AST-1003,Temperature,106.18,2026-02-08 16:55,85.0
SNS-1003-T,AST-1003,Temperature,105.16,2026-02-09 16:10,85.0
SNS-1003-T,AST-1003,Temperature,104.61,2026-02-10 14:09,85.0
SNS-1003-T,AST-1003,Temperature,108.91,2026-02-11 09:45,85.0
SNS-1003-T,AST-1003,Temperature,107.81,2026-02-12 06:41,85.0
SNS-1003-T,AST-1003,Temperature,105.44,2026-02-13 05:31,85.0
SNS-1003-T,AST-1003,Temperature,105.93,2026-02-14 16:58,85.0
SNS-1003-T,AST-1003,Temperature,105.25,2026-02-15 14:19,85.0
SNS-1003-T,AST-1003,Temperature,104.31,2026-02-16 04:51,85.0
SNS-1003-T,AST-1003,Temperature,106.06,2026-02-17 02:10,85.0
SNS-1003-T,AST-1003,Temperature,105.02,2026-02-18 16:02,85.0
SNS-1003-T,AST-1003,Temperature,103.3,2026-02-19 03:49,85.0
SNS-1003-T,AST-1003,Temperature,107.99,2026-02-20 06:18,85.0
SNS-1003-T,AST-1003,Temperature,104.69,2026-02-21 06:55,85.0
SNS-1003-T,AST-1003,Temperature,102.09,2026-02-22 08:27,85.0
SNS-1003-T,AST-1003,Temperature,107.2,2026-02-23 20:44,85.0
SNS-1003-T,AST-1003,Temperature,105.02,2026-02-24 01:01,85.0
SNS-1003-T,AST-1003,Temperature,106.51,2026-02-25 04:05,85.0
SNS-1003-T,AST-1003,Temperature,104.93,2026-02-26 16:10,85.0
SNS-1003-T,AST-1003,Temperature,104.19,2026-02-27 16:47,85.0
SNS-1003-T,AST-1003,Temperature,103.52,2026-02-28 02:40,85.0
SNS-1003-T,AST-1003,Temperature,103.47,2026-03-01 19:40,85.0
SNS-1003-T,AST-1003,Temperature,105.67,2026-03-02 21:26,85.0
SNS-1003-T,AST-1003,Temperature,102.51,2026-03-03 17:47,85.0
SNS-1003-T,AST-1003,Temperature,108.06,2026-03-04 04:40,85.0
SNS-1003-T,AST-1003,Temperature,106.37,2026-03-05 00:20,85.0
SNS-1003-T,AST-1003,Temperature,103.36,2026-03-06 21:55,85.0
SNS-1003-T,AST-1003,Temperature,103.08,2026-03-07 18:00,85.0
SNS-1003-T,AST-1003,Temperature,103.03,2026-03-08 12:14,85.0
SNS-1003-T,AST-1003,Temperature,103.43,2026-03-09 11:57,85.0
SNS-1003-T,AST-1003,Temperature,102.44,2026-03-10 08:54,85.0
SNS-1003-T,AST-1003,Temperature,103.33,2026-03-11 02:42,85.0
SNS-1003-T,AST-1003,Temperature,105.74,2026-03-12 12:29,85.0
SNS-1003-T,AST-1003,Temperature,104.78,2026-03-13 14:01,85.0
SNS-1003-T,AST-1003,Temperature,101.49,2026-03-14 13:12,85.0
SNS-1003-T,AST-1003,Temperature,102.4,2026-03-15 13:49,85.0
SNS-1003-T,AST-1003,Temperature,101.96,2026-03-16 20:43,85.0
SNS-1003-T,AST-1003,Temperature,102.06,2026-03-17 22:18,85.0
SNS-1003-T,AST-1003,Temperature,103.25,2026-03-18 04:47,85.0
SNS-1003-T,AST-1003,Temperature,101.83,2026-03-19 09:24,85.0
SNS-1003-T,AST-1003,Temperature,101.22,2026-03-20 18:48,85.0
SNS-1003-T,AST-1003,Temperature,103.42,2026-03-21 02:07,85.0
SNS-1003-T,AST-1003,Temperature,103.76,2026-03-22 18:32,85.0
SNS-1003-T,AST-1003,Temperature,106.66,2026-03-23 05:09,85.0
SNS-1003-T,AST-1003,Temperature,106.59,2026-03-24 07:07,85.0
SNS-1003-T,AST-1003,Temperature,101.45,2026-03-25 16:31,85.0
SNS-1003-T,AST-1003,Temperature,100.79,2026-03-26 20:30,85.0
SNS-1003-T,AST-1003,Temperature,103.17,2026-03-27 05:39,85.0
SNS-1003-T,AST-1003,Temperature,105.22,2026-03-28 15:40,85.0
SNS-1003-T,AST-1003,Temperature,100.81,2026-03-29 12:34,85.0
SNS-1003-T,AST-1003,Temperature,103.85,2026-03-30 14:48,85.0
SNS-1003-T,AST-1003,Temperature,100.86,2026-03-31 21:12,85.0
SNS-1003-T,AST-1003,Temperature,104.07,2026-04-01 03:43,85.0
SNS-1003-T,AST-1003,Temperature,102.27,2026-04-02 12:19,85.0
SNS-1003-T,AST-1003,Temperature,103.31,2026-04-03 06:26,85.0
SNS-1003-T,AST-1003,Temperature,104.77,2026-04-04 15:17,85.0
SNS-1003-T,AST-1003,Temperature,99.63,2026-04-05 19:04,85.0
SNS-1003-T,AST-1003,Temperature,103.84,2026-04-06 04:43,85.0
SNS-1003-T,AST-1003,Temperature,102.06,2026-04-07 21:09,85.0
SNS-1003-T,AST-1003,Temperature,103.1,2026-04-08 12:22,85.0
SNS-1003-T,AST-1003,Temperature,104.04,2026-04-09 00:30,85.0
SNS-1003-T,AST-1003,Temperature,105.13,2026-04-10 19:49,85.0
SNS-1003-T,AST-1003,Temperature,102.11,2026-04-11 03:37,85.0
SNS-1003-T,AST-1003,Temperature,104.28,2026-04-12 02:31,85.0
SNS-1003-T,AST-1003,Temperature,107.35,2026-04-13 22:50,85.0
SNS-1003-T,AST-1003,Temperature,104.28,2026-04-14 20:19,85.0
SNS-1003-T,AST-1003,Temperature,104.12,2026-04-15 16:01,85.0
SNS-1003-T,AST-1003,Temperature,106.82,2026-04-16 11:35,85.0
SNS-1003-T,AST-1003,Temperature,104.4,2026-04-17 17:17,85.0
SNS-1003-T,AST-1003,Temperature,104.59,2026-04-18 21:51,85.0
SNS-1003-T,AST-1003,Temperature,101.22,2026-04-19 08:19,85.0
SNS-1003-T,AST-1003,Temperature,104.77,2026-04-20 07:11,85.0
SNS-1003-T,AST-1003,Temperature,100.77,2026-04-21 01:41,85.0
SNS-1003-T,AST-1003,Temperature,102.82,2026-04-22 20:05,85.0
SNS-1003-T,AST-1003,Temperature,111.4,2026-04-23 08:51,85.0
SNS-1003-T,AST-1003,Temperature,103.31,2026-04-24 15:01,85.0
SNS-1003-T,AST-1003,Temperature,105.01,2026-04-25 14:39,85.0
SNS-1003-T,AST-1003,Temperature,106.19,2026-04-26 17:33,85.0
SNS-1003-T,AST-1003,Temperature,106.46,2026-04-27 20:01,85.0
SNS-1003-T,AST-1003,Temperature,107.36,2026-04-28 00:03,85.0
SNS-1003-T,AST-1003,Temperature,103.08,2026-04-29 22:32,85.0
SNS-1003-T,AST-1003,Temperature,100.74,2026-04-30 00:16,85.0
SNS-1003-T,AST-1003,Temperature,104.98,2026-05-01 04:05,85.0
SNS-1003-T,AST-1003,Temperature,106.04,2026-05-02 14:03,85.0
SNS-1003-T,AST-1003,Temperature,105.62,2026-05-03 02:39,85.0
SNS-1003-T,AST-1003,Temperature,106.52,2026-05-04 16:40,85.0
SNS-1003-T,AST-1003,Temperature,106.95,2026-05-05 21:10,85.0
SNS-1003-T,AST-1003,Temperature,104.69,2026-05-06 19:00,85.0
SNS-1003-T,AST-1003,Temperature,106.57,2026-05-07 06:52,85.0
SNS-1003-T,AST-1003,Temperature,107.6,2026-05-08 01:48,85.0
SNS-1003-T,AST-1003,Temperature,108.02,2026-05-09 08:35,85.0
SNS-1003-T,AST-1003,Temperature,102.79,2026-05-10 02:50,85.0
SNS-1003-T,AST-1003,Temperature,105.56,2026-05-11 22:11,85.0
SNS-1003-T,AST-1003,Temperature,106.2,2026-05-12 13:50,85.0
SNS-1003-T,AST-1003,Temperature,104.05,2026-05-13 18:23,85.0
SNS-1003-T,AST-1003,Temperature,105.35,2026-05-14 02:51,85.0
SNS-1003-T,AST-1003,Temperature,105.42,2026-05-15 00:27,85.0
SNS-1003-T,AST-1003,Temperature,107.41,2026-05-16 19:07,85.0
SNS-1003-T,AST-1003,Temperature,107.98,2026-05-17 19:41,85.0
SNS-1003-T,AST-1003,Temperature,106.83,2026-05-18 12:20,85.0
SNS-1003-T,AST-1003,Temperature,109.22,2026-05-19 05:25,85.0
SNS-1003-T,AST-1003,Temperature,105.42,2026-05-20 19:22,85.0
SNS-1003-T,AST-1003,Temperature,106.07,2026-05-21 04:25,85.0
SNS-1003-T,AST-1003,Temperature,109.82,2026-05-22 10:50,85.0
SNS-1003-T,AST-1003,Temperature,110.21,2026-05-23 00:38,85.0
SNS-1003-T,AST-1003,Temperature,105.91,2026-05-24 13:05,85.0
SNS-1003-T,AST-1003,Temperature,112.0,2026-05-25 14:10,85.0
SNS-1003-T,AST-1003,Temperature,105.28,2026-05-26 14:38,85.0
SNS-1003-T,AST-1003,Temperature,107.91,2026-05-27 04:35,85.0
SNS-1003-T,AST-1003,Temperature,107.96,2026-05-28 15:52,85.0
SNS-1003-T,AST-1003,Temperature,106.64,2026-05-29 22:57,85.0
SNS-1003-T,AST-1003,Temperature,108.74,2026-05-30 01:49,85.0
SNS-1003-T,AST-1003,Temperature,109.36,2026-05-31 18:18,85.0
SNS-1003-T,AST-1003,Temperature,111.38,2026-06-01 02:50,85.0
SNS-1003-T,AST-1003,Temperature,106.7,2026-06-02 07:20,85.0
SNS-1003-T,AST-1003,Temperature,106.63,2026-06-03 19:33,85.0
SNS-1003-T,AST-1003,Temperature,108.49,2026-06-04 04:48,85.0
SNS-1003-T,AST-1003,Temperature,108.87,2026-06-05 19:43,85.0
SNS-1003-T,AST-1003,Temperature,111.07,2026-06-06 02:15,85.0
SNS-1003-T,AST-1003,Temperature,106.15,2026-06-07 05:58,85.0
SNS-1003-T,AST-1003,Temperature,110.2,2026-06-08 00:55,85.0
SNS-1003-T,AST-1003,Temperature,108.44,2026-06-09 14:12,85.0
SNS-1003-T,AST-1003,Temperature,109.87,2026-06-10 02:28,85.0
SNS-1003-T,AST-1003,Temperature,108.26,2026-06-11 03:45,85.0
SNS-1003-T,AST-1003,Temperature,110.67,2026-06-12 19:55,85.0
SNS-1003-T,AST-1003,Temperature,107.71,2026-06-13 10:35,85.0
SNS-1003-T,AST-1003,Temperature,111.3,2026-06-14 12:20,85.0
SNS-1003-T,AST-1003,Temperature,113.17,2026-06-15 16:48,85.0
SNS-1003-T,AST-1003,Temperature,109.9,2026-06-16 00:10,85.0
SNS-1003-T,AST-1003,Temperature,108.03,2026-06-17 14:17,85.0
SNS-1003-T,AST-1003,Temperature,109.14,2026-06-18 17:16,85.0
SNS-1003-T,AST-1003,Temperature,108.25,2026-06-19 11:52,85.0
SNS-1003-T,AST-1003,Temperature,109.85,2026-06-20 19:03,85.0
SNS-1003-T,AST-1003,Temperature,113.48,2026-06-21 20:18,85.0
SNS-1003-T,AST-1003,Temperature,109.87,2026-06-22 19:45,85.0
SNS-1003-T,AST-1003,Temperature,113.44,2026-06-23 17:12,85.0
SNS-1003-T,AST-1003,Temperature,110.73,2026-06-24 11:26,85.0
SNS-1003-T,AST-1003,Temperature,117.08,2026-06-25 04:45,85.0
SNS-1003-T,AST-1003,Temperature,114.23,2026-06-26 11:38,85.0
SNS-1003-T,AST-1003,Temperature,112.35,2026-06-27 19:58,85.0
SNS-1003-T,AST-1003,Temperature,113.01,2026-06-28 22:32,85.0
SNS-1003-T,AST-1003,Temperature,108.1,2026-06-29 05:06,85.0
SNS-1003-T,AST-1003,Temperature,111.28,2026-06-30 06:23,85.0
SNS-1003-T,AST-1003,Temperature,108.8,2026-07-01 06:26,85.0
SNS-1003-T,AST-1003,Temperature,113.42,2026-07-02 05:02,85.0
SNS-1003-T,AST-1003,Temperature,115.82,2026-07-03 08:00,85.0
SNS-1003-T,AST-1003,Temperature,113.54,2026-07-04 17:03,85.0
SNS-1003-T,AST-1003,Temperature,113.8,2026-07-05 12:20,85.0
SNS-1003-T,AST-1003,Temperature,112.8,2026-07-06 22:58,85.0
SNS-1003-T,AST-1003,Temperature,112.23,2026-07-07 08:58,85.0
SNS-1003-T,AST-1003,Temperature,116.11,2026-07-08 10:00,85.0
SNS-1003-T,AST-1003,Temperature,114.17,2026-07-09 04:01,85.0
SNS-1003-T,AST-1003,Temperature,113.62,2026-07-10 21:58,85.0
SNS-1003-T,AST-1003,Temperature,117.89,2026-07-11 16:24,85.0
SNS-1003-T,AST-1003,Temperature,116.52,2026-07-12 02:15,85.0
SNS-1003-T,AST-1003,Temperature,112.98,2026-07-13 16:24,85.0
SNS-1003-T,AST-1003,Temperature,114.18,2026-07-14 09:27,85.0
SNS-1003-T,AST-1003,Temperature,112.54,2026-07-15 00:13,85.0
SNS-1003-T,AST-1003,Temperature,113.45,2026-07-16 00:35,85.0
SNS-1003-T,AST-1003,Temperature,112.69,2026-07-17 22:55,85.0
SNS-1003-T,AST-1003,Temperature,142.04,2026-07-18 18:18,85.0
SNS-1003-T,AST-1003,Temperature,111.56,2026-07-19 05:24,85.0
SNS-1003-T,AST-1003,Temperature,114.48,2026-07-20 20:03,85.0
SNS-1003-T,AST-1003,Temperature,116.15,2026-07-21 01:39,85.0
SNS-1003-T,AST-1003,Temperature,111.53,2026-07-22 19:13,85.0
SNS-1003-T,AST-1003,Temperature,116.29,2026-07-23 18:46,85.0
SNS-1003-T,AST-1003,Temperature,114.09,2026-07-24 06:15,85.0
SNS-1003-T,AST-1003,Temperature,115.33,2026-07-25 06:51,85.0
SNS-1003-V,AST-1003,Vibration,3.3,2024-07-25 20:22,3.0
SNS-1003-V,AST-1003,Vibration,2.46,2024-07-26 00:13,3.0
SNS-1003-V,AST-1003,Vibration,3.35,2024-07-27 20:07,3.0
SNS-1003-V,AST-1003,Vibration,2.92,2024-07-28 08:24,3.0
SNS-1003-V,AST-1003,Vibration,3.27,2024-07-29 16:44,3.0
SNS-1003-V,AST-1003,Vibration,2.82,2024-07-30 14:56,3.0
SNS-1003-V,AST-1003,Vibration,3.43,2024-07-31 22:43,3.0
SNS-1003-V,AST-1003,Vibration,4.38,2024-08-01 07:56,3.0
SNS-1003-V,AST-1003,Vibration,2.91,2024-08-02 04:30,3.0
SNS-1003-V,AST-1003,Vibration,3.04,2024-08-03 08:44,3.0
SNS-1003-V,AST-1003,Vibration,2.83,2024-08-04 20:56,3.0
SNS-1003-V,AST-1003,Vibration,1.78,2024-08-05 10:56,3.0
SNS-1003-V,AST-1003,Vibration,3.25,2024-08-06 04:14,3.0
SNS-1003-V,AST-1003,Vibration,3.35,2024-08-07 05:25,3.0
SNS-1003-V,AST-1003,Vibration,3.09,2024-08-08 01:30,3.0
SNS-1003-V,AST-1003,Vibration,3.53,2024-08-09 21:05,3.0
SNS-1003-V,AST-1003,Vibration,3.13,2024-08-10 18:45,3.0
SNS-1003-V,AST-1003,Vibration,2.89,2024-08-11 10:54,3.0
SNS-1003-V,AST-1003,Vibration,2.64,2024-08-12 05:29,3.0
SNS-1003-V,AST-1003,Vibration,2.49,2024-08-13 05:16,3.0
SNS-1003-V,AST-1003,Vibration,3.7,2024-08-14 08:04,3.0
SNS-1003-V,AST-1003,Vibration,2.94,2024-08-15 08:03,3.0
SNS-1003-V,AST-1003,Vibration,2.7,2024-08-16 15:35,3.0
SNS-1003-V,AST-1003,Vibration,3.47,2024-08-17 03:09,3.0
SNS-1003-V,AST-1003,Vibration,2.64,2024-08-18 15:56,3.0
SNS-1003-V,AST-1003,Vibration,3.69,2024-08-19 20:37,3.0
SNS-1003-V,AST-1003,Vibration,2.92,2024-08-20 03:02,3.0
SNS-1003-V,AST-1003,Vibration,2.83,2024-08-21 04:05,3.0
SNS-1003-V,AST-1003,Vibration,3.25,2024-08-22 09:15,3.0
SNS-1003-V,AST-1003,Vibration,3.58,2024-08-23 11:33,3.0
SNS-1003-V,AST-1003,Vibration,3.03,2024-08-24 11:44,3.0
SNS-1003-V,AST-1003,Vibration,2.35,2024-08-25 21:52,3.0
SNS-1003-V,AST-1003,Vibration,3.09,2024-08-26 06:14,3.0
SNS-1003-V,AST-1003,Vibration,2.97,2024-08-27 10:27,3.0
SNS-1003-V,AST-1003,Vibration,3.28,2024-08-28 20:05,3.0
SNS-1003-V,AST-1003,Vibration,3.35,2024-08-29 10:29,3.0
SNS-1003-V,AST-1003,Vibration,3.32,2024-08-30 10:29,3.0
SNS-1003-V,AST-1003,Vibration,3.08,2024-08-31 15:40,3.0
SNS-1003-V,AST-1003,Vibration,3.12,2024-09-01 18:29,3.0
SNS-1003-V,AST-1003,Vibration,3.36,2024-09-02 17:33,3.0
SNS-1003-V,AST-1003,Vibration,3.15,2024-09-03 09:16,3.0
SNS-1003-V,AST-1003,Vibration,2.28,2024-09-04 19:28,3.0
SNS-1003-V,AST-1003,Vibration,3.46,2024-09-05 10:32,3.0
SNS-1003-V,AST-1003,Vibration,3.41,2024-09-06 01:33,3.0
SNS-1003-V,AST-1003,Vibration,2.99,2024-09-07 22:07,3.0
SNS-1003-V,AST-1003,Vibration,3.42,2024-09-08 15:28,3.0
SNS-1003-V,AST-1003,Vibration,3.4,2024-09-09 17:15,3.0
SNS-1003-V,AST-1003,Vibration,2.73,2024-09-10 10:26,3.0
SNS-1003-V,AST-1003,Vibration,2.94,2024-09-11 03:52,3.0
SNS-1003-V,AST-1003,Vibration,2.28,2024-09-12 03:54,3.0
SNS-1003-V,AST-1003,Vibration,2.93,2024-09-13 16:04,3.0
SNS-1003-V,AST-1003,Vibration,3.42,2024-09-14 13:55,3.0
SNS-1003-V,AST-1003,Vibration,3.26,2024-09-15 01:22,3.0
SNS-1003-V,AST-1003,Vibration,3.35,2024-09-16 09:06,3.0
SNS-1003-V,AST-1003,Vibration,3.22,2024-09-17 03:19,3.0
SNS-1003-V,AST-1003,Vibration,3.02,2024-09-18 21:58,3.0
SNS-1003-V,AST-1003,Vibration,3.32,2024-09-19 21:15,3.0
SNS-1003-V,AST-1003,Vibration,3.57,2024-09-20 19:47,3.0
SNS-1003-V,AST-1003,Vibration,3.09,2024-09-21 12:22,3.0
SNS-1003-V,AST-1003,Vibration,2.7,2024-09-22 19:52,3.0
SNS-1003-V,AST-1003,Vibration,3.12,2024-09-23 11:42,3.0
SNS-1003-V,AST-1003,Vibration,3.25,2024-09-24 10:54,3.0
SNS-1003-V,AST-1003,Vibration,3.2,2024-09-25 11:07,3.0
SNS-1003-V,AST-1003,Vibration,3.32,2024-09-26 10:12,3.0
SNS-1003-V,AST-1003,Vibration,3.69,2024-09-27 12:09,3.0
SNS-1003-V,AST-1003,Vibration,3.08,2024-09-28 06:07,3.0
SNS-1003-V,AST-1003,Vibration,2.66,2024-09-29 03:20,3.0
SNS-1003-V,AST-1003,Vibration,3.49,2024-09-30 02:00,3.0
SNS-1003-V,AST-1003,Vibration,3.02,2024-10-01 16:24,3.0
SNS-1003-V,AST-1003,Vibration,3.06,2024-10-02 16:04,3.0
SNS-1003-V,AST-1003,Vibration,2.82,2024-10-03 06:36,3.0
SNS-1003-V,AST-1003,Vibration,3.47,2024-10-04 12:15,3.0
SNS-1003-V,AST-1003,Vibration,3.29,2024-10-05 01:16,3.0
SNS-1003-V,AST-1003,Vibration,2.74,2024-10-06 08:18,3.0
SNS-1003-V,AST-1003,Vibration,3.36,2024-10-07 10:53,3.0
SNS-1003-V,AST-1003,Vibration,3.52,2024-10-08 00:11,3.0
SNS-1003-V,AST-1003,Vibration,4.25,2024-10-09 16:28,3.0
SNS-1003-V,AST-1003,Vibration,3.62,2024-10-10 07:49,3.0
SNS-1003-V,AST-1003,Vibration,2.93,2024-10-11 20:14,3.0
SNS-1003-V,AST-1003,Vibration,3.07,2024-10-12 01:22,3.0
SNS-1003-V,AST-1003,Vibration,3.75,2024-10-13 05:12,3.0
SNS-1003-V,AST-1003,Vibration,2.58,2024-10-14 19:36,3.0
SNS-1003-V,AST-1003,Vibration,2.5,2024-10-15 11:44,3.0
SNS-1003-V,AST-1003,Vibration,3.14,2024-10-16 21:28,3.0
SNS-1003-V,AST-1003,Vibration,2.93,2024-10-17 06:45,3.0
SNS-1003-V,AST-1003,Vibration,2.9,2024-10-18 21:03,3.0
SNS-1003-V,AST-1003,Vibration,2.45,2024-10-19 16:34,3.0
SNS-1003-V,AST-1003,Vibration,2.85,2024-10-20 10:48,3.0
SNS-1003-V,AST-1003,Vibration,2.78,2024-10-21 20:24,3.0
SNS-1003-V,AST-1003,Vibration,3.2,2024-10-22 01:42,3.0
SNS-1003-V,AST-1003,Vibration,2.55,2024-10-23 03:09,3.0
SNS-1003-V,AST-1003,Vibration,3.42,2024-10-24 18:31,3.0
SNS-1003-V,AST-1003,Vibration,2.94,2024-10-25 12:19,3.0
SNS-1003-V,AST-1003,Vibration,3.28,2024-10-26 14:36,3.0
SNS-1003-V,AST-1003,Vibration,3.37,2024-10-27 09:18,3.0
SNS-1003-V,AST-1003,Vibration,3.19,2024-10-28 06:26,3.0
SNS-1003-V,AST-1003,Vibration,2.82,2024-10-29 22:57,3.0
SNS-1003-V,AST-1003,Vibration,3.21,2024-10-30 05:44,3.0
SNS-1003-V,AST-1003,Vibration,2.8,2024-10-31 15:19,3.0
SNS-1003-V,AST-1003,Vibration,2.82,2024-11-01 07:14,3.0
SNS-1003-V,AST-1003,Vibration,3.72,2024-11-02 22:47,3.0
SNS-1003-V,AST-1003,Vibration,3.03,2024-11-03 19:33,3.0
SNS-1003-V,AST-1003,Vibration,3.85,2024-11-04 11:44,3.0
SNS-1003-V,AST-1003,Vibration,3.05,2024-11-05 05:53,3.0
SNS-1003-V,AST-1003,Vibration,3.56,2024-11-06 16:19,3.0
SNS-1003-V,AST-1003,Vibration,3.55,2024-11-07 22:20,3.0
SNS-1003-V,AST-1003,Vibration,3.7,2024-11-08 08:05,3.0
SNS-1003-V,AST-1003,Vibration,2.62,2024-11-09 09:27,3.0
SNS-1003-V,AST-1003,Vibration,3.41,2024-11-10 17:13,3.0
SNS-1003-V,AST-1003,Vibration,3.19,2024-11-11 09:25,3.0
SNS-1003-V,AST-1003,Vibration,3.3,2024-11-12 07:19,3.0
SNS-1003-V,AST-1003,Vibration,3.08,2024-11-13 14:04,3.0
SNS-1003-V,AST-1003,Vibration,3.01,2024-11-14 08:43,3.0
SNS-1003-V,AST-1003,Vibration,2.83,2024-11-15 11:15,3.0
SNS-1003-V,AST-1003,Vibration,2.42,2024-11-16 10:39,3.0
SNS-1003-V,AST-1003,Vibration,3.1,2024-11-17 06:34,3.0
SNS-1003-V,AST-1003,Vibration,2.96,2024-11-18 17:03,3.0
SNS-1003-V,AST-1003,Vibration,3.25,2024-11-19 02:53,3.0
SNS-1003-V,AST-1003,Vibration,3.03,2024-11-20 14:04,3.0
SNS-1003-V,AST-1003,Vibration,2.78,2024-11-21 12:27,3.0
SNS-1003-V,AST-1003,Vibration,2.27,2024-11-22 04:09,3.0
SNS-1003-V,AST-1003,Vibration,2.97,2024-11-23 11:18,3.0
SNS-1003-V,AST-1003,Vibration,3.21,2024-11-24 06:17,3.0
SNS-1003-V,AST-1003,Vibration,2.91,2024-11-25 15:43,3.0
SNS-1003-V,AST-1003,Vibration,2.96,2024-11-26 04:02,3.0
SNS-1003-V,AST-1003,Vibration,3.04,2024-11-27 13:43,3.0
SNS-1003-V,AST-1003,Vibration,3.43,2024-11-28 18:12,3.0
SNS-1003-V,AST-1003,Vibration,3.59,2024-11-29 05:03,3.0
SNS-1003-V,AST-1003,Vibration,3.11,2024-11-30 03:12,3.0
SNS-1003-V,AST-1003,Vibration,3.46,2024-12-01 09:07,3.0
SNS-1003-V,AST-1003,Vibration,2.88,2024-12-02 16:39,3.0
SNS-1003-V,AST-1003,Vibration,3.13,2024-12-03 13:26,3.0
SNS-1003-V,AST-1003,Vibration,3.78,2024-12-04 19:16,3.0
SNS-1003-V,AST-1003,Vibration,3.05,2024-12-05 09:58,3.0
SNS-1003-V,AST-1003,Vibration,2.73,2024-12-06 15:39,3.0
SNS-1003-V,AST-1003,Vibration,2.98,2024-12-07 08:19,3.0
SNS-1003-V,AST-1003,Vibration,3.95,2024-12-08 15:34,3.0
SNS-1003-V,AST-1003,Vibration,3.79,2024-12-09 14:18,3.0
SNS-1003-V,AST-1003,Vibration,2.35,2024-12-10 02:33,3.0
SNS-1003-V,AST-1003,Vibration,3.4,2024-12-11 17:13,3.0
SNS-1003-V,AST-1003,Vibration,2.51,2024-12-12 19:21,3.0
SNS-1003-V,AST-1003,Vibration,3.71,2024-12-13 01:08,3.0
SNS-1003-V,AST-1003,Vibration,2.75,2024-12-14 03:16,3.0
SNS-1003-V,AST-1003,Vibration,2.59,2024-12-15 13:13,3.0
SNS-1003-V,AST-1003,Vibration,3.52,2024-12-16 15:57,3.0
SNS-1003-V,AST-1003,Vibration,3.07,2024-12-17 18:34,3.0
SNS-1003-V,AST-1003,Vibration,3.57,2024-12-18 10:07,3.0
SNS-1003-V,AST-1003,Vibration,3.48,2024-12-19 14:47,3.0
SNS-1003-V,AST-1003,Vibration,3.55,2024-12-20 07:54,3.0
SNS-1003-V,AST-1003,Vibration,3.38,2024-12-21 16:52,3.0
SNS-1003-V,AST-1003,Vibration,3.57,2024-12-22 16:23,3.0
SNS-1003-V,AST-1003,Vibration,3.21,2024-12-23 05:46,3.0
SNS-1003-V,AST-1003,Vibration,2.9,2024-12-24 05:55,3.0
SNS-1003-V,AST-1003,Vibration,2.82,2024-12-25 07:11,3.0
SNS-1003-V,AST-1003,Vibration,3.67,2024-12-26 08:17,3.0
SNS-1003-V,AST-1003,Vibration,2.76,2024-12-27 04:42,3.0
SNS-1003-V,AST-1003,Vibration,3.38,2024-12-28 18:04,3.0
SNS-1003-V,AST-1003,Vibration,2.88,2024-12-29 02:33,3.0
SNS-1003-V,AST-1003,Vibration,2.91,2024-12-30 19:24,3.0
SNS-1003-V,AST-1003,Vibration,3.17,2024-12-31 13:58,3.0
SNS-1003-V,AST-1003,Vibration,3.08,2025-01-01 09:37,3.0
SNS-1003-V,AST-1003,Vibration,3.79,2025-01-02 07:48,3.0
SNS-1003-V,AST-1003,Vibration,3.01,2025-01-03 06:47,3.0
SNS-1003-V,AST-1003,Vibration,2.67,2025-01-04 09:31,3.0
SNS-1003-V,AST-1003,Vibration,3.0,2025-01-05 22:51,3.0
SNS-1003-V,AST-1003,Vibration,4.13,2025-01-06 10:55,3.0
SNS-1003-V,AST-1003,Vibration,3.65,2025-01-07 00:06,3.0
SNS-1003-V,AST-1003,Vibration,4.03,2025-01-08 18:35,3.0
SNS-1003-V,AST-1003,Vibration,2.96,2025-01-09 08:25,3.0
SNS-1003-V,AST-1003,Vibration,3.15,2025-01-10 17:19,3.0
SNS-1003-V,AST-1003,Vibration,3.27,2025-01-11 06:24,3.0
SNS-1003-V,AST-1003,Vibration,2.79,2025-01-12 15:45,3.0
SNS-1003-V,AST-1003,Vibration,3.2,2025-01-13 04:25,3.0
SNS-1003-V,AST-1003,Vibration,3.39,2025-01-14 22:13,3.0
SNS-1003-V,AST-1003,Vibration,3.51,2025-01-15 10:19,3.0
SNS-1003-V,AST-1003,Vibration,2.7,2025-01-16 00:04,3.0
SNS-1003-V,AST-1003,Vibration,2.46,2025-01-17 12:45,3.0
SNS-1003-V,AST-1003,Vibration,3.33,2025-01-18 20:27,3.0
SNS-1003-V,AST-1003,Vibration,3.8,2025-01-19 14:40,3.0
SNS-1003-V,AST-1003,Vibration,2.93,2025-01-20 19:03,3.0
SNS-1003-V,AST-1003,Vibration,3.04,2025-01-21 04:13,3.0
SNS-1003-V,AST-1003,Vibration,3.27,2025-01-22 18:03,3.0
SNS-1003-V,AST-1003,Vibration,2.65,2025-01-23 22:00,3.0
SNS-1003-V,AST-1003,Vibration,2.64,2025-01-24 11:21,3.0
SNS-1003-V,AST-1003,Vibration,3.49,2025-01-25 13:29,3.0
SNS-1003-V,AST-1003,Vibration,2.77,2025-01-26 22:09,3.0
SNS-1003-V,AST-1003,Vibration,2.57,2025-01-27 04:13,3.0
SNS-1003-V,AST-1003,Vibration,3.37,2025-01-28 13:48,3.0
SNS-1003-V,AST-1003,Vibration,2.56,2025-01-29 03:53,3.0
SNS-1003-V,AST-1003,Vibration,3.44,2025-01-30 01:34,3.0
SNS-1003-V,AST-1003,Vibration,3.44,2025-01-31 06:39,3.0
SNS-1003-V,AST-1003,Vibration,3.47,2025-02-01 06:50,3.0
SNS-1003-V,AST-1003,Vibration,2.33,2025-02-02 07:25,3.0
SNS-1003-V,AST-1003,Vibration,3.47,2025-02-03 12:56,3.0
SNS-1003-V,AST-1003,Vibration,3.33,2025-02-04 02:32,3.0
SNS-1003-V,AST-1003,Vibration,3.62,2025-02-05 09:18,3.0
SNS-1003-V,AST-1003,Vibration,2.93,2025-02-06 08:39,3.0
SNS-1003-V,AST-1003,Vibration,3.52,2025-02-07 13:31,3.0
SNS-1003-V,AST-1003,Vibration,2.36,2025-02-08 05:47,3.0
SNS-1003-V,AST-1003,Vibration,3.85,2025-02-09 00:46,3.0
SNS-1003-V,AST-1003,Vibration,3.11,2025-02-10 21:12,3.0
SNS-1003-V,AST-1003,Vibration,2.81,2025-02-11 22:08,3.0
SNS-1003-V,AST-1003,Vibration,3.11,2025-02-12 00:46,3.0
SNS-1003-V,AST-1003,Vibration,3.43,2025-02-13 16:31,3.0
SNS-1003-V,AST-1003,Vibration,2.43,2025-02-14 18:05,3.0
SNS-1003-V,AST-1003,Vibration,3.85,2025-02-15 04:46,3.0
SNS-1003-V,AST-1003,Vibration,3.5,2025-02-16 22:45,3.0
SNS-1003-V,AST-1003,Vibration,2.4,2025-02-17 09:09,3.0
SNS-1003-V,AST-1003,Vibration,2.76,2025-02-18 20:57,3.0
SNS-1003-V,AST-1003,Vibration,4.01,2025-02-19 21:19,3.0
SNS-1003-V,AST-1003,Vibration,3.17,2025-02-20 01:50,3.0
SNS-1003-V,AST-1003,Vibration,3.79,2025-02-21 15:29,3.0
SNS-1003-V,AST-1003,Vibration,2.84,2025-02-22 14:56,3.0
SNS-1003-V,AST-1003,Vibration,3.13,2025-02-23 07:41,3.0
SNS-1003-V,AST-1003,Vibration,2.96,2025-02-24 10:14,3.0
SNS-1003-V,AST-1003,Vibration,3.11,2025-02-25 08:24,3.0
SNS-1003-V,AST-1003,Vibration,3.47,2025-02-26 09:19,3.0
SNS-1003-V,AST-1003,Vibration,2.82,2025-02-27 16:51,3.0
SNS-1003-V,AST-1003,Vibration,3.4,2025-02-28 04:39,3.0
SNS-1003-V,AST-1003,Vibration,2.78,2025-03-01 02:45,3.0
SNS-1003-V,AST-1003,Vibration,4.0,2025-03-02 19:33,3.0
SNS-1003-V,AST-1003,Vibration,3.4,2025-03-03 12:03,3.0
SNS-1003-V,AST-1003,Vibration,3.22,2025-03-04 03:11,3.0
SNS-1003-V,AST-1003,Vibration,3.22,2025-03-05 10:35,3.0
SNS-1003-V,AST-1003,Vibration,3.42,2025-03-06 10:33,3.0
SNS-1003-V,AST-1003,Vibration,3.0,2025-03-07 22:05,3.0
SNS-1003-V,AST-1003,Vibration,2.44,2025-03-08 12:04,3.0
SNS-1003-V,AST-1003,Vibration,2.61,2025-03-09 04:48,3.0
SNS-1003-V,AST-1003,Vibration,3.53,2025-03-10 10:11,3.0
SNS-1003-V,AST-1003,Vibration,3.0,2025-03-11 05:05,3.0
SNS-1003-V,AST-1003,Vibration,2.98,2025-03-12 12:09,3.0
SNS-1003-V,AST-1003,Vibration,2.88,2025-03-13 07:06,3.0
SNS-1003-V,AST-1003,Vibration,3.16,2025-03-14 07:47,3.0
SNS-1003-V,AST-1003,Vibration,4.31,2025-03-15 06:15,3.0
SNS-1003-V,AST-1003,Vibration,3.49,2025-03-16 07:02,3.0
SNS-1003-V,AST-1003,Vibration,2.63,2025-03-17 13:49,3.0
SNS-1003-V,AST-1003,Vibration,3.74,2025-03-18 14:13,3.0
SNS-1003-V,AST-1003,Vibration,2.48,2025-03-19 07:28,3.0
SNS-1003-V,AST-1003,Vibration,2.81,2025-03-20 21:14,3.0
SNS-1003-V,AST-1003,Vibration,3.2,2025-03-21 11:06,3.0
SNS-1003-V,AST-1003,Vibration,3.49,2025-03-22 16:14,3.0
SNS-1003-V,AST-1003,Vibration,3.33,2025-03-23 22:00,3.0
SNS-1003-V,AST-1003,Vibration,3.55,2025-03-24 12:56,3.0
SNS-1003-V,AST-1003,Vibration,3.22,2025-03-25 03:45,3.0
SNS-1003-V,AST-1003,Vibration,3.26,2025-03-26 12:27,3.0
SNS-1003-V,AST-1003,Vibration,3.5,2025-03-27 05:39,3.0
SNS-1003-V,AST-1003,Vibration,3.4,2025-03-28 08:16,3.0
SNS-1003-V,AST-1003,Vibration,2.93,2025-03-29 13:16,3.0
SNS-1003-V,AST-1003,Vibration,2.9,2025-03-30 01:06,3.0
SNS-1003-V,AST-1003,Vibration,3.63,2025-03-31 19:11,3.0
SNS-1003-V,AST-1003,Vibration,4.46,2025-04-01 12:51,3.0
SNS-1003-V,AST-1003,Vibration,2.52,2025-04-02 07:41,3.0
SNS-1003-V,AST-1003,Vibration,2.66,2025-04-03 18:16,3.0
SNS-1003-V,AST-1003,Vibration,3.14,2025-04-04 05:50,3.0
SNS-1003-V,AST-1003,Vibration,3.63,2025-04-05 07:11,3.0
SNS-1003-V,AST-1003,Vibration,3.15,2025-04-06 05:04,3.0
SNS-1003-V,AST-1003,Vibration,3.42,2025-04-07 17:17,3.0
SNS-1003-V,AST-1003,Vibration,3.56,2025-04-08 15:04,3.0
SNS-1003-V,AST-1003,Vibration,3.03,2025-04-09 06:54,3.0
SNS-1003-V,AST-1003,Vibration,2.96,2025-04-10 10:14,3.0
SNS-1003-V,AST-1003,Vibration,2.64,2025-04-11 19:25,3.0
SNS-1003-V,AST-1003,Vibration,3.15,2025-04-12 01:24,3.0
SNS-1003-V,AST-1003,Vibration,2.88,2025-04-13 01:20,3.0
SNS-1003-V,AST-1003,Vibration,3.54,2025-04-14 04:53,3.0
SNS-1003-V,AST-1003,Vibration,3.47,2025-04-15 02:12,3.0
SNS-1003-V,AST-1003,Vibration,2.79,2025-04-16 21:24,3.0
SNS-1003-V,AST-1003,Vibration,4.02,2025-04-17 15:07,3.0
SNS-1003-V,AST-1003,Vibration,3.34,2025-04-18 06:32,3.0
SNS-1003-V,AST-1003,Vibration,3.96,2025-04-19 22:50,3.0
SNS-1003-V,AST-1003,Vibration,3.54,2025-04-20 02:11,3.0
SNS-1003-V,AST-1003,Vibration,3.02,2025-04-21 04:21,3.0
SNS-1003-V,AST-1003,Vibration,2.99,2025-04-22 22:40,3.0
SNS-1003-V,AST-1003,Vibration,2.82,2025-04-23 16:45,3.0
SNS-1003-V,AST-1003,Vibration,3.16,2025-04-24 07:21,3.0
SNS-1003-V,AST-1003,Vibration,3.38,2025-04-25 18:44,3.0
SNS-1003-V,AST-1003,Vibration,2.94,2025-04-26 19:26,3.0
SNS-1003-V,AST-1003,Vibration,3.42,2025-04-27 18:52,3.0
SNS-1003-V,AST-1003,Vibration,3.01,2025-04-28 18:56,3.0
SNS-1003-V,AST-1003,Vibration,3.14,2025-04-29 10:37,3.0
SNS-1003-V,AST-1003,Vibration,3.11,2025-04-30 00:31,3.0
SNS-1003-V,AST-1003,Vibration,2.75,2025-05-01 02:57,3.0
SNS-1003-V,AST-1003,Vibration,2.96,2025-05-02 16:51,3.0
SNS-1003-V,AST-1003,Vibration,3.17,2025-05-03 21:49,3.0
SNS-1003-V,AST-1003,Vibration,3.15,2025-05-04 06:37,3.0
SNS-1003-V,AST-1003,Vibration,2.58,2025-05-05 14:54,3.0
SNS-1003-V,AST-1003,Vibration,3.15,2025-05-06 05:15,3.0
SNS-1003-V,AST-1003,Vibration,3.38,2025-05-07 12:29,3.0
SNS-1003-V,AST-1003,Vibration,2.92,2025-05-08 20:31,3.0
SNS-1003-V,AST-1003,Vibration,3.14,2025-05-09 02:51,3.0
SNS-1003-V,AST-1003,Vibration,4.02,2025-05-10 01:40,3.0
SNS-1003-V,AST-1003,Vibration,3.24,2025-05-11 15:12,3.0
SNS-1003-V,AST-1003,Vibration,3.29,2025-05-12 12:16,3.0
SNS-1003-V,AST-1003,Vibration,3.91,2025-05-13 00:23,3.0
SNS-1003-V,AST-1003,Vibration,4.01,2025-05-14 21:15,3.0
SNS-1003-V,AST-1003,Vibration,3.29,2025-05-15 01:38,3.0
SNS-1003-V,AST-1003,Vibration,3.49,2025-05-16 05:42,3.0
SNS-1003-V,AST-1003,Vibration,3.41,2025-05-17 21:12,3.0
SNS-1003-V,AST-1003,Vibration,3.19,2025-05-18 02:38,3.0
SNS-1003-V,AST-1003,Vibration,3.41,2025-05-19 01:18,3.0
SNS-1003-V,AST-1003,Vibration,2.77,2025-05-20 07:46,3.0
SNS-1003-V,AST-1003,Vibration,3.1,2025-05-21 07:55,3.0
SNS-1003-V,AST-1003,Vibration,3.62,2025-05-22 16:04,3.0
SNS-1003-V,AST-1003,Vibration,3.33,2025-05-23 07:30,3.0
SNS-1003-V,AST-1003,Vibration,3.19,2025-05-24 09:12,3.0
SNS-1003-V,AST-1003,Vibration,3.41,2025-05-25 22:38,3.0
SNS-1003-V,AST-1003,Vibration,3.3,2025-05-26 10:19,3.0
SNS-1003-V,AST-1003,Vibration,3.66,2025-05-27 09:57,3.0
SNS-1003-V,AST-1003,Vibration,3.9,2025-05-28 11:27,3.0
SNS-1003-V,AST-1003,Vibration,3.34,2025-05-29 02:44,3.0
SNS-1003-V,AST-1003,Vibration,2.51,2025-05-30 01:21,3.0
SNS-1003-V,AST-1003,Vibration,3.51,2025-05-31 02:08,3.0
SNS-1003-V,AST-1003,Vibration,3.85,2025-06-01 01:43,3.0
SNS-1003-V,AST-1003,Vibration,3.47,2025-06-02 16:07,3.0
SNS-1003-V,AST-1003,Vibration,3.18,2025-06-03 18:07,3.0
SNS-1003-V,AST-1003,Vibration,3.23,2025-06-04 07:54,3.0
SNS-1003-V,AST-1003,Vibration,3.15,2025-06-05 01:47,3.0
SNS-1003-V,AST-1003,Vibration,3.15,2025-06-06 16:10,3.0
SNS-1003-V,AST-1003,Vibration,3.81,2025-06-07 06:55,3.0
SNS-1003-V,AST-1003,Vibration,4.04,2025-06-08 19:33,3.0
SNS-1003-V,AST-1003,Vibration,3.09,2025-06-09 21:01,3.0
SNS-1003-V,AST-1003,Vibration,3.31,2025-06-10 20:04,3.0
SNS-1003-V,AST-1003,Vibration,3.21,2025-06-11 11:17,3.0
SNS-1003-V,AST-1003,Vibration,3.17,2025-06-12 20:17,3.0
SNS-1003-V,AST-1003,Vibration,3.28,2025-06-13 03:27,3.0
SNS-1003-V,AST-1003,Vibration,3.28,2025-06-14 20:17,3.0
SNS-1003-V,AST-1003,Vibration,4.0,2025-06-15 21:35,3.0
SNS-1003-V,AST-1003,Vibration,3.51,2025-06-16 05:33,3.0
SNS-1003-V,AST-1003,Vibration,3.46,2025-06-17 03:36,3.0
SNS-1003-V,AST-1003,Vibration,3.36,2025-06-18 14:57,3.0
SNS-1003-V,AST-1003,Vibration,3.44,2025-06-19 15:43,3.0
SNS-1003-V,AST-1003,Vibration,2.85,2025-06-20 02:46,3.0
SNS-1003-V,AST-1003,Vibration,3.46,2025-06-21 08:00,3.0
SNS-1003-V,AST-1003,Vibration,3.96,2025-06-22 13:13,3.0
SNS-1003-V,AST-1003,Vibration,3.76,2025-06-23 20:50,3.0
SNS-1003-V,AST-1003,Vibration,3.61,2025-06-24 15:17,3.0
SNS-1003-V,AST-1003,Vibration,4.09,2025-06-25 16:32,3.0
SNS-1003-V,AST-1003,Vibration,3.29,2025-06-26 12:03,3.0
SNS-1003-V,AST-1003,Vibration,4.56,2025-06-27 12:09,3.0
SNS-1003-V,AST-1003,Vibration,3.07,2025-06-28 18:50,3.0
SNS-1003-V,AST-1003,Vibration,3.41,2025-06-29 02:05,3.0
SNS-1003-V,AST-1003,Vibration,2.97,2025-06-30 18:26,3.0
SNS-1003-V,AST-1003,Vibration,3.37,2025-07-01 11:25,3.0
SNS-1003-V,AST-1003,Vibration,2.95,2025-07-02 16:45,3.0
SNS-1003-V,AST-1003,Vibration,2.9,2025-07-03 01:26,3.0
SNS-1003-V,AST-1003,Vibration,3.57,2025-07-04 14:09,3.0
SNS-1003-V,AST-1003,Vibration,3.27,2025-07-05 11:20,3.0
SNS-1003-V,AST-1003,Vibration,3.31,2025-07-06 03:38,3.0
SNS-1003-V,AST-1003,Vibration,3.83,2025-07-07 19:34,3.0
SNS-1003-V,AST-1003,Vibration,3.43,2025-07-08 06:23,3.0
SNS-1003-V,AST-1003,Vibration,3.02,2025-07-09 02:28,3.0
SNS-1003-V,AST-1003,Vibration,3.32,2025-07-10 11:52,3.0
SNS-1003-V,AST-1003,Vibration,3.83,2025-07-11 14:58,3.0
SNS-1003-V,AST-1003,Vibration,3.19,2025-07-12 02:49,3.0
SNS-1003-V,AST-1003,Vibration,3.59,2025-07-13 21:24,3.0
SNS-1003-V,AST-1003,Vibration,3.31,2025-07-14 15:10,3.0
SNS-1003-V,AST-1003,Vibration,4.01,2025-07-15 19:09,3.0
SNS-1003-V,AST-1003,Vibration,3.45,2025-07-16 11:53,3.0
SNS-1003-V,AST-1003,Vibration,3.63,2025-07-17 15:57,3.0
SNS-1003-V,AST-1003,Vibration,3.43,2025-07-18 01:09,3.0
SNS-1003-V,AST-1003,Vibration,3.14,2025-07-19 16:58,3.0
SNS-1003-V,AST-1003,Vibration,3.76,2025-07-20 16:02,3.0
SNS-1003-V,AST-1003,Vibration,2.81,2025-07-21 19:13,3.0
SNS-1003-V,AST-1003,Vibration,3.29,2025-07-22 16:43,3.0
SNS-1003-V,AST-1003,Vibration,3.26,2025-07-23 13:48,3.0
SNS-1003-V,AST-1003,Vibration,3.77,2025-07-24 16:01,3.0
SNS-1003-V,AST-1003,Vibration,2.72,2025-07-25 18:45,3.0
SNS-1003-V,AST-1003,Vibration,2.77,2025-07-26 02:15,3.0
SNS-1003-V,AST-1003,Vibration,2.67,2025-07-27 05:20,3.0
SNS-1003-V,AST-1003,Vibration,3.24,2025-07-28 20:22,3.0
SNS-1003-V,AST-1003,Vibration,3.04,2025-07-29 21:01,3.0
SNS-1003-V,AST-1003,Vibration,3.52,2025-07-30 03:31,3.0
SNS-1003-V,AST-1003,Vibration,3.2,2025-07-31 20:26,3.0
SNS-1003-V,AST-1003,Vibration,3.42,2025-08-01 21:18,3.0
SNS-1003-V,AST-1003,Vibration,3.39,2025-08-02 19:17,3.0
SNS-1003-V,AST-1003,Vibration,2.71,2025-08-03 22:49,3.0
SNS-1003-V,AST-1003,Vibration,3.47,2025-08-04 03:42,3.0
SNS-1003-V,AST-1003,Vibration,3.57,2025-08-05 10:04,3.0
SNS-1003-V,AST-1003,Vibration,3.15,2025-08-06 09:58,3.0
SNS-1003-V,AST-1003,Vibration,3.42,2025-08-07 18:03,3.0
SNS-1003-V,AST-1003,Vibration,4.32,2025-08-08 18:44,3.0
SNS-1003-V,AST-1003,Vibration,4.14,2025-08-09 09:42,3.0
SNS-1003-V,AST-1003,Vibration,3.06,2025-08-10 20:19,3.0
SNS-1003-V,AST-1003,Vibration,3.36,2025-08-11 17:23,3.0
SNS-1003-V,AST-1003,Vibration,3.03,2025-08-12 13:30,3.0
SNS-1003-V,AST-1003,Vibration,3.96,2025-08-13 12:38,3.0
SNS-1003-V,AST-1003,Vibration,3.53,2025-08-14 06:55,3.0
SNS-1003-V,AST-1003,Vibration,3.45,2025-08-15 07:37,3.0
SNS-1003-V,AST-1003,Vibration,4.4,2025-08-16 04:57,3.0
SNS-1003-V,AST-1003,Vibration,4.02,2025-08-17 21:22,3.0
SNS-1003-V,AST-1003,Vibration,2.95,2025-08-18 04:23,3.0
SNS-1003-V,AST-1003,Vibration,4.25,2025-08-19 13:56,3.0
SNS-1003-V,AST-1003,Vibration,3.43,2025-08-20 04:16,3.0
SNS-1003-V,AST-1003,Vibration,3.23,2025-08-21 06:06,3.0
SNS-1003-V,AST-1003,Vibration,2.81,2025-08-22 18:47,3.0
SNS-1003-V,AST-1003,Vibration,2.82,2025-08-23 07:24,3.0
SNS-1003-V,AST-1003,Vibration,3.7,2025-08-24 06:27,3.0
SNS-1003-V,AST-1003,Vibration,2.69,2025-08-25 19:14,3.0
SNS-1003-V,AST-1003,Vibration,3.63,2025-08-26 13:50,3.0
SNS-1003-V,AST-1003,Vibration,3.26,2025-08-27 00:21,3.0
SNS-1003-V,AST-1003,Vibration,3.57,2025-08-28 22:30,3.0
SNS-1003-V,AST-1003,Vibration,2.76,2025-08-29 09:08,3.0
SNS-1003-V,AST-1003,Vibration,2.98,2025-08-30 12:17,3.0
SNS-1003-V,AST-1003,Vibration,3.07,2025-08-31 05:10,3.0
SNS-1003-V,AST-1003,Vibration,3.44,2025-09-01 08:40,3.0
SNS-1003-V,AST-1003,Vibration,3.35,2025-09-02 00:12,3.0
SNS-1003-V,AST-1003,Vibration,3.29,2025-09-03 07:11,3.0
SNS-1003-V,AST-1003,Vibration,2.61,2025-09-04 20:12,3.0
SNS-1003-V,AST-1003,Vibration,3.36,2025-09-05 09:10,3.0
SNS-1003-V,AST-1003,Vibration,3.83,2025-09-06 13:37,3.0
SNS-1003-V,AST-1003,Vibration,3.19,2025-09-07 21:56,3.0
SNS-1003-V,AST-1003,Vibration,3.38,2025-09-08 00:06,3.0
SNS-1003-V,AST-1003,Vibration,3.57,2025-09-09 12:50,3.0
SNS-1003-V,AST-1003,Vibration,3.57,2025-09-10 13:46,3.0
SNS-1003-V,AST-1003,Vibration,3.56,2025-09-11 03:43,3.0
SNS-1003-V,AST-1003,Vibration,3.08,2025-09-12 18:41,3.0
SNS-1003-V,AST-1003,Vibration,3.52,2025-09-13 00:46,3.0
SNS-1003-V,AST-1003,Vibration,3.6,2025-09-14 15:06,3.0
SNS-1003-V,AST-1003,Vibration,3.38,2025-09-15 16:07,3.0
SNS-1003-V,AST-1003,Vibration,3.83,2025-09-16 20:47,3.0
SNS-1003-V,AST-1003,Vibration,3.67,2025-09-17 08:44,3.0
SNS-1003-V,AST-1003,Vibration,3.41,2025-09-18 11:42,3.0
SNS-1003-V,AST-1003,Vibration,3.06,2025-09-19 13:32,3.0
SNS-1003-V,AST-1003,Vibration,3.63,2025-09-20 04:44,3.0
SNS-1003-V,AST-1003,Vibration,3.78,2025-09-21 09:23,3.0
SNS-1003-V,AST-1003,Vibration,3.84,2025-09-22 11:19,3.0
SNS-1003-V,AST-1003,Vibration,3.9,2025-09-23 22:05,3.0
SNS-1003-V,AST-1003,Vibration,3.63,2025-09-24 12:08,3.0
SNS-1003-V,AST-1003,Vibration,3.45,2025-09-25 16:39,3.0
SNS-1003-V,AST-1003,Vibration,3.82,2025-09-26 10:15,3.0
SNS-1003-V,AST-1003,Vibration,3.51,2025-09-27 22:42,3.0
SNS-1003-V,AST-1003,Vibration,3.44,2025-09-28 22:25,3.0
SNS-1003-V,AST-1003,Vibration,3.35,2025-09-29 11:07,3.0
SNS-1003-V,AST-1003,Vibration,3.33,2025-09-30 07:00,3.0
SNS-1003-V,AST-1003,Vibration,3.17,2025-10-01 04:48,3.0
SNS-1003-V,AST-1003,Vibration,3.38,2025-10-02 19:34,3.0
SNS-1003-V,AST-1003,Vibration,4.39,2025-10-03 02:45,3.0
SNS-1003-V,AST-1003,Vibration,2.78,2025-10-04 21:39,3.0
SNS-1003-V,AST-1003,Vibration,3.27,2025-10-05 18:22,3.0
SNS-1003-V,AST-1003,Vibration,2.51,2025-10-06 07:31,3.0
SNS-1003-V,AST-1003,Vibration,3.09,2025-10-07 01:41,3.0
SNS-1003-V,AST-1003,Vibration,4.0,2025-10-08 13:27,3.0
SNS-1003-V,AST-1003,Vibration,4.61,2025-10-09 00:47,3.0
SNS-1003-V,AST-1003,Vibration,3.28,2025-10-10 17:55,3.0
SNS-1003-V,AST-1003,Vibration,3.31,2025-10-11 05:43,3.0
SNS-1003-V,AST-1003,Vibration,3.44,2025-10-12 01:40,3.0
SNS-1003-V,AST-1003,Vibration,2.71,2025-10-13 16:06,3.0
SNS-1003-V,AST-1003,Vibration,4.13,2025-10-14 18:21,3.0
SNS-1003-V,AST-1003,Vibration,3.79,2025-10-15 14:42,3.0
SNS-1003-V,AST-1003,Vibration,3.74,2025-10-16 16:26,3.0
SNS-1003-V,AST-1003,Vibration,3.37,2025-10-17 08:28,3.0
SNS-1003-V,AST-1003,Vibration,3.22,2025-10-18 22:45,3.0
SNS-1003-V,AST-1003,Vibration,4.02,2025-10-19 18:08,3.0
SNS-1003-V,AST-1003,Vibration,2.6,2025-10-20 01:30,3.0
SNS-1003-V,AST-1003,Vibration,4.19,2025-10-21 13:43,3.0
SNS-1003-V,AST-1003,Vibration,3.83,2025-10-22 06:03,3.0
SNS-1003-V,AST-1003,Vibration,3.19,2025-10-23 17:35,3.0
SNS-1003-V,AST-1003,Vibration,3.47,2025-10-24 14:08,3.0
SNS-1003-V,AST-1003,Vibration,3.18,2025-10-25 19:34,3.0
SNS-1003-V,AST-1003,Vibration,3.0,2025-10-26 05:15,3.0
SNS-1003-V,AST-1003,Vibration,3.89,2025-10-27 09:41,3.0
SNS-1003-V,AST-1003,Vibration,3.19,2025-10-28 03:03,3.0
SNS-1003-V,AST-1003,Vibration,3.86,2025-10-29 13:34,3.0
SNS-1003-V,AST-1003,Vibration,3.29,2025-10-30 01:23,3.0
SNS-1003-V,AST-1003,Vibration,3.42,2025-10-31 15:04,3.0
SNS-1003-V,AST-1003,Vibration,3.43,2025-11-01 05:39,3.0
SNS-1003-V,AST-1003,Vibration,3.83,2025-11-02 13:46,3.0
SNS-1003-V,AST-1003,Vibration,3.84,2025-11-03 13:49,3.0
SNS-1003-V,AST-1003,Vibration,3.33,2025-11-04 01:22,3.0
SNS-1003-V,AST-1003,Vibration,2.77,2025-11-05 00:11,3.0
SNS-1003-V,AST-1003,Vibration,3.14,2025-11-06 10:02,3.0
SNS-1003-V,AST-1003,Vibration,3.47,2025-11-07 00:21,3.0
SNS-1003-V,AST-1003,Vibration,3.99,2025-11-08 08:42,3.0
SNS-1003-V,AST-1003,Vibration,3.21,2025-11-09 12:49,3.0
SNS-1003-V,AST-1003,Vibration,3.54,2025-11-10 17:54,3.0
SNS-1003-V,AST-1003,Vibration,3.88,2025-11-11 15:00,3.0
SNS-1003-V,AST-1003,Vibration,3.09,2025-11-12 22:05,3.0
SNS-1003-V,AST-1003,Vibration,3.62,2025-11-13 03:00,3.0
SNS-1003-V,AST-1003,Vibration,3.17,2025-11-14 04:11,3.0
SNS-1003-V,AST-1003,Vibration,3.67,2025-11-15 07:01,3.0
SNS-1003-V,AST-1003,Vibration,5.33,2025-11-16 05:49,3.0
SNS-1003-V,AST-1003,Vibration,3.35,2025-11-17 09:41,3.0
SNS-1003-V,AST-1003,Vibration,4.07,2025-11-18 05:03,3.0
SNS-1003-V,AST-1003,Vibration,4.0,2025-11-19 19:04,3.0
SNS-1003-V,AST-1003,Vibration,4.38,2025-11-20 05:19,3.0
SNS-1003-V,AST-1003,Vibration,3.95,2025-11-21 06:02,3.0
SNS-1003-V,AST-1003,Vibration,3.9,2025-11-22 15:27,3.0
SNS-1003-V,AST-1003,Vibration,3.81,2025-11-23 00:20,3.0
SNS-1003-V,AST-1003,Vibration,2.92,2025-11-24 09:36,3.0
SNS-1003-V,AST-1003,Vibration,3.3,2025-11-25 18:38,3.0
SNS-1003-V,AST-1003,Vibration,3.95,2025-11-26 09:26,3.0
SNS-1003-V,AST-1003,Vibration,3.67,2025-11-27 10:30,3.0
SNS-1003-V,AST-1003,Vibration,4.04,2025-11-28 12:51,3.0
SNS-1003-V,AST-1003,Vibration,3.51,2025-11-29 18:03,3.0
SNS-1003-V,AST-1003,Vibration,2.93,2025-11-30 20:52,3.0
SNS-1003-V,AST-1003,Vibration,3.43,2025-12-01 03:00,3.0
SNS-1003-V,AST-1003,Vibration,3.5,2025-12-02 13:53,3.0
SNS-1003-V,AST-1003,Vibration,3.69,2025-12-03 08:50,3.0
SNS-1003-V,AST-1003,Vibration,3.44,2025-12-04 18:43,3.0
SNS-1003-V,AST-1003,Vibration,3.71,2025-12-05 02:44,3.0
SNS-1003-V,AST-1003,Vibration,3.25,2025-12-06 13:53,3.0
SNS-1003-V,AST-1003,Vibration,4.01,2025-12-07 07:31,3.0
SNS-1003-V,AST-1003,Vibration,4.42,2025-12-08 18:00,3.0
SNS-1003-V,AST-1003,Vibration,3.51,2025-12-09 07:13,3.0
SNS-1003-V,AST-1003,Vibration,3.46,2025-12-10 07:42,3.0
SNS-1003-V,AST-1003,Vibration,3.48,2025-12-11 07:25,3.0
SNS-1003-V,AST-1003,Vibration,3.99,2025-12-12 03:07,3.0
SNS-1003-V,AST-1003,Vibration,3.31,2025-12-13 17:01,3.0
SNS-1003-V,AST-1003,Vibration,3.46,2025-12-14 16:13,3.0
SNS-1003-V,AST-1003,Vibration,3.54,2025-12-15 19:11,3.0
SNS-1003-V,AST-1003,Vibration,3.84,2025-12-16 22:47,3.0
SNS-1003-V,AST-1003,Vibration,3.53,2025-12-17 15:48,3.0
SNS-1003-V,AST-1003,Vibration,3.04,2025-12-18 06:50,3.0
SNS-1003-V,AST-1003,Vibration,3.79,2025-12-19 06:47,3.0
SNS-1003-V,AST-1003,Vibration,3.78,2025-12-20 09:15,3.0
SNS-1003-V,AST-1003,Vibration,3.58,2025-12-21 16:30,3.0
SNS-1003-V,AST-1003,Vibration,3.47,2025-12-22 14:34,3.0
SNS-1003-V,AST-1003,Vibration,4.37,2025-12-23 00:09,3.0
SNS-1003-V,AST-1003,Vibration,3.51,2025-12-24 22:51,3.0
SNS-1003-V,AST-1003,Vibration,3.82,2025-12-25 20:06,3.0
SNS-1003-V,AST-1003,Vibration,2.85,2025-12-26 00:52,3.0
SNS-1003-V,AST-1003,Vibration,3.18,2025-12-27 15:07,3.0
SNS-1003-V,AST-1003,Vibration,4.03,2025-12-28 13:53,3.0
SNS-1003-V,AST-1003,Vibration,3.68,2025-12-29 13:20,3.0
SNS-1003-V,AST-1003,Vibration,4.34,2025-12-30 12:16,3.0
SNS-1003-V,AST-1003,Vibration,3.35,2025-12-31 10:12,3.0
SNS-1003-V,AST-1003,Vibration,3.63,2026-01-01 06:15,3.0
SNS-1003-V,AST-1003,Vibration,4.0,2026-01-02 21:23,3.0
SNS-1003-V,AST-1003,Vibration,3.56,2026-01-03 17:31,3.0
SNS-1003-V,AST-1003,Vibration,3.96,2026-01-04 06:04,3.0
SNS-1003-V,AST-1003,Vibration,4.2,2026-01-05 21:16,3.0
SNS-1003-V,AST-1003,Vibration,3.73,2026-01-06 01:25,3.0
SNS-1003-V,AST-1003,Vibration,3.56,2026-01-07 10:50,3.0
SNS-1003-V,AST-1003,Vibration,3.86,2026-01-08 06:58,3.0
SNS-1003-V,AST-1003,Vibration,4.13,2026-01-09 12:50,3.0
SNS-1003-V,AST-1003,Vibration,3.68,2026-01-10 16:13,3.0
SNS-1003-V,AST-1003,Vibration,3.57,2026-01-11 18:20,3.0
SNS-1003-V,AST-1003,Vibration,3.52,2026-01-12 18:14,3.0
SNS-1003-V,AST-1003,Vibration,3.8,2026-01-13 16:26,3.0
SNS-1003-V,AST-1003,Vibration,3.68,2026-01-14 18:56,3.0
SNS-1003-V,AST-1003,Vibration,3.42,2026-01-15 09:27,3.0
SNS-1003-V,AST-1003,Vibration,3.45,2026-01-16 19:09,3.0
SNS-1003-V,AST-1003,Vibration,3.54,2026-01-17 19:57,3.0
SNS-1003-V,AST-1003,Vibration,3.94,2026-01-18 18:50,3.0
SNS-1003-V,AST-1003,Vibration,3.6,2026-01-19 18:20,3.0
SNS-1003-V,AST-1003,Vibration,3.49,2026-01-20 14:41,3.0
SNS-1003-V,AST-1003,Vibration,3.27,2026-01-21 14:51,3.0
SNS-1003-V,AST-1003,Vibration,3.75,2026-01-22 18:56,3.0
SNS-1003-V,AST-1003,Vibration,3.79,2026-01-23 16:36,3.0
SNS-1003-V,AST-1003,Vibration,3.93,2026-01-24 08:05,3.0
SNS-1003-V,AST-1003,Vibration,3.57,2026-01-25 10:11,3.0
SNS-1003-V,AST-1003,Vibration,3.66,2026-01-26 04:47,3.0
SNS-1003-V,AST-1003,Vibration,3.3,2026-01-27 12:52,3.0
SNS-1003-V,AST-1003,Vibration,3.28,2026-01-28 07:29,3.0
SNS-1003-V,AST-1003,Vibration,3.98,2026-01-29 04:16,3.0
SNS-1003-V,AST-1003,Vibration,3.51,2026-01-30 01:32,3.0
SNS-1003-V,AST-1003,Vibration,4.44,2026-01-31 21:24,3.0
SNS-1003-V,AST-1003,Vibration,3.8,2026-02-01 07:20,3.0
SNS-1003-V,AST-1003,Vibration,3.11,2026-02-02 11:39,3.0
SNS-1003-V,AST-1003,Vibration,3.47,2026-02-03 15:28,3.0
SNS-1003-V,AST-1003,Vibration,3.63,2026-02-04 16:46,3.0
SNS-1003-V,AST-1003,Vibration,4.04,2026-02-05 09:50,3.0
SNS-1003-V,AST-1003,Vibration,3.61,2026-02-06 03:55,3.0
SNS-1003-V,AST-1003,Vibration,3.18,2026-02-07 18:28,3.0
SNS-1003-V,AST-1003,Vibration,3.77,2026-02-08 20:08,3.0
SNS-1003-V,AST-1003,Vibration,4.21,2026-02-09 10:02,3.0
SNS-1003-V,AST-1003,Vibration,3.41,2026-02-10 08:45,3.0
SNS-1003-V,AST-1003,Vibration,3.05,2026-02-11 01:37,3.0
SNS-1003-V,AST-1003,Vibration,4.03,2026-02-12 07:05,3.0
SNS-1003-V,AST-1003,Vibration,3.01,2026-02-13 02:09,3.0
SNS-1003-V,AST-1003,Vibration,3.07,2026-02-14 06:21,3.0
SNS-1003-V,AST-1003,Vibration,3.94,2026-02-15 20:48,3.0
SNS-1003-V,AST-1003,Vibration,4.0,2026-02-16 22:55,3.0
SNS-1003-V,AST-1003,Vibration,3.49,2026-02-17 17:33,3.0
SNS-1003-V,AST-1003,Vibration,2.48,2026-02-18 01:39,3.0
SNS-1003-V,AST-1003,Vibration,3.78,2026-02-19 07:11,3.0
SNS-1003-V,AST-1003,Vibration,3.95,2026-02-20 15:13,3.0
SNS-1003-V,AST-1003,Vibration,4.17,2026-02-21 14:37,3.0
SNS-1003-V,AST-1003,Vibration,3.42,2026-02-22 10:39,3.0
SNS-1003-V,AST-1003,Vibration,4.06,2026-02-23 21:10,3.0
SNS-1003-V,AST-1003,Vibration,4.0,2026-02-24 01:47,3.0
SNS-1003-V,AST-1003,Vibration,4.4,2026-02-25 04:57,3.0
SNS-1003-V,AST-1003,Vibration,3.3,2026-02-26 12:49,3.0
SNS-1003-V,AST-1003,Vibration,4.02,2026-02-27 19:12,3.0
SNS-1003-V,AST-1003,Vibration,3.53,2026-02-28 16:01,3.0
SNS-1003-V,AST-1003,Vibration,3.73,2026-03-01 19:22,3.0
SNS-1003-V,AST-1003,Vibration,3.75,2026-03-02 05:00,3.0
SNS-1003-V,AST-1003,Vibration,3.82,2026-03-03 05:50,3.0
SNS-1003-V,AST-1003,Vibration,4.51,2026-03-04 17:37,3.0
SNS-1003-V,AST-1003,Vibration,2.76,2026-03-05 22:55,3.0
SNS-1003-V,AST-1003,Vibration,3.89,2026-03-06 02:16,3.0
SNS-1003-V,AST-1003,Vibration,4.02,2026-03-07 03:25,3.0
SNS-1003-V,AST-1003,Vibration,3.96,2026-03-08 21:58,3.0
SNS-1003-V,AST-1003,Vibration,3.44,2026-03-09 09:14,3.0
SNS-1003-V,AST-1003,Vibration,3.35,2026-03-10 12:46,3.0
SNS-1003-V,AST-1003,Vibration,4.08,2026-03-11 11:33,3.0
SNS-1003-V,AST-1003,Vibration,4.01,2026-03-12 05:11,3.0
SNS-1003-V,AST-1003,Vibration,3.94,2026-03-13 16:12,3.0
SNS-1003-V,AST-1003,Vibration,3.27,2026-03-14 12:16,3.0
SNS-1003-V,AST-1003,Vibration,4.52,2026-03-15 10:34,3.0
SNS-1003-V,AST-1003,Vibration,3.61,2026-03-16 00:07,3.0
SNS-1003-V,AST-1003,Vibration,3.44,2026-03-17 04:47,3.0
SNS-1003-V,AST-1003,Vibration,3.2,2026-03-18 06:47,3.0
SNS-1003-V,AST-1003,Vibration,3.58,2026-03-19 03:23,3.0
SNS-1003-V,AST-1003,Vibration,3.47,2026-03-20 09:00,3.0
SNS-1003-V,AST-1003,Vibration,3.68,2026-03-21 16:37,3.0
SNS-1003-V,AST-1003,Vibration,3.81,2026-03-22 16:34,3.0
SNS-1003-V,AST-1003,Vibration,2.82,2026-03-23 14:40,3.0
SNS-1003-V,AST-1003,Vibration,4.02,2026-03-24 04:53,3.0
SNS-1003-V,AST-1003,Vibration,3.53,2026-03-25 16:48,3.0
SNS-1003-V,AST-1003,Vibration,2.64,2026-03-26 05:15,3.0
SNS-1003-V,AST-1003,Vibration,3.71,2026-03-27 19:55,3.0
SNS-1003-V,AST-1003,Vibration,3.84,2026-03-28 22:35,3.0
SNS-1003-V,AST-1003,Vibration,3.51,2026-03-29 00:08,3.0
SNS-1003-V,AST-1003,Vibration,3.88,2026-03-30 22:37,3.0
SNS-1003-V,AST-1003,Vibration,3.39,2026-03-31 05:52,3.0
SNS-1003-V,AST-1003,Vibration,4.0,2026-04-01 02:05,3.0
SNS-1003-V,AST-1003,Vibration,3.81,2026-04-02 19:34,3.0
SNS-1003-V,AST-1003,Vibration,4.23,2026-04-03 05:28,3.0
SNS-1003-V,AST-1003,Vibration,3.16,2026-04-04 11:56,3.0
SNS-1003-V,AST-1003,Vibration,3.44,2026-04-05 21:55,3.0
SNS-1003-V,AST-1003,Vibration,4.11,2026-04-06 04:02,3.0
SNS-1003-V,AST-1003,Vibration,4.12,2026-04-07 15:01,3.0
SNS-1003-V,AST-1003,Vibration,3.61,2026-04-08 10:37,3.0
SNS-1003-V,AST-1003,Vibration,3.87,2026-04-09 18:05,3.0
SNS-1003-V,AST-1003,Vibration,3.4,2026-04-10 06:46,3.0
SNS-1003-V,AST-1003,Vibration,4.34,2026-04-11 00:00,3.0
SNS-1003-V,AST-1003,Vibration,3.26,2026-04-12 14:17,3.0
SNS-1003-V,AST-1003,Vibration,3.43,2026-04-13 09:49,3.0
SNS-1003-V,AST-1003,Vibration,3.66,2026-04-14 13:51,3.0
SNS-1003-V,AST-1003,Vibration,4.11,2026-04-15 04:21,3.0
SNS-1003-V,AST-1003,Vibration,3.24,2026-04-16 22:13,3.0
SNS-1003-V,AST-1003,Vibration,3.62,2026-04-17 10:36,3.0
SNS-1003-V,AST-1003,Vibration,3.57,2026-04-18 07:50,3.0
SNS-1003-V,AST-1003,Vibration,3.39,2026-04-19 20:14,3.0
SNS-1003-V,AST-1003,Vibration,3.68,2026-04-20 06:02,3.0
SNS-1003-V,AST-1003,Vibration,4.17,2026-04-21 14:53,3.0
SNS-1003-V,AST-1003,Vibration,3.76,2026-04-22 04:43,3.0
SNS-1003-V,AST-1003,Vibration,4.35,2026-04-23 02:33,3.0
SNS-1003-V,AST-1003,Vibration,3.69,2026-04-24 11:51,3.0
SNS-1003-V,AST-1003,Vibration,3.64,2026-04-25 11:30,3.0
SNS-1003-V,AST-1003,Vibration,4.07,2026-04-26 14:16,3.0
SNS-1003-V,AST-1003,Vibration,4.59,2026-04-27 13:10,3.0
SNS-1003-V,AST-1003,Vibration,3.91,2026-04-28 07:25,3.0
SNS-1003-V,AST-1003,Vibration,3.96,2026-04-29 01:28,3.0
SNS-1003-V,AST-1003,Vibration,3.6,2026-04-30 21:00,3.0
SNS-1003-V,AST-1003,Vibration,3.99,2026-05-01 02:17,3.0
SNS-1003-V,AST-1003,Vibration,3.64,2026-05-02 04:27,3.0
SNS-1003-V,AST-1003,Vibration,3.97,2026-05-03 19:42,3.0
SNS-1003-V,AST-1003,Vibration,3.08,2026-05-04 14:06,3.0
SNS-1003-V,AST-1003,Vibration,3.42,2026-05-05 14:33,3.0
SNS-1003-V,AST-1003,Vibration,3.49,2026-05-06 22:24,3.0
SNS-1003-V,AST-1003,Vibration,3.85,2026-05-07 21:26,3.0
SNS-1003-V,AST-1003,Vibration,3.74,2026-05-08 11:41,3.0
SNS-1003-V,AST-1003,Vibration,4.1,2026-05-09 10:30,3.0
SNS-1003-V,AST-1003,Vibration,3.59,2026-05-10 06:25,3.0
SNS-1003-V,AST-1003,Vibration,4.52,2026-05-11 16:20,3.0
SNS-1003-V,AST-1003,Vibration,3.67,2026-05-12 19:15,3.0
SNS-1003-V,AST-1003,Vibration,3.5,2026-05-13 19:45,3.0
SNS-1003-V,AST-1003,Vibration,3.35,2026-05-14 06:35,3.0
SNS-1003-V,AST-1003,Vibration,3.51,2026-05-15 03:39,3.0
SNS-1003-V,AST-1003,Vibration,3.62,2026-05-16 18:08,3.0
SNS-1003-V,AST-1003,Vibration,3.93,2026-05-17 09:43,3.0
SNS-1003-V,AST-1003,Vibration,4.01,2026-05-18 14:46,3.0
SNS-1003-V,AST-1003,Vibration,3.35,2026-05-19 06:22,3.0
SNS-1003-V,AST-1003,Vibration,3.71,2026-05-20 08:47,3.0
SNS-1003-V,AST-1003,Vibration,3.67,2026-05-21 06:28,3.0
SNS-1003-V,AST-1003,Vibration,3.78,2026-05-22 21:02,3.0
SNS-1003-V,AST-1003,Vibration,4.12,2026-05-23 04:31,3.0
SNS-1003-V,AST-1003,Vibration,3.96,2026-05-24 11:07,3.0
SNS-1003-V,AST-1003,Vibration,4.96,2026-05-25 15:16,3.0
SNS-1003-V,AST-1003,Vibration,4.53,2026-05-26 02:44,3.0
SNS-1003-V,AST-1003,Vibration,4.16,2026-05-27 17:37,3.0
SNS-1003-V,AST-1003,Vibration,4.43,2026-05-28 13:17,3.0
SNS-1003-V,AST-1003,Vibration,3.35,2026-05-29 16:11,3.0
SNS-1003-V,AST-1003,Vibration,3.64,2026-05-30 01:53,3.0
SNS-1003-V,AST-1003,Vibration,3.53,2026-05-31 09:42,3.0
SNS-1003-V,AST-1003,Vibration,3.34,2026-06-01 04:40,3.0
SNS-1003-V,AST-1003,Vibration,3.35,2026-06-02 16:43,3.0
SNS-1003-V,AST-1003,Vibration,3.85,2026-06-03 15:31,3.0
SNS-1003-V,AST-1003,Vibration,4.34,2026-06-04 04:15,3.0
SNS-1003-V,AST-1003,Vibration,4.52,2026-06-05 10:45,3.0
SNS-1003-V,AST-1003,Vibration,3.42,2026-06-06 04:43,3.0
SNS-1003-V,AST-1003,Vibration,3.68,2026-06-07 16:24,3.0
SNS-1003-V,AST-1003,Vibration,4.19,2026-06-08 21:49,3.0
SNS-1003-V,AST-1003,Vibration,4.02,2026-06-09 14:45,3.0
SNS-1003-V,AST-1003,Vibration,3.2,2026-06-10 20:03,3.0
SNS-1003-V,AST-1003,Vibration,3.99,2026-06-11 08:22,3.0
SNS-1003-V,AST-1003,Vibration,3.26,2026-06-12 09:20,3.0
SNS-1003-V,AST-1003,Vibration,4.14,2026-06-13 12:17,3.0
SNS-1003-V,AST-1003,Vibration,3.37,2026-06-14 01:58,3.0
SNS-1003-V,AST-1003,Vibration,4.34,2026-06-15 00:31,3.0
SNS-1003-V,AST-1003,Vibration,4.03,2026-06-16 03:38,3.0
SNS-1003-V,AST-1003,Vibration,4.08,2026-06-17 13:52,3.0
SNS-1003-V,AST-1003,Vibration,3.53,2026-06-18 14:00,3.0
SNS-1003-V,AST-1003,Vibration,3.58,2026-06-19 19:01,3.0
SNS-1003-V,AST-1003,Vibration,5.03,2026-06-20 05:48,3.0
SNS-1003-V,AST-1003,Vibration,4.31,2026-06-21 11:37,3.0
SNS-1003-V,AST-1003,Vibration,3.94,2026-06-22 17:13,3.0
SNS-1003-V,AST-1003,Vibration,3.54,2026-06-23 13:58,3.0
SNS-1003-V,AST-1003,Vibration,4.26,2026-06-24 06:03,3.0
SNS-1003-V,AST-1003,Vibration,4.16,2026-06-25 22:06,3.0
SNS-1003-V,AST-1003,Vibration,3.89,2026-06-26 04:07,3.0
SNS-1003-V,AST-1003,Vibration,3.95,2026-06-27 17:06,3.0
SNS-1003-V,AST-1003,Vibration,3.98,2026-06-28 14:08,3.0
SNS-1003-V,AST-1003,Vibration,4.13,2026-06-29 03:23,3.0
SNS-1003-V,AST-1003,Vibration,4.64,2026-06-30 00:47,3.0
SNS-1003-V,AST-1003,Vibration,4.76,2026-07-01 01:07,3.0
SNS-1003-V,AST-1003,Vibration,4.07,2026-07-02 05:28,3.0
SNS-1003-V,AST-1003,Vibration,4.12,2026-07-03 14:06,3.0
SNS-1003-V,AST-1003,Vibration,3.96,2026-07-04 20:43,3.0
SNS-1003-V,AST-1003,Vibration,4.76,2026-07-05 22:26,3.0
SNS-1003-V,AST-1003,Vibration,4.01,2026-07-06 11:32,3.0
SNS-1003-V,AST-1003,Vibration,3.83,2026-07-07 12:44,3.0
SNS-1003-V,AST-1003,Vibration,3.71,2026-07-08 18:42,3.0
SNS-1003-V,AST-1003,Vibration,3.43,2026-07-09 03:04,3.0
SNS-1003-V,AST-1003,Vibration,4.2,2026-07-10 22:02,3.0
SNS-1003-V,AST-1003,Vibration,4.03,2026-07-11 04:53,3.0
SNS-1003-V,AST-1003,Vibration,3.76,2026-07-12 08:39,3.0
SNS-1003-V,AST-1003,Vibration,3.64,2026-07-13 13:42,3.0
SNS-1003-V,AST-1003,Vibration,4.12,2026-07-14 20:22,3.0
SNS-1003-V,AST-1003,Vibration,3.74,2026-07-15 05:15,3.0
SNS-1003-V,AST-1003,Vibration,3.44,2026-07-16 01:49,3.0
SNS-1003-V,AST-1003,Vibration,3.67,2026-07-17 20:07,3.0
SNS-1003-V,AST-1003,Vibration,4.09,2026-07-18 11:33,3.0
SNS-1003-V,AST-1003,Vibration,3.76,2026-07-19 15:29,3.0
SNS-1003-V,AST-1003,Vibration,4.45,2026-07-20 09:50,3.0
SNS-1003-V,AST-1003,Vibration,3.85,2026-07-21 12:12,3.0
SNS-1003-V,AST-1003,Vibration,4.01,2026-07-22 21:37,3.0
SNS-1003-V,AST-1003,Vibration,3.93,2026-07-23 02:03,3.0
SNS-1003-V,AST-1003,Vibration,4.24,2026-07-24 01:13,3.0
SNS-1003-V,AST-1003,Vibration,4.11,2026-07-25 07:02,3.0
SNS-1003-C,AST-1003,Current,55.14,2024-07-25 01:03,55.0
SNS-1003-C,AST-1003,Current,58.73,2024-07-26 20:31,55.0
SNS-1003-C,AST-1003,Current,55.88,2024-07-27 04:38,55.0
SNS-1003-C,AST-1003,Current,56.11,2024-07-28 06:24,55.0
SNS-1003-C,AST-1003,Current,58.72,2024-07-29 06:31,55.0
SNS-1003-C,AST-1003,Current,54.89,2024-07-30 14:55,55.0
SNS-1003-C,AST-1003,Current,56.5,2024-07-31 10:40,55.0
SNS-1003-C,AST-1003,Current,61.08,2024-08-01 22:35,55.0
SNS-1003-C,AST-1003,Current,54.08,2024-08-02 03:03,55.0
SNS-1003-C,AST-1003,Current,55.72,2024-08-03 07:37,55.0
SNS-1003-C,AST-1003,Current,65.15,2024-08-04 06:56,55.0
SNS-1003-C,AST-1003,Current,59.28,2024-08-05 21:18,55.0
SNS-1003-C,AST-1003,Current,51.89,2024-08-06 09:43,55.0
SNS-1003-C,AST-1003,Current,56.04,2024-08-07 12:16,55.0
SNS-1003-C,AST-1003,Current,59.18,2024-08-08 11:14,55.0
SNS-1003-C,AST-1003,Current,55.18,2024-08-09 21:11,55.0
SNS-1003-C,AST-1003,Current,54.14,2024-08-10 08:20,55.0
SNS-1003-C,AST-1003,Current,60.86,2024-08-11 22:57,55.0
SNS-1003-C,AST-1003,Current,60.29,2024-08-12 17:50,55.0
SNS-1003-C,AST-1003,Current,59.61,2024-08-13 14:31,55.0
SNS-1003-C,AST-1003,Current,60.23,2024-08-14 04:26,55.0
SNS-1003-C,AST-1003,Current,57.08,2024-08-15 11:53,55.0
SNS-1003-C,AST-1003,Current,60.62,2024-08-16 20:35,55.0
SNS-1003-C,AST-1003,Current,57.95,2024-08-17 14:56,55.0
SNS-1003-C,AST-1003,Current,57.27,2024-08-18 00:37,55.0
SNS-1003-C,AST-1003,Current,53.65,2024-08-19 07:37,55.0
SNS-1003-C,AST-1003,Current,47.32,2024-08-20 19:55,55.0
SNS-1003-C,AST-1003,Current,57.16,2024-08-21 12:52,55.0
SNS-1003-C,AST-1003,Current,56.26,2024-08-22 02:28,55.0
SNS-1003-C,AST-1003,Current,60.0,2024-08-23 12:39,55.0
SNS-1003-C,AST-1003,Current,59.55,2024-08-24 20:07,55.0
SNS-1003-C,AST-1003,Current,56.9,2024-08-25 13:50,55.0
SNS-1003-C,AST-1003,Current,65.09,2024-08-26 21:31,55.0
SNS-1003-C,AST-1003,Current,66.78,2024-08-27 16:15,55.0
SNS-1003-C,AST-1003,Current,58.11,2024-08-28 15:23,55.0
SNS-1003-C,AST-1003,Current,59.48,2024-08-29 16:48,55.0
SNS-1003-C,AST-1003,Current,53.8,2024-08-30 00:19,55.0
SNS-1003-C,AST-1003,Current,60.46,2024-08-31 01:23,55.0
SNS-1003-C,AST-1003,Current,61.04,2024-09-01 18:27,55.0
SNS-1003-C,AST-1003,Current,58.68,2024-09-02 19:27,55.0
SNS-1003-C,AST-1003,Current,57.22,2024-09-03 12:39,55.0
SNS-1003-C,AST-1003,Current,63.61,2024-09-04 08:33,55.0
SNS-1003-C,AST-1003,Current,55.03,2024-09-05 09:01,55.0
SNS-1003-C,AST-1003,Current,55.37,2024-09-06 18:47,55.0
SNS-1003-C,AST-1003,Current,44.43,2024-09-07 05:31,55.0
SNS-1003-C,AST-1003,Current,55.23,2024-09-08 10:19,55.0
SNS-1003-C,AST-1003,Current,62.31,2024-09-09 00:14,55.0
SNS-1003-C,AST-1003,Current,63.53,2024-09-10 01:06,55.0
SNS-1003-C,AST-1003,Current,62.97,2024-09-11 11:55,55.0
SNS-1003-C,AST-1003,Current,60.87,2024-09-12 07:47,55.0
SNS-1003-C,AST-1003,Current,59.39,2024-09-13 17:45,55.0
SNS-1003-C,AST-1003,Current,58.32,2024-09-14 18:15,55.0
SNS-1003-C,AST-1003,Current,57.28,2024-09-15 11:37,55.0
SNS-1003-C,AST-1003,Current,54.1,2024-09-16 03:23,55.0
SNS-1003-C,AST-1003,Current,56.86,2024-09-17 05:22,55.0
SNS-1003-C,AST-1003,Current,53.44,2024-09-18 05:13,55.0
SNS-1003-C,AST-1003,Current,62.95,2024-09-19 21:39,55.0
SNS-1003-C,AST-1003,Current,53.77,2024-09-20 01:35,55.0
SNS-1003-C,AST-1003,Current,50.84,2024-09-21 13:41,55.0
SNS-1003-C,AST-1003,Current,59.26,2024-09-22 13:10,55.0
SNS-1003-C,AST-1003,Current,59.65,2024-09-23 10:21,55.0
SNS-1003-C,AST-1003,Current,54.35,2024-09-24 10:56,55.0
SNS-1003-C,AST-1003,Current,63.49,2024-09-25 11:32,55.0
SNS-1003-C,AST-1003,Current,55.18,2024-09-26 10:16,55.0
SNS-1003-C,AST-1003,Current,62.42,2024-09-27 09:02,55.0
SNS-1003-C,AST-1003,Current,61.37,2024-09-28 17:35,55.0
SNS-1003-C,AST-1003,Current,55.75,2024-09-29 04:19,55.0
SNS-1003-C,AST-1003,Current,55.2,2024-09-30 12:27,55.0
SNS-1003-C,AST-1003,Current,57.71,2024-10-01 03:36,55.0
SNS-1003-C,AST-1003,Current,59.44,2024-10-02 10:42,55.0
SNS-1003-C,AST-1003,Current,57.39,2024-10-03 21:34,55.0
SNS-1003-C,AST-1003,Current,59.37,2024-10-04 02:15,55.0
SNS-1003-C,AST-1003,Current,58.58,2024-10-05 05:25,55.0
SNS-1003-C,AST-1003,Current,54.61,2024-10-06 13:41,55.0
SNS-1003-C,AST-1003,Current,57.99,2024-10-07 17:13,55.0
SNS-1003-C,AST-1003,Current,55.79,2024-10-08 11:26,55.0
SNS-1003-C,AST-1003,Current,61.32,2024-10-09 21:24,55.0
SNS-1003-C,AST-1003,Current,62.23,2024-10-10 08:49,55.0
SNS-1003-C,AST-1003,Current,54.93,2024-10-11 04:13,55.0
SNS-1003-C,AST-1003,Current,54.43,2024-10-12 15:52,55.0
SNS-1003-C,AST-1003,Current,62.3,2024-10-13 01:05,55.0
SNS-1003-C,AST-1003,Current,60.49,2024-10-14 07:13,55.0
SNS-1003-C,AST-1003,Current,66.58,2024-10-15 18:43,55.0
SNS-1003-C,AST-1003,Current,56.77,2024-10-16 22:17,55.0
SNS-1003-C,AST-1003,Current,62.22,2024-10-17 18:24,55.0
SNS-1003-C,AST-1003,Current,59.95,2024-10-18 01:58,55.0
SNS-1003-C,AST-1003,Current,59.78,2024-10-19 04:01,55.0
SNS-1003-C,AST-1003,Current,59.51,2024-10-20 09:15,55.0
SNS-1003-C,AST-1003,Current,50.36,2024-10-21 11:41,55.0
SNS-1003-C,AST-1003,Current,64.58,2024-10-22 04:19,55.0
SNS-1003-C,AST-1003,Current,60.42,2024-10-23 08:38,55.0
SNS-1003-C,AST-1003,Current,58.02,2024-10-24 21:52,55.0
SNS-1003-C,AST-1003,Current,67.14,2024-10-25 16:41,55.0
SNS-1003-C,AST-1003,Current,59.09,2024-10-26 05:53,55.0
SNS-1003-C,AST-1003,Current,65.74,2024-10-27 09:48,55.0
SNS-1003-C,AST-1003,Current,54.65,2024-10-28 13:12,55.0
SNS-1003-C,AST-1003,Current,61.12,2024-10-29 20:53,55.0
SNS-1003-C,AST-1003,Current,57.61,2024-10-30 20:00,55.0
SNS-1003-C,AST-1003,Current,63.02,2024-10-31 00:28,55.0
SNS-1003-C,AST-1003,Current,52.04,2024-11-01 17:16,55.0
SNS-1003-C,AST-1003,Current,55.28,2024-11-02 13:27,55.0
SNS-1003-C,AST-1003,Current,54.8,2024-11-03 08:21,55.0
SNS-1003-C,AST-1003,Current,60.34,2024-11-04 22:44,55.0
SNS-1003-C,AST-1003,Current,61.52,2024-11-05 09:32,55.0
SNS-1003-C,AST-1003,Current,59.79,2024-11-06 04:24,55.0
SNS-1003-C,AST-1003,Current,55.84,2024-11-07 17:49,55.0
SNS-1003-C,AST-1003,Current,58.48,2024-11-08 18:08,55.0
SNS-1003-C,AST-1003,Current,54.38,2024-11-09 19:18,55.0
SNS-1003-C,AST-1003,Current,63.18,2024-11-10 19:18,55.0
SNS-1003-C,AST-1003,Current,69.62,2024-11-11 15:18,55.0
SNS-1003-C,AST-1003,Current,58.87,2024-11-12 15:49,55.0
SNS-1003-C,AST-1003,Current,54.21,2024-11-13 10:26,55.0
SNS-1003-C,AST-1003,Current,51.95,2024-11-14 00:07,55.0
SNS-1003-C,AST-1003,Current,62.33,2024-11-15 04:08,55.0
SNS-1003-C,AST-1003,Current,53.95,2024-11-16 06:09,55.0
SNS-1003-C,AST-1003,Current,55.69,2024-11-17 01:44,55.0
SNS-1003-C,AST-1003,Current,63.78,2024-11-18 21:45,55.0
SNS-1003-C,AST-1003,Current,53.44,2024-11-19 05:37,55.0
SNS-1003-C,AST-1003,Current,57.12,2024-11-20 05:22,55.0
SNS-1003-C,AST-1003,Current,60.7,2024-11-21 08:01,55.0
SNS-1003-C,AST-1003,Current,57.81,2024-11-22 07:52,55.0
SNS-1003-C,AST-1003,Current,56.56,2024-11-23 09:43,55.0
SNS-1003-C,AST-1003,Current,59.86,2024-11-24 04:37,55.0
SNS-1003-C,AST-1003,Current,59.02,2024-11-25 01:34,55.0
SNS-1003-C,AST-1003,Current,50.85,2024-11-26 00:10,55.0
SNS-1003-C,AST-1003,Current,52.19,2024-11-27 06:51,55.0
SNS-1003-C,AST-1003,Current,51.01,2024-11-28 07:29,55.0
SNS-1003-C,AST-1003,Current,54.57,2024-11-29 14:25,55.0
SNS-1003-C,AST-1003,Current,61.16,2024-11-30 18:47,55.0
SNS-1003-C,AST-1003,Current,63.68,2024-12-01 04:50,55.0
SNS-1003-C,AST-1003,Current,58.48,2024-12-02 22:57,55.0
SNS-1003-C,AST-1003,Current,60.65,2024-12-03 08:48,55.0
SNS-1003-C,AST-1003,Current,56.02,2024-12-04 18:55,55.0
SNS-1003-C,AST-1003,Current,54.99,2024-12-05 09:57,55.0
SNS-1003-C,AST-1003,Current,61.28,2024-12-06 05:01,55.0
SNS-1003-C,AST-1003,Current,53.78,2024-12-07 12:10,55.0
SNS-1003-C,AST-1003,Current,64.1,2024-12-08 01:39,55.0
SNS-1003-C,AST-1003,Current,51.56,2024-12-09 00:08,55.0
SNS-1003-C,AST-1003,Current,55.07,2024-12-10 02:56,55.0
SNS-1003-C,AST-1003,Current,57.44,2024-12-11 01:17,55.0
SNS-1003-C,AST-1003,Current,56.49,2024-12-12 06:44,55.0
SNS-1003-C,AST-1003,Current,58.7,2024-12-13 18:13,55.0
SNS-1003-C,AST-1003,Current,56.55,2024-12-14 08:01,55.0
SNS-1003-C,AST-1003,Current,53.0,2024-12-15 15:43,55.0
SNS-1003-C,AST-1003,Current,53.33,2024-12-16 07:55,55.0
SNS-1003-C,AST-1003,Current,55.85,2024-12-17 10:18,55.0
SNS-1003-C,AST-1003,Current,57.31,2024-12-18 20:25,55.0
SNS-1003-C,AST-1003,Current,48.14,2024-12-19 03:39,55.0
SNS-1003-C,AST-1003,Current,56.41,2024-12-20 07:44,55.0
SNS-1003-C,AST-1003,Current,54.83,2024-12-21 22:30,55.0
SNS-1003-C,AST-1003,Current,50.09,2024-12-22 00:40,55.0
SNS-1003-C,AST-1003,Current,57.48,2024-12-23 12:15,55.0
SNS-1003-C,AST-1003,Current,52.83,2024-12-24 21:41,55.0
SNS-1003-C,AST-1003,Current,64.96,2024-12-25 11:27,55.0
SNS-1003-C,AST-1003,Current,58.51,2024-12-26 18:10,55.0
SNS-1003-C,AST-1003,Current,58.26,2024-12-27 05:17,55.0
SNS-1003-C,AST-1003,Current,55.42,2024-12-28 03:27,55.0
SNS-1003-C,AST-1003,Current,60.86,2024-12-29 00:08,55.0
SNS-1003-C,AST-1003,Current,53.82,2024-12-30 02:31,55.0
SNS-1003-C,AST-1003,Current,61.71,2024-12-31 15:21,55.0
SNS-1003-C,AST-1003,Current,56.75,2025-01-01 22:00,55.0
SNS-1003-C,AST-1003,Current,56.37,2025-01-02 14:40,55.0
SNS-1003-C,AST-1003,Current,54.11,2025-01-03 21:13,55.0
SNS-1003-C,AST-1003,Current,56.69,2025-01-04 15:26,55.0
SNS-1003-C,AST-1003,Current,53.45,2025-01-05 17:46,55.0
SNS-1003-C,AST-1003,Current,55.86,2025-01-06 06:50,55.0
SNS-1003-C,AST-1003,Current,54.14,2025-01-07 05:38,55.0
SNS-1003-C,AST-1003,Current,56.48,2025-01-08 10:45,55.0
SNS-1003-C,AST-1003,Current,48.05,2025-01-09 00:18,55.0
SNS-1003-C,AST-1003,Current,53.96,2025-01-10 18:48,55.0
SNS-1003-C,AST-1003,Current,56.39,2025-01-11 04:06,55.0
SNS-1003-C,AST-1003,Current,56.17,2025-01-12 05:00,55.0
SNS-1003-C,AST-1003,Current,53.18,2025-01-13 21:13,55.0
SNS-1003-C,AST-1003,Current,51.55,2025-01-14 22:51,55.0
SNS-1003-C,AST-1003,Current,51.95,2025-01-15 21:00,55.0
SNS-1003-C,AST-1003,Current,51.52,2025-01-16 19:24,55.0
SNS-1003-C,AST-1003,Current,60.19,2025-01-17 10:33,55.0
SNS-1003-C,AST-1003,Current,60.77,2025-01-18 18:44,55.0
SNS-1003-C,AST-1003,Current,67.41,2025-01-19 16:39,55.0
SNS-1003-C,AST-1003,Current,55.96,2025-01-20 19:06,55.0
SNS-1003-C,AST-1003,Current,56.19,2025-01-21 01:19,55.0
SNS-1003-C,AST-1003,Current,48.71,2025-01-22 20:51,55.0
SNS-1003-C,AST-1003,Current,59.78,2025-01-23 14:14,55.0
SNS-1003-C,AST-1003,Current,54.55,2025-01-24 07:20,55.0
SNS-1003-C,AST-1003,Current,51.28,2025-01-25 08:45,55.0
SNS-1003-C,AST-1003,Current,59.17,2025-01-26 18:41,55.0
SNS-1003-C,AST-1003,Current,55.35,2025-01-27 00:18,55.0
SNS-1003-C,AST-1003,Current,64.48,2025-01-28 22:00,55.0
SNS-1003-C,AST-1003,Current,59.76,2025-01-29 00:31,55.0
SNS-1003-C,AST-1003,Current,56.61,2025-01-30 18:18,55.0
SNS-1003-C,AST-1003,Current,54.25,2025-01-31 12:00,55.0
SNS-1003-C,AST-1003,Current,54.34,2025-02-01 20:53,55.0
SNS-1003-C,AST-1003,Current,54.62,2025-02-02 19:31,55.0
SNS-1003-C,AST-1003,Current,51.65,2025-02-03 18:56,55.0
SNS-1003-C,AST-1003,Current,59.04,2025-02-04 05:13,55.0
SNS-1003-C,AST-1003,Current,58.15,2025-02-05 01:24,55.0
SNS-1003-C,AST-1003,Current,58.57,2025-02-06 11:28,55.0
SNS-1003-C,AST-1003,Current,58.65,2025-02-07 21:38,55.0
SNS-1003-C,AST-1003,Current,61.32,2025-02-08 06:58,55.0
SNS-1003-C,AST-1003,Current,55.39,2025-02-09 12:33,55.0
SNS-1003-C,AST-1003,Current,58.57,2025-02-10 21:58,55.0
SNS-1003-C,AST-1003,Current,55.17,2025-02-11 16:28,55.0
SNS-1003-C,AST-1003,Current,57.77,2025-02-12 13:17,55.0
SNS-1003-C,AST-1003,Current,55.45,2025-02-13 07:48,55.0
SNS-1003-C,AST-1003,Current,49.91,2025-02-14 00:52,55.0
SNS-1003-C,AST-1003,Current,54.28,2025-02-15 02:17,55.0
SNS-1003-C,AST-1003,Current,57.27,2025-02-16 09:15,55.0
SNS-1003-C,AST-1003,Current,58.1,2025-02-17 19:17,55.0
SNS-1003-C,AST-1003,Current,56.86,2025-02-18 18:22,55.0
SNS-1003-C,AST-1003,Current,62.19,2025-02-19 19:56,55.0
SNS-1003-C,AST-1003,Current,50.56,2025-02-20 01:29,55.0
SNS-1003-C,AST-1003,Current,58.68,2025-02-21 19:44,55.0
SNS-1003-C,AST-1003,Current,52.79,2025-02-22 19:23,55.0
SNS-1003-C,AST-1003,Current,51.98,2025-02-23 22:15,55.0
SNS-1003-C,AST-1003,Current,56.76,2025-02-24 15:50,55.0
SNS-1003-C,AST-1003,Current,58.98,2025-02-25 20:23,55.0
SNS-1003-C,AST-1003,Current,59.89,2025-02-26 21:27,55.0
SNS-1003-C,AST-1003,Current,61.08,2025-02-27 09:35,55.0
SNS-1003-C,AST-1003,Current,64.8,2025-02-28 14:53,55.0
SNS-1003-C,AST-1003,Current,64.68,2025-03-01 14:14,55.0
SNS-1003-C,AST-1003,Current,58.17,2025-03-02 16:39,55.0
SNS-1003-C,AST-1003,Current,55.51,2025-03-03 09:54,55.0
SNS-1003-C,AST-1003,Current,57.98,2025-03-04 21:34,55.0
SNS-1003-C,AST-1003,Current,56.82,2025-03-05 02:10,55.0
SNS-1003-C,AST-1003,Current,58.82,2025-03-06 05:35,55.0
SNS-1003-C,AST-1003,Current,61.82,2025-03-07 17:54,55.0
SNS-1003-C,AST-1003,Current,59.33,2025-03-08 16:13,55.0
SNS-1003-C,AST-1003,Current,62.23,2025-03-09 17:56,55.0
SNS-1003-C,AST-1003,Current,55.78,2025-03-10 11:26,55.0
SNS-1003-C,AST-1003,Current,68.8,2025-03-11 11:04,55.0
SNS-1003-C,AST-1003,Current,56.02,2025-03-12 13:42,55.0
SNS-1003-C,AST-1003,Current,63.85,2025-03-13 00:22,55.0
SNS-1003-C,AST-1003,Current,54.27,2025-03-14 22:12,55.0
SNS-1003-C,AST-1003,Current,61.32,2025-03-15 18:52,55.0
SNS-1003-C,AST-1003,Current,58.55,2025-03-16 14:18,55.0
SNS-1003-C,AST-1003,Current,62.0,2025-03-17 07:12,55.0
SNS-1003-C,AST-1003,Current,57.26,2025-03-18 17:23,55.0
SNS-1003-C,AST-1003,Current,60.41,2025-03-19 17:36,55.0
SNS-1003-C,AST-1003,Current,56.9,2025-03-20 11:57,55.0
SNS-1003-C,AST-1003,Current,57.65,2025-03-21 04:37,55.0
SNS-1003-C,AST-1003,Current,61.99,2025-03-22 22:53,55.0
SNS-1003-C,AST-1003,Current,57.16,2025-03-23 03:19,55.0
SNS-1003-C,AST-1003,Current,61.11,2025-03-24 10:18,55.0
SNS-1003-C,AST-1003,Current,61.14,2025-03-25 03:02,55.0
SNS-1003-C,AST-1003,Current,59.29,2025-03-26 03:43,55.0
SNS-1003-C,AST-1003,Current,56.39,2025-03-27 07:33,55.0
SNS-1003-C,AST-1003,Current,53.17,2025-03-28 21:24,55.0
SNS-1003-C,AST-1003,Current,56.79,2025-03-29 07:50,55.0
SNS-1003-C,AST-1003,Current,55.89,2025-03-30 12:24,55.0
SNS-1003-C,AST-1003,Current,59.89,2025-03-31 02:56,55.0
SNS-1003-C,AST-1003,Current,56.99,2025-04-01 12:09,55.0
SNS-1003-C,AST-1003,Current,61.0,2025-04-02 14:16,55.0
SNS-1003-C,AST-1003,Current,56.31,2025-04-03 13:06,55.0
SNS-1003-C,AST-1003,Current,58.13,2025-04-04 09:40,55.0
SNS-1003-C,AST-1003,Current,62.27,2025-04-05 15:44,55.0
SNS-1003-C,AST-1003,Current,52.42,2025-04-06 22:49,55.0
SNS-1003-C,AST-1003,Current,63.53,2025-04-07 00:42,55.0
SNS-1003-C,AST-1003,Current,60.36,2025-04-08 03:37,55.0
SNS-1003-C,AST-1003,Current,57.21,2025-04-09 13:54,55.0
SNS-1003-C,AST-1003,Current,58.29,2025-04-10 21:45,55.0
SNS-1003-C,AST-1003,Current,58.69,2025-04-11 01:19,55.0
SNS-1003-C,AST-1003,Current,60.2,2025-04-12 03:24,55.0
SNS-1003-C,AST-1003,Current,53.98,2025-04-13 13:40,55.0
SNS-1003-C,AST-1003,Current,60.36,2025-04-14 16:55,55.0
SNS-1003-C,AST-1003,Current,56.94,2025-04-15 13:23,55.0
SNS-1003-C,AST-1003,Current,56.53,2025-04-16 03:38,55.0
SNS-1003-C,AST-1003,Current,54.48,2025-04-17 20:45,55.0
SNS-1003-C,AST-1003,Current,63.12,2025-04-18 20:03,55.0
SNS-1003-C,AST-1003,Current,57.2,2025-04-19 00:08,55.0
SNS-1003-C,AST-1003,Current,59.69,2025-04-20 13:46,55.0
SNS-1003-C,AST-1003,Current,60.18,2025-04-21 13:50,55.0
SNS-1003-C,AST-1003,Current,59.3,2025-04-22 15:19,55.0
SNS-1003-C,AST-1003,Current,58.62,2025-04-23 21:28,55.0
SNS-1003-C,AST-1003,Current,59.67,2025-04-24 18:58,55.0
SNS-1003-C,AST-1003,Current,60.93,2025-04-25 17:41,55.0
SNS-1003-C,AST-1003,Current,61.43,2025-04-26 16:22,55.0
SNS-1003-C,AST-1003,Current,53.8,2025-04-27 10:53,55.0
SNS-1003-C,AST-1003,Current,58.12,2025-04-28 01:47,55.0
SNS-1003-C,AST-1003,Current,57.83,2025-04-29 13:04,55.0
SNS-1003-C,AST-1003,Current,62.57,2025-04-30 21:41,55.0
SNS-1003-C,AST-1003,Current,57.08,2025-05-01 01:43,55.0
SNS-1003-C,AST-1003,Current,56.01,2025-05-02 18:49,55.0
SNS-1003-C,AST-1003,Current,65.85,2025-05-03 13:39,55.0
SNS-1003-C,AST-1003,Current,63.43,2025-05-04 02:20,55.0
SNS-1003-C,AST-1003,Current,63.9,2025-05-05 13:44,55.0
SNS-1003-C,AST-1003,Current,53.63,2025-05-06 20:31,55.0
SNS-1003-C,AST-1003,Current,61.37,2025-05-07 05:45,55.0
SNS-1003-C,AST-1003,Current,59.6,2025-05-08 07:29,55.0
SNS-1003-C,AST-1003,Current,56.97,2025-05-09 00:14,55.0
SNS-1003-C,AST-1003,Current,58.64,2025-05-10 02:06,55.0
SNS-1003-C,AST-1003,Current,70.09,2025-05-11 09:21,55.0
SNS-1003-C,AST-1003,Current,59.31,2025-05-12 08:34,55.0
SNS-1003-C,AST-1003,Current,72.58,2025-05-13 16:56,55.0
SNS-1003-C,AST-1003,Current,68.26,2025-05-14 03:43,55.0
SNS-1003-C,AST-1003,Current,65.93,2025-05-15 01:56,55.0
SNS-1003-C,AST-1003,Current,66.59,2025-05-16 11:09,55.0
SNS-1003-C,AST-1003,Current,60.12,2025-05-17 15:44,55.0
SNS-1003-C,AST-1003,Current,66.22,2025-05-18 17:43,55.0
SNS-1003-C,AST-1003,Current,54.24,2025-05-19 02:00,55.0
SNS-1003-C,AST-1003,Current,65.11,2025-05-20 09:14,55.0
SNS-1003-C,AST-1003,Current,57.66,2025-05-21 16:29,55.0
SNS-1003-C,AST-1003,Current,55.0,2025-05-22 05:41,55.0
SNS-1003-C,AST-1003,Current,63.25,2025-05-23 06:30,55.0
SNS-1003-C,AST-1003,Current,60.39,2025-05-24 04:14,55.0
SNS-1003-C,AST-1003,Current,64.55,2025-05-25 09:11,55.0
SNS-1003-C,AST-1003,Current,61.39,2025-05-26 17:25,55.0
SNS-1003-C,AST-1003,Current,58.03,2025-05-27 05:46,55.0
SNS-1003-C,AST-1003,Current,65.58,2025-05-28 18:12,55.0
SNS-1003-C,AST-1003,Current,62.87,2025-05-29 08:45,55.0
SNS-1003-C,AST-1003,Current,68.94,2025-05-30 09:06,55.0
SNS-1003-C,AST-1003,Current,58.84,2025-05-31 00:46,55.0
SNS-1003-C,AST-1003,Current,59.42,2025-06-01 18:36,55.0
SNS-1003-C,AST-1003,Current,61.47,2025-06-02 14:39,55.0
SNS-1003-C,AST-1003,Current,66.55,2025-06-03 18:43,55.0
SNS-1003-C,AST-1003,Current,66.54,2025-06-04 02:31,55.0
SNS-1003-C,AST-1003,Current,60.35,2025-06-05 12:55,55.0
SNS-1003-C,AST-1003,Current,62.61,2025-06-06 16:22,55.0
SNS-1003-C,AST-1003,Current,59.33,2025-06-07 13:23,55.0
SNS-1003-C,AST-1003,Current,57.75,2025-06-08 16:09,55.0
SNS-1003-C,AST-1003,Current,62.86,2025-06-09 03:36,55.0
SNS-1003-C,AST-1003,Current,53.84,2025-06-10 16:22,55.0
SNS-1003-C,AST-1003,Current,61.66,2025-06-11 17:13,55.0
SNS-1003-C,AST-1003,Current,63.24,2025-06-12 01:35,55.0
SNS-1003-C,AST-1003,Current,67.97,2025-06-13 01:41,55.0
SNS-1003-C,AST-1003,Current,53.53,2025-06-14 13:33,55.0
SNS-1003-C,AST-1003,Current,63.24,2025-06-15 21:22,55.0
SNS-1003-C,AST-1003,Current,65.74,2025-06-16 16:23,55.0
SNS-1003-C,AST-1003,Current,55.06,2025-06-17 13:45,55.0
SNS-1003-C,AST-1003,Current,51.62,2025-06-18 09:14,55.0
SNS-1003-C,AST-1003,Current,63.22,2025-06-19 05:15,55.0
SNS-1003-C,AST-1003,Current,60.84,2025-06-20 10:46,55.0
SNS-1003-C,AST-1003,Current,58.02,2025-06-21 21:08,55.0
SNS-1003-C,AST-1003,Current,59.66,2025-06-22 05:44,55.0
SNS-1003-C,AST-1003,Current,63.95,2025-06-23 14:12,55.0
SNS-1003-C,AST-1003,Current,66.01,2025-06-24 14:24,55.0
SNS-1003-C,AST-1003,Current,67.15,2025-06-25 15:06,55.0
SNS-1003-C,AST-1003,Current,59.34,2025-06-26 13:21,55.0
SNS-1003-C,AST-1003,Current,64.2,2025-06-27 05:02,55.0
SNS-1003-C,AST-1003,Current,61.11,2025-06-28 11:39,55.0
SNS-1003-C,AST-1003,Current,62.31,2025-06-29 11:23,55.0
SNS-1003-C,AST-1003,Current,63.47,2025-06-30 17:19,55.0
SNS-1003-C,AST-1003,Current,61.23,2025-07-01 06:20,55.0
SNS-1003-C,AST-1003,Current,56.11,2025-07-02 01:19,55.0
SNS-1003-C,AST-1003,Current,58.12,2025-07-03 17:08,55.0
SNS-1003-C,AST-1003,Current,56.66,2025-07-04 17:28,55.0
SNS-1003-C,AST-1003,Current,59.37,2025-07-05 01:13,55.0
SNS-1003-C,AST-1003,Current,58.11,2025-07-06 13:51,55.0
SNS-1003-C,AST-1003,Current,50.38,2025-07-07 04:42,55.0
SNS-1003-C,AST-1003,Current,69.63,2025-07-08 14:22,55.0
SNS-1003-C,AST-1003,Current,62.71,2025-07-09 15:34,55.0
SNS-1003-C,AST-1003,Current,62.58,2025-07-10 14:36,55.0
SNS-1003-C,AST-1003,Current,61.8,2025-07-11 19:22,55.0
SNS-1003-C,AST-1003,Current,57.16,2025-07-12 02:37,55.0
SNS-1003-C,AST-1003,Current,65.56,2025-07-13 06:34,55.0
SNS-1003-C,AST-1003,Current,66.53,2025-07-14 19:19,55.0
SNS-1003-C,AST-1003,Current,57.53,2025-07-15 00:56,55.0
SNS-1003-C,AST-1003,Current,77.04,2025-07-16 06:19,55.0
SNS-1003-C,AST-1003,Current,70.67,2025-07-17 18:41,55.0
SNS-1003-C,AST-1003,Current,62.89,2025-07-18 12:13,55.0
SNS-1003-C,AST-1003,Current,67.01,2025-07-19 16:38,55.0
SNS-1003-C,AST-1003,Current,60.84,2025-07-20 20:44,55.0
SNS-1003-C,AST-1003,Current,56.09,2025-07-21 13:51,55.0
SNS-1003-C,AST-1003,Current,59.56,2025-07-22 07:51,55.0
SNS-1003-C,AST-1003,Current,55.0,2025-07-23 08:18,55.0
SNS-1003-C,AST-1003,Current,57.19,2025-07-24 20:54,55.0
SNS-1003-C,AST-1003,Current,62.02,2025-07-25 12:31,55.0
SNS-1003-C,AST-1003,Current,65.71,2025-07-26 11:44,55.0
SNS-1003-C,AST-1003,Current,53.66,2025-07-27 07:34,55.0
SNS-1003-C,AST-1003,Current,67.05,2025-07-28 15:18,55.0
SNS-1003-C,AST-1003,Current,66.33,2025-07-29 15:44,55.0
SNS-1003-C,AST-1003,Current,53.63,2025-07-30 05:00,55.0
SNS-1003-C,AST-1003,Current,57.67,2025-07-31 03:22,55.0
SNS-1003-C,AST-1003,Current,65.4,2025-08-01 14:39,55.0
SNS-1003-C,AST-1003,Current,58.65,2025-08-02 01:41,55.0
SNS-1003-C,AST-1003,Current,59.06,2025-08-03 15:22,55.0
SNS-1003-C,AST-1003,Current,58.11,2025-08-04 05:35,55.0
SNS-1003-C,AST-1003,Current,63.11,2025-08-05 16:15,55.0
SNS-1003-C,AST-1003,Current,63.36,2025-08-06 11:46,55.0
SNS-1003-C,AST-1003,Current,59.94,2025-08-07 21:18,55.0
SNS-1003-C,AST-1003,Current,59.57,2025-08-08 14:46,55.0
SNS-1003-C,AST-1003,Current,64.99,2025-08-09 17:29,55.0
SNS-1003-C,AST-1003,Current,65.53,2025-08-10 21:47,55.0
SNS-1003-C,AST-1003,Current,60.0,2025-08-11 21:34,55.0
SNS-1003-C,AST-1003,Current,63.49,2025-08-12 16:02,55.0
SNS-1003-C,AST-1003,Current,63.94,2025-08-13 09:17,55.0
SNS-1003-C,AST-1003,Current,63.17,2025-08-14 12:34,55.0
SNS-1003-C,AST-1003,Current,56.74,2025-08-15 17:58,55.0
SNS-1003-C,AST-1003,Current,65.94,2025-08-16 00:25,55.0
SNS-1003-C,AST-1003,Current,57.37,2025-08-17 04:00,55.0
SNS-1003-C,AST-1003,Current,68.2,2025-08-18 20:08,55.0
SNS-1003-C,AST-1003,Current,51.56,2025-08-19 01:38,55.0
SNS-1003-C,AST-1003,Current,59.25,2025-08-20 21:50,55.0
SNS-1003-C,AST-1003,Current,54.64,2025-08-21 11:04,55.0
SNS-1003-C,AST-1003,Current,54.73,2025-08-22 05:42,55.0
SNS-1003-C,AST-1003,Current,67.83,2025-08-23 04:00,55.0
SNS-1003-C,AST-1003,Current,64.6,2025-08-24 21:34,55.0
SNS-1003-C,AST-1003,Current,64.52,2025-08-25 12:31,55.0
SNS-1003-C,AST-1003,Current,63.6,2025-08-26 18:41,55.0
SNS-1003-C,AST-1003,Current,68.63,2025-08-27 19:36,55.0
SNS-1003-C,AST-1003,Current,67.97,2025-08-28 05:50,55.0
SNS-1003-C,AST-1003,Current,56.94,2025-08-29 14:10,55.0
SNS-1003-C,AST-1003,Current,68.94,2025-08-30 15:33,55.0
SNS-1003-C,AST-1003,Current,61.62,2025-08-31 02:43,55.0
SNS-1003-C,AST-1003,Current,62.04,2025-09-01 21:01,55.0
SNS-1003-C,AST-1003,Current,63.23,2025-09-02 10:41,55.0
SNS-1003-C,AST-1003,Current,62.75,2025-09-03 13:19,55.0
SNS-1003-C,AST-1003,Current,65.99,2025-09-04 22:32,55.0
SNS-1003-C,AST-1003,Current,67.73,2025-09-05 19:37,55.0
SNS-1003-C,AST-1003,Current,62.69,2025-09-06 16:57,55.0
SNS-1003-C,AST-1003,Current,59.48,2025-09-07 06:32,55.0
SNS-1003-C,AST-1003,Current,56.94,2025-09-08 03:00,55.0
SNS-1003-C,AST-1003,Current,65.86,2025-09-09 09:56,55.0
SNS-1003-C,AST-1003,Current,61.82,2025-09-10 19:29,55.0
SNS-1003-C,AST-1003,Current,62.38,2025-09-11 15:10,55.0
SNS-1003-C,AST-1003,Current,61.09,2025-09-12 09:35,55.0
SNS-1003-C,AST-1003,Current,65.89,2025-09-13 00:48,55.0
SNS-1003-C,AST-1003,Current,61.6,2025-09-14 20:01,55.0
SNS-1003-C,AST-1003,Current,59.37,2025-09-15 14:18,55.0
SNS-1003-C,AST-1003,Current,62.84,2025-09-16 10:45,55.0
SNS-1003-C,AST-1003,Current,55.79,2025-09-17 08:36,55.0
SNS-1003-C,AST-1003,Current,69.05,2025-09-18 09:09,55.0
SNS-1003-C,AST-1003,Current,65.44,2025-09-19 06:41,55.0
SNS-1003-C,AST-1003,Current,68.05,2025-09-20 09:32,55.0
SNS-1003-C,AST-1003,Current,62.72,2025-09-21 13:17,55.0
SNS-1003-C,AST-1003,Current,61.45,2025-09-22 21:01,55.0
SNS-1003-C,AST-1003,Current,62.03,2025-09-23 09:33,55.0
SNS-1003-C,AST-1003,Current,66.88,2025-09-24 22:46,55.0
SNS-1003-C,AST-1003,Current,63.84,2025-09-25 22:58,55.0
SNS-1003-C,AST-1003,Current,66.16,2025-09-26 20:52,55.0
SNS-1003-C,AST-1003,Current,64.79,2025-09-27 03:06,55.0
SNS-1003-C,AST-1003,Current,62.93,2025-09-28 08:42,55.0
SNS-1003-C,AST-1003,Current,61.19,2025-09-29 15:27,55.0
SNS-1003-C,AST-1003,Current,61.3,2025-09-30 16:32,55.0
SNS-1003-C,AST-1003,Current,62.64,2025-10-01 07:03,55.0
SNS-1003-C,AST-1003,Current,61.35,2025-10-02 18:08,55.0
SNS-1003-C,AST-1003,Current,67.06,2025-10-03 15:44,55.0
SNS-1003-C,AST-1003,Current,65.47,2025-10-04 11:26,55.0
SNS-1003-C,AST-1003,Current,63.23,2025-10-05 06:09,55.0
SNS-1003-C,AST-1003,Current,62.55,2025-10-06 03:52,55.0
SNS-1003-C,AST-1003,Current,64.26,2025-10-07 10:29,55.0
SNS-1003-C,AST-1003,Current,66.04,2025-10-08 20:26,55.0
SNS-1003-C,AST-1003,Current,65.25,2025-10-09 03:37,55.0
SNS-1003-C,AST-1003,Current,69.34,2025-10-10 15:14,55.0
SNS-1003-C,AST-1003,Current,70.07,2025-10-11 12:18,55.0
SNS-1003-C,AST-1003,Current,64.49,2025-10-12 13:49,55.0
SNS-1003-C,AST-1003,Current,59.87,2025-10-13 18:19,55.0
SNS-1003-C,AST-1003,Current,63.55,2025-10-14 04:54,55.0
SNS-1003-C,AST-1003,Current,70.08,2025-10-15 19:12,55.0
SNS-1003-C,AST-1003,Current,64.44,2025-10-16 18:23,55.0
SNS-1003-C,AST-1003,Current,63.2,2025-10-17 08:41,55.0
SNS-1003-C,AST-1003,Current,67.55,2025-10-18 05:44,55.0
SNS-1003-C,AST-1003,Current,62.68,2025-10-19 15:39,55.0
SNS-1003-C,AST-1003,Current,69.79,2025-10-20 04:19,55.0
SNS-1003-C,AST-1003,Current,68.36,2025-10-21 21:28,55.0
SNS-1003-C,AST-1003,Current,69.9,2025-10-22 18:01,55.0
SNS-1003-C,AST-1003,Current,62.06,2025-10-23 08:08,55.0
SNS-1003-C,AST-1003,Current,66.42,2025-10-24 04:37,55.0
SNS-1003-C,AST-1003,Current,71.46,2025-10-25 07:30,55.0
SNS-1003-C,AST-1003,Current,69.66,2025-10-26 18:57,55.0
SNS-1003-C,AST-1003,Current,66.89,2025-10-27 16:12,55.0
SNS-1003-C,AST-1003,Current,73.58,2025-10-28 08:55,55.0
SNS-1003-C,AST-1003,Current,67.02,2025-10-29 22:33,55.0
SNS-1003-C,AST-1003,Current,68.92,2025-10-30 00:04,55.0
SNS-1003-C,AST-1003,Current,69.56,2025-10-31 20:35,55.0
SNS-1003-C,AST-1003,Current,63.39,2025-11-01 13:56,55.0
SNS-1003-C,AST-1003,Current,62.04,2025-11-02 08:30,55.0
SNS-1003-C,AST-1003,Current,67.37,2025-11-03 07:44,55.0
SNS-1003-C,AST-1003,Current,72.47,2025-11-04 06:09,55.0
SNS-1003-C,AST-1003,Current,69.35,2025-11-05 17:23,55.0
SNS-1003-C,AST-1003,Current,72.03,2025-11-06 06:35,55.0
SNS-1003-C,AST-1003,Current,69.03,2025-11-07 18:24,55.0
SNS-1003-C,AST-1003,Current,67.99,2025-11-08 21:39,55.0
SNS-1003-C,AST-1003,Current,64.72,2025-11-09 20:12,55.0
SNS-1003-C,AST-1003,Current,62.64,2025-11-10 01:09,55.0
SNS-1003-C,AST-1003,Current,69.54,2025-11-11 21:26,55.0
SNS-1003-C,AST-1003,Current,71.36,2025-11-12 07:02,55.0
SNS-1003-C,AST-1003,Current,63.69,2025-11-13 20:50,55.0
SNS-1003-C,AST-1003,Current,61.92,2025-11-14 18:46,55.0
SNS-1003-C,AST-1003,Current,72.33,2025-11-15 01:29,55.0
SNS-1003-C,AST-1003,Current,63.19,2025-11-16 03:28,55.0
SNS-1003-C,AST-1003,Current,70.93,2025-11-17 00:54,55.0
SNS-1003-C,AST-1003,Current,70.73,2025-11-18 06:32,55.0
SNS-1003-C,AST-1003,Current,63.67,2025-11-19 00:50,55.0
SNS-1003-C,AST-1003,Current,68.83,2025-11-20 07:04,55.0
SNS-1003-C,AST-1003,Current,63.27,2025-11-21 17:42,55.0
SNS-1003-C,AST-1003,Current,68.49,2025-11-22 06:04,55.0
SNS-1003-C,AST-1003,Current,73.66,2025-11-23 19:12,55.0
SNS-1003-C,AST-1003,Current,70.76,2025-11-24 21:57,55.0
SNS-1003-C,AST-1003,Current,71.72,2025-11-25 02:29,55.0
SNS-1003-C,AST-1003,Current,68.6,2025-11-26 15:37,55.0
SNS-1003-C,AST-1003,Current,71.66,2025-11-27 22:24,55.0
SNS-1003-C,AST-1003,Current,71.24,2025-11-28 04:23,55.0
SNS-1003-C,AST-1003,Current,62.08,2025-11-29 16:16,55.0
SNS-1003-C,AST-1003,Current,67.94,2025-11-30 06:36,55.0
SNS-1003-C,AST-1003,Current,68.21,2025-12-01 05:20,55.0
SNS-1003-C,AST-1003,Current,73.43,2025-12-02 05:13,55.0
SNS-1003-C,AST-1003,Current,71.02,2025-12-03 19:41,55.0
SNS-1003-C,AST-1003,Current,61.87,2025-12-04 03:03,55.0
SNS-1003-C,AST-1003,Current,65.18,2025-12-05 00:10,55.0
SNS-1003-C,AST-1003,Current,68.43,2025-12-06 18:20,55.0
SNS-1003-C,AST-1003,Current,67.65,2025-12-07 17:07,55.0
SNS-1003-C,AST-1003,Current,67.09,2025-12-08 08:40,55.0
SNS-1003-C,AST-1003,Current,72.75,2025-12-09 00:30,55.0
SNS-1003-C,AST-1003,Current,71.0,2025-12-10 22:15,55.0
SNS-1003-C,AST-1003,Current,63.24,2025-12-11 13:29,55.0
SNS-1003-C,AST-1003,Current,67.16,2025-12-12 01:43,55.0
SNS-1003-C,AST-1003,Current,68.52,2025-12-13 09:07,55.0
SNS-1003-C,AST-1003,Current,67.89,2025-12-14 07:07,55.0
SNS-1003-C,AST-1003,Current,67.17,2025-12-15 17:53,55.0
SNS-1003-C,AST-1003,Current,68.81,2025-12-16 05:12,55.0
SNS-1003-C,AST-1003,Current,62.64,2025-12-17 18:11,55.0
SNS-1003-C,AST-1003,Current,75.42,2025-12-18 01:41,55.0
SNS-1003-C,AST-1003,Current,65.05,2025-12-19 20:30,55.0
SNS-1003-C,AST-1003,Current,65.65,2025-12-20 17:12,55.0
SNS-1003-C,AST-1003,Current,74.78,2025-12-21 01:49,55.0
SNS-1003-C,AST-1003,Current,61.02,2025-12-22 22:42,55.0
SNS-1003-C,AST-1003,Current,68.7,2025-12-23 16:45,55.0
SNS-1003-C,AST-1003,Current,69.61,2025-12-24 06:30,55.0
SNS-1003-C,AST-1003,Current,65.76,2025-12-25 10:39,55.0
SNS-1003-C,AST-1003,Current,69.55,2025-12-26 02:50,55.0
SNS-1003-C,AST-1003,Current,71.85,2025-12-27 00:39,55.0
SNS-1003-C,AST-1003,Current,70.83,2025-12-28 09:26,55.0
SNS-1003-C,AST-1003,Current,77.31,2025-12-29 17:39,55.0
SNS-1003-C,AST-1003,Current,68.46,2025-12-30 02:49,55.0
SNS-1003-C,AST-1003,Current,71.23,2025-12-31 10:16,55.0
SNS-1003-C,AST-1003,Current,59.48,2026-01-01 02:26,55.0
SNS-1003-C,AST-1003,Current,67.43,2026-01-02 02:52,55.0
SNS-1003-C,AST-1003,Current,66.77,2026-01-03 21:37,55.0
SNS-1003-C,AST-1003,Current,69.6,2026-01-04 12:18,55.0
SNS-1003-C,AST-1003,Current,73.58,2026-01-05 20:46,55.0
SNS-1003-C,AST-1003,Current,71.26,2026-01-06 11:51,55.0
SNS-1003-C,AST-1003,Current,68.62,2026-01-07 01:01,55.0
SNS-1003-C,AST-1003,Current,67.43,2026-01-08 11:14,55.0
SNS-1003-C,AST-1003,Current,61.21,2026-01-09 18:58,55.0
SNS-1003-C,AST-1003,Current,60.91,2026-01-10 11:43,55.0
SNS-1003-C,AST-1003,Current,67.19,2026-01-11 04:38,55.0
SNS-1003-C,AST-1003,Current,66.82,2026-01-12 19:16,55.0
SNS-1003-C,AST-1003,Current,76.84,2026-01-13 08:27,55.0
SNS-1003-C,AST-1003,Current,71.16,2026-01-14 11:19,55.0
SNS-1003-C,AST-1003,Current,64.07,2026-01-15 22:44,55.0
SNS-1003-C,AST-1003,Current,62.82,2026-01-16 14:35,55.0
SNS-1003-C,AST-1003,Current,66.79,2026-01-17 14:38,55.0
SNS-1003-C,AST-1003,Current,65.9,2026-01-18 07:18,55.0
SNS-1003-C,AST-1003,Current,65.83,2026-01-19 18:55,55.0
SNS-1003-C,AST-1003,Current,68.02,2026-01-20 08:25,55.0
SNS-1003-C,AST-1003,Current,67.41,2026-01-21 21:25,55.0
SNS-1003-C,AST-1003,Current,75.04,2026-01-22 13:50,55.0
SNS-1003-C,AST-1003,Current,69.91,2026-01-23 20:17,55.0
SNS-1003-C,AST-1003,Current,69.39,2026-01-24 14:43,55.0
SNS-1003-C,AST-1003,Current,67.56,2026-01-25 11:52,55.0
SNS-1003-C,AST-1003,Current,69.86,2026-01-26 20:43,55.0
SNS-1003-C,AST-1003,Current,70.54,2026-01-27 02:24,55.0
SNS-1003-C,AST-1003,Current,68.98,2026-01-28 14:24,55.0
SNS-1003-C,AST-1003,Current,69.79,2026-01-29 21:04,55.0
SNS-1003-C,AST-1003,Current,65.02,2026-01-30 04:32,55.0
SNS-1003-C,AST-1003,Current,69.3,2026-01-31 14:39,55.0
SNS-1003-C,AST-1003,Current,69.2,2026-02-01 09:51,55.0
SNS-1003-C,AST-1003,Current,69.72,2026-02-02 03:02,55.0
SNS-1003-C,AST-1003,Current,65.69,2026-02-03 17:56,55.0
SNS-1003-C,AST-1003,Current,62.8,2026-02-04 17:16,55.0
SNS-1003-C,AST-1003,Current,72.9,2026-02-05 12:38,55.0
SNS-1003-C,AST-1003,Current,72.27,2026-02-06 16:49,55.0
SNS-1003-C,AST-1003,Current,64.39,2026-02-07 10:39,55.0
SNS-1003-C,AST-1003,Current,69.04,2026-02-08 19:21,55.0
SNS-1003-C,AST-1003,Current,72.66,2026-02-09 00:04,55.0
SNS-1003-C,AST-1003,Current,70.24,2026-02-10 18:17,55.0
SNS-1003-C,AST-1003,Current,68.88,2026-02-11 03:43,55.0
SNS-1003-C,AST-1003,Current,68.17,2026-02-12 22:58,55.0
SNS-1003-C,AST-1003,Current,74.1,2026-02-13 17:11,55.0
SNS-1003-C,AST-1003,Current,71.62,2026-02-14 22:12,55.0
SNS-1003-C,AST-1003,Current,67.77,2026-02-15 17:41,55.0
SNS-1003-C,AST-1003,Current,64.58,2026-02-16 04:38,55.0
SNS-1003-C,AST-1003,Current,63.49,2026-02-17 19:57,55.0
SNS-1003-C,AST-1003,Current,69.12,2026-02-18 21:07,55.0
SNS-1003-C,AST-1003,Current,60.39,2026-02-19 05:00,55.0
SNS-1003-C,AST-1003,Current,68.69,2026-02-20 01:17,55.0
SNS-1003-C,AST-1003,Current,62.25,2026-02-21 03:07,55.0
SNS-1003-C,AST-1003,Current,71.48,2026-02-22 15:26,55.0
SNS-1003-C,AST-1003,Current,68.98,2026-02-23 08:19,55.0
SNS-1003-C,AST-1003,Current,64.18,2026-02-24 03:19,55.0
SNS-1003-C,AST-1003,Current,67.27,2026-02-25 21:36,55.0
SNS-1003-C,AST-1003,Current,65.34,2026-02-26 08:07,55.0
SNS-1003-C,AST-1003,Current,76.13,2026-02-27 18:15,55.0
SNS-1003-C,AST-1003,Current,62.85,2026-02-28 13:33,55.0
SNS-1003-C,AST-1003,Current,69.18,2026-03-01 14:17,55.0
SNS-1003-C,AST-1003,Current,61.89,2026-03-02 17:57,55.0
SNS-1003-C,AST-1003,Current,67.43,2026-03-03 10:01,55.0
SNS-1003-C,AST-1003,Current,70.92,2026-03-04 01:41,55.0
SNS-1003-C,AST-1003,Current,64.67,2026-03-05 14:42,55.0
SNS-1003-C,AST-1003,Current,66.79,2026-03-06 03:03,55.0
SNS-1003-C,AST-1003,Current,65.16,2026-03-07 11:54,55.0
SNS-1003-C,AST-1003,Current,69.66,2026-03-08 13:18,55.0
SNS-1003-C,AST-1003,Current,67.71,2026-03-09 12:21,55.0
SNS-1003-C,AST-1003,Current,69.09,2026-03-10 09:45,55.0
SNS-1003-C,AST-1003,Current,76.24,2026-03-11 15:22,55.0
SNS-1003-C,AST-1003,Current,67.43,2026-03-12 00:09,55.0
SNS-1003-C,AST-1003,Current,64.46,2026-03-13 05:31,55.0
SNS-1003-C,AST-1003,Current,60.98,2026-03-14 14:54,55.0
SNS-1003-C,AST-1003,Current,67.15,2026-03-15 13:03,55.0
SNS-1003-C,AST-1003,Current,71.21,2026-03-16 22:15,55.0
SNS-1003-C,AST-1003,Current,67.85,2026-03-17 15:37,55.0
SNS-1003-C,AST-1003,Current,57.44,2026-03-18 16:39,55.0
SNS-1003-C,AST-1003,Current,67.45,2026-03-19 18:47,55.0
SNS-1003-C,AST-1003,Current,70.71,2026-03-20 05:56,55.0
SNS-1003-C,AST-1003,Current,70.93,2026-03-21 11:43,55.0
SNS-1003-C,AST-1003,Current,56.02,2026-03-22 07:05,55.0
SNS-1003-C,AST-1003,Current,69.68,2026-03-23 20:46,55.0
SNS-1003-C,AST-1003,Current,71.0,2026-03-24 07:24,55.0
SNS-1003-C,AST-1003,Current,63.43,2026-03-25 14:25,55.0
SNS-1003-C,AST-1003,Current,72.77,2026-03-26 02:42,55.0
SNS-1003-C,AST-1003,Current,71.07,2026-03-27 02:34,55.0
SNS-1003-C,AST-1003,Current,64.45,2026-03-28 03:18,55.0
SNS-1003-C,AST-1003,Current,60.26,2026-03-29 08:38,55.0
SNS-1003-C,AST-1003,Current,65.18,2026-03-30 05:10,55.0
SNS-1003-C,AST-1003,Current,72.01,2026-03-31 19:30,55.0
SNS-1003-C,AST-1003,Current,57.11,2026-04-01 01:03,55.0
SNS-1003-C,AST-1003,Current,67.0,2026-04-02 20:49,55.0
SNS-1003-C,AST-1003,Current,60.22,2026-04-03 07:58,55.0
SNS-1003-C,AST-1003,Current,62.38,2026-04-04 09:36,55.0
SNS-1003-C,AST-1003,Current,71.37,2026-04-05 04:04,55.0
SNS-1003-C,AST-1003,Current,61.19,2026-04-06 16:18,55.0
SNS-1003-C,AST-1003,Current,64.9,2026-04-07 07:37,55.0
SNS-1003-C,AST-1003,Current,61.51,2026-04-08 08:19,55.0
SNS-1003-C,AST-1003,Current,70.44,2026-04-09 07:46,55.0
SNS-1003-C,AST-1003,Current,70.29,2026-04-10 08:01,55.0
SNS-1003-C,AST-1003,Current,62.68,2026-04-11 03:06,55.0
SNS-1003-C,AST-1003,Current,63.77,2026-04-12 00:17,55.0
SNS-1003-C,AST-1003,Current,71.27,2026-04-13 06:11,55.0
SNS-1003-C,AST-1003,Current,73.38,2026-04-14 17:14,55.0
SNS-1003-C,AST-1003,Current,71.71,2026-04-15 19:53,55.0
SNS-1003-C,AST-1003,Current,66.03,2026-04-16 15:30,55.0
SNS-1003-C,AST-1003,Current,68.4,2026-04-17 18:40,55.0
SNS-1003-C,AST-1003,Current,65.82,2026-04-18 04:58,55.0
SNS-1003-C,AST-1003,Current,71.73,2026-04-19 18:24,55.0
SNS-1003-C,AST-1003,Current,64.95,2026-04-20 17:06,55.0
SNS-1003-C,AST-1003,Current,72.95,2026-04-21 12:19,55.0
SNS-1003-C,AST-1003,Current,63.0,2026-04-22 19:54,55.0
SNS-1003-C,AST-1003,Current,63.59,2026-04-23 00:46,55.0
SNS-1003-C,AST-1003,Current,73.94,2026-04-24 00:40,55.0
SNS-1003-C,AST-1003,Current,68.35,2026-04-25 20:43,55.0
SNS-1003-C,AST-1003,Current,73.01,2026-04-26 04:24,55.0
SNS-1003-C,AST-1003,Current,64.25,2026-04-27 00:14,55.0
SNS-1003-C,AST-1003,Current,58.97,2026-04-28 22:35,55.0
SNS-1003-C,AST-1003,Current,62.33,2026-04-29 11:42,55.0
SNS-1003-C,AST-1003,Current,67.51,2026-04-30 11:58,55.0
SNS-1003-C,AST-1003,Current,68.7,2026-05-01 15:08,55.0
SNS-1003-C,AST-1003,Current,68.5,2026-05-02 20:32,55.0
SNS-1003-C,AST-1003,Current,70.82,2026-05-03 16:27,55.0
SNS-1003-C,AST-1003,Current,62.77,2026-05-04 22:15,55.0
SNS-1003-C,AST-1003,Current,66.96,2026-05-05 01:27,55.0
SNS-1003-C,AST-1003,Current,67.95,2026-05-06 14:34,55.0
SNS-1003-C,AST-1003,Current,65.36,2026-05-07 13:54,55.0
SNS-1003-C,AST-1003,Current,66.48,2026-05-08 00:22,55.0
SNS-1003-C,AST-1003,Current,69.62,2026-05-09 21:30,55.0
SNS-1003-C,AST-1003,Current,65.48,2026-05-10 18:14,55.0
SNS-1003-C,AST-1003,Current,71.88,2026-05-11 03:50,55.0
SNS-1003-C,AST-1003,Current,70.67,2026-05-12 07:09,55.0
SNS-1003-C,AST-1003,Current,73.93,2026-05-13 06:26,55.0
SNS-1003-C,AST-1003,Current,70.61,2026-05-14 12:35,55.0
SNS-1003-C,AST-1003,Current,69.81,2026-05-15 02:11,55.0
SNS-1003-C,AST-1003,Current,64.68,2026-05-16 11:22,55.0
SNS-1003-C,AST-1003,Current,69.07,2026-05-17 09:17,55.0
SNS-1003-C,AST-1003,Current,72.46,2026-05-18 21:34,55.0
SNS-1003-C,AST-1003,Current,64.56,2026-05-19 17:35,55.0
SNS-1003-C,AST-1003,Current,68.56,2026-05-20 11:23,55.0
SNS-1003-C,AST-1003,Current,66.17,2026-05-21 05:11,55.0
SNS-1003-C,AST-1003,Current,69.26,2026-05-22 20:08,55.0
SNS-1003-C,AST-1003,Current,69.75,2026-05-23 04:38,55.0
SNS-1003-C,AST-1003,Current,70.25,2026-05-24 02:25,55.0
SNS-1003-C,AST-1003,Current,68.16,2026-05-25 22:57,55.0
SNS-1003-C,AST-1003,Current,66.34,2026-05-26 20:10,55.0
SNS-1003-C,AST-1003,Current,76.27,2026-05-27 09:09,55.0
SNS-1003-C,AST-1003,Current,75.18,2026-05-28 06:16,55.0
SNS-1003-C,AST-1003,Current,64.48,2026-05-29 08:48,55.0
SNS-1003-C,AST-1003,Current,65.24,2026-05-30 16:57,55.0
SNS-1003-C,AST-1003,Current,75.92,2026-05-31 00:49,55.0
SNS-1003-C,AST-1003,Current,70.71,2026-06-01 09:24,55.0
SNS-1003-C,AST-1003,Current,66.22,2026-06-02 11:01,55.0
SNS-1003-C,AST-1003,Current,70.99,2026-06-03 17:43,55.0
SNS-1003-C,AST-1003,Current,66.47,2026-06-04 01:52,55.0
SNS-1003-C,AST-1003,Current,70.68,2026-06-05 13:32,55.0
SNS-1003-C,AST-1003,Current,74.41,2026-06-06 13:47,55.0
SNS-1003-C,AST-1003,Current,72.89,2026-06-07 11:41,55.0
SNS-1003-C,AST-1003,Current,66.39,2026-06-08 13:56,55.0
SNS-1003-C,AST-1003,Current,73.09,2026-06-09 19:07,55.0
SNS-1003-C,AST-1003,Current,71.71,2026-06-10 02:28,55.0
SNS-1003-C,AST-1003,Current,75.75,2026-06-11 14:12,55.0
SNS-1003-C,AST-1003,Current,67.22,2026-06-12 12:42,55.0
SNS-1003-C,AST-1003,Current,76.64,2026-06-13 11:31,55.0
SNS-1003-C,AST-1003,Current,71.28,2026-06-14 09:42,55.0
SNS-1003-C,AST-1003,Current,73.86,2026-06-15 20:19,55.0
SNS-1003-C,AST-1003,Current,65.76,2026-06-16 21:38,55.0
SNS-1003-C,AST-1003,Current,69.49,2026-06-17 15:18,55.0
SNS-1003-C,AST-1003,Current,77.16,2026-06-18 14:13,55.0
SNS-1003-C,AST-1003,Current,68.46,2026-06-19 16:50,55.0
SNS-1003-C,AST-1003,Current,74.63,2026-06-20 18:53,55.0
SNS-1003-C,AST-1003,Current,76.23,2026-06-21 18:13,55.0
SNS-1003-C,AST-1003,Current,73.15,2026-06-22 07:10,55.0
SNS-1003-C,AST-1003,Current,70.69,2026-06-23 12:53,55.0
SNS-1003-C,AST-1003,Current,70.62,2026-06-24 05:43,55.0
SNS-1003-C,AST-1003,Current,79.13,2026-06-25 03:47,55.0
SNS-1003-C,AST-1003,Current,66.73,2026-06-26 22:30,55.0
SNS-1003-C,AST-1003,Current,75.87,2026-06-27 15:43,55.0
SNS-1003-C,AST-1003,Current,69.89,2026-06-28 03:36,55.0
SNS-1003-C,AST-1003,Current,69.11,2026-06-29 20:21,55.0
SNS-1003-C,AST-1003,Current,76.2,2026-06-30 20:52,55.0
SNS-1003-C,AST-1003,Current,73.53,2026-07-01 12:15,55.0
SNS-1003-C,AST-1003,Current,72.86,2026-07-02 10:48,55.0
SNS-1003-C,AST-1003,Current,72.07,2026-07-03 04:44,55.0
SNS-1003-C,AST-1003,Current,72.97,2026-07-04 03:15,55.0
SNS-1003-C,AST-1003,Current,71.47,2026-07-05 15:30,55.0
SNS-1003-C,AST-1003,Current,73.17,2026-07-06 07:10,55.0
SNS-1003-C,AST-1003,Current,65.5,2026-07-07 20:40,55.0
SNS-1003-C,AST-1003,Current,73.76,2026-07-08 07:42,55.0
SNS-1003-C,AST-1003,Current,76.95,2026-07-09 12:50,55.0
SNS-1003-C,AST-1003,Current,81.04,2026-07-10 02:33,55.0
SNS-1003-C,AST-1003,Current,70.31,2026-07-11 20:26,55.0
SNS-1003-C,AST-1003,Current,72.97,2026-07-12 03:01,55.0
SNS-1003-C,AST-1003,Current,74.46,2026-07-13 22:29,55.0
SNS-1003-C,AST-1003,Current,77.59,2026-07-14 14:00,55.0
SNS-1003-C,AST-1003,Current,81.72,2026-07-15 16:22,55.0
SNS-1003-C,AST-1003,Current,78.16,2026-07-16 03:53,55.0
SNS-1003-C,AST-1003,Current,74.43,2026-07-17 19:04,55.0
SNS-1003-C,AST-1003,Current,76.92,2026-07-18 06:28,55.0
SNS-1003-C,AST-1003,Current,74.55,2026-07-19 15:03,55.0
SNS-1003-C,AST-1003,Current,65.62,2026-07-20 04:43,55.0
SNS-1003-C,AST-1003,Current,75.39,2026-07-21 13:19,55.0
SNS-1003-C,AST-1003,Current,75.18,2026-07-22 08:36,55.0
SNS-1003-C,AST-1003,Current,83.18,2026-07-23 02:57,55.0
SNS-1003-C,AST-1003,Current,74.04,2026-07-24 17:15,55.0
SNS-1003-C,AST-1003,Current,72.41,2026-07-25 17:50,55.0
SNS-1004-T,AST-1004,Temperature,30.34,2024-07-25 21:30,30.0
SNS-1004-T,AST-1004,Temperature,28.94,2024-07-26 17:51,30.0
SNS-1004-T,AST-1004,Temperature,31.48,2024-07-27 00:09,30.0
SNS-1004-T,AST-1004,Temperature,29.72,2024-07-28 00:17,30.0
SNS-1004-T,AST-1004,Temperature,30.65,2024-07-29 22:18,30.0
SNS-1004-T,AST-1004,Temperature,30.49,2024-07-30 07:04,30.0
SNS-1004-T,AST-1004,Temperature,29.77,2024-07-31 15:54,30.0
SNS-1004-T,AST-1004,Temperature,31.33,2024-08-01 20:58,30.0
SNS-1004-T,AST-1004,Temperature,28.75,2024-08-02 14:19,30.0
SNS-1004-T,AST-1004,Temperature,30.69,2024-08-03 07:10,30.0
SNS-1004-T,AST-1004,Temperature,30.83,2024-08-04 05:21,30.0
SNS-1004-T,AST-1004,Temperature,30.11,2024-08-05 20:52,30.0
SNS-1004-T,AST-1004,Temperature,30.81,2024-08-06 02:15,30.0
SNS-1004-T,AST-1004,Temperature,31.76,2024-08-07 14:51,30.0
SNS-1004-T,AST-1004,Temperature,29.88,2024-08-08 22:52,30.0
SNS-1004-T,AST-1004,Temperature,31.96,2024-08-09 06:50,30.0
SNS-1004-T,AST-1004,Temperature,28.87,2024-08-10 21:27,30.0
SNS-1004-T,AST-1004,Temperature,29.3,2024-08-11 06:01,30.0
SNS-1004-T,AST-1004,Temperature,30.81,2024-08-12 10:35,30.0
SNS-1004-T,AST-1004,Temperature,29.85,2024-08-13 11:00,30.0
SNS-1004-T,AST-1004,Temperature,30.09,2024-08-14 20:12,30.0
SNS-1004-T,AST-1004,Temperature,30.58,2024-08-15 22:24,30.0
SNS-1004-T,AST-1004,Temperature,30.58,2024-08-16 13:58,30.0
SNS-1004-T,AST-1004,Temperature,29.96,2024-08-17 02:27,30.0
SNS-1004-T,AST-1004,Temperature,30.79,2024-08-18 07:28,30.0
SNS-1004-T,AST-1004,Temperature,30.27,2024-08-19 07:57,30.0
SNS-1004-T,AST-1004,Temperature,31.11,2024-08-20 13:46,30.0
SNS-1004-T,AST-1004,Temperature,29.77,2024-08-21 14:18,30.0
SNS-1004-T,AST-1004,Temperature,30.83,2024-08-22 08:20,30.0
SNS-1004-T,AST-1004,Temperature,30.27,2024-08-23 08:08,30.0
SNS-1004-T,AST-1004,Temperature,31.58,2024-08-24 05:49,30.0
SNS-1004-T,AST-1004,Temperature,32.59,2024-08-25 12:37,30.0
SNS-1004-T,AST-1004,Temperature,30.84,2024-08-26 16:37,30.0
SNS-1004-T,AST-1004,Temperature,31.55,2024-08-27 09:44,30.0
SNS-1004-T,AST-1004,Temperature,31.27,2024-08-28 20:17,30.0
SNS-1004-T,AST-1004,Temperature,31.65,2024-08-29 07:13,30.0
SNS-1004-T,AST-1004,Temperature,29.97,2024-08-30 02:00,30.0
SNS-1004-T,AST-1004,Temperature,31.42,2024-08-31 16:50,30.0
SNS-1004-T,AST-1004,Temperature,31.96,2024-09-01 17:13,30.0
SNS-1004-T,AST-1004,Temperature,32.55,2024-09-02 03:34,30.0
SNS-1004-T,AST-1004,Temperature,29.86,2024-09-03 09:39,30.0
SNS-1004-T,AST-1004,Temperature,28.9,2024-09-04 04:32,30.0
SNS-1004-T,AST-1004,Temperature,31.86,2024-09-05 17:21,30.0
SNS-1004-T,AST-1004,Temperature,30.61,2024-09-06 01:26,30.0
SNS-1004-T,AST-1004,Temperature,30.22,2024-09-07 18:57,30.0
SNS-1004-T,AST-1004,Temperature,29.85,2024-09-08 18:13,30.0
SNS-1004-T,AST-1004,Temperature,29.56,2024-09-09 09:45,30.0
SNS-1004-T,AST-1004,Temperature,28.65,2024-09-10 00:40,30.0
SNS-1004-T,AST-1004,Temperature,30.56,2024-09-11 00:34,30.0
SNS-1004-T,AST-1004,Temperature,29.92,2024-09-12 08:18,30.0
SNS-1004-T,AST-1004,Temperature,31.77,2024-09-13 03:26,30.0
SNS-1004-T,AST-1004,Temperature,30.97,2024-09-14 06:26,30.0
SNS-1004-T,AST-1004,Temperature,29.93,2024-09-15 04:54,30.0
SNS-1004-T,AST-1004,Temperature,31.46,2024-09-16 00:05,30.0
SNS-1004-T,AST-1004,Temperature,31.73,2024-09-17 01:58,30.0
SNS-1004-T,AST-1004,Temperature,30.11,2024-09-18 22:56,30.0
SNS-1004-T,AST-1004,Temperature,33.2,2024-09-19 08:03,30.0
SNS-1004-T,AST-1004,Temperature,30.76,2024-09-20 11:14,30.0
SNS-1004-T,AST-1004,Temperature,31.09,2024-09-21 06:43,30.0
SNS-1004-T,AST-1004,Temperature,31.09,2024-09-22 14:05,30.0
SNS-1004-T,AST-1004,Temperature,30.19,2024-09-23 12:17,30.0
SNS-1004-T,AST-1004,Temperature,28.43,2024-09-24 04:04,30.0
SNS-1004-T,AST-1004,Temperature,30.49,2024-09-25 00:28,30.0
SNS-1004-T,AST-1004,Temperature,31.43,2024-09-26 12:20,30.0
SNS-1004-T,AST-1004,Temperature,29.49,2024-09-27 16:16,30.0
SNS-1004-T,AST-1004,Temperature,29.36,2024-09-28 22:13,30.0
SNS-1004-T,AST-1004,Temperature,30.6,2024-09-29 05:55,30.0
SNS-1004-T,AST-1004,Temperature,29.53,2024-09-30 13:34,30.0
SNS-1004-T,AST-1004,Temperature,29.29,2024-10-01 07:25,30.0
SNS-1004-T,AST-1004,Temperature,32.31,2024-10-02 16:54,30.0
SNS-1004-T,AST-1004,Temperature,31.54,2024-10-03 01:27,30.0
SNS-1004-T,AST-1004,Temperature,28.72,2024-10-04 10:00,30.0
SNS-1004-T,AST-1004,Temperature,29.87,2024-10-05 04:20,30.0
SNS-1004-T,AST-1004,Temperature,31.03,2024-10-06 10:51,30.0
SNS-1004-T,AST-1004,Temperature,30.29,2024-10-07 13:08,30.0
SNS-1004-T,AST-1004,Temperature,30.53,2024-10-08 06:53,30.0
SNS-1004-T,AST-1004,Temperature,30.73,2024-10-09 07:18,30.0
SNS-1004-T,AST-1004,Temperature,30.29,2024-10-10 09:32,30.0
SNS-1004-T,AST-1004,Temperature,31.97,2024-10-11 08:50,30.0
SNS-1004-T,AST-1004,Temperature,30.4,2024-10-12 17:15,30.0
SNS-1004-T,AST-1004,Temperature,32.09,2024-10-13 09:08,30.0
SNS-1004-T,AST-1004,Temperature,30.72,2024-10-14 13:23,30.0
SNS-1004-T,AST-1004,Temperature,30.62,2024-10-15 13:31,30.0
SNS-1004-T,AST-1004,Temperature,29.58,2024-10-16 10:02,30.0
SNS-1004-T,AST-1004,Temperature,30.03,2024-10-17 22:54,30.0
SNS-1004-T,AST-1004,Temperature,30.93,2024-10-18 03:02,30.0
SNS-1004-T,AST-1004,Temperature,31.26,2024-10-19 18:28,30.0
SNS-1004-T,AST-1004,Temperature,29.84,2024-10-20 09:05,30.0
SNS-1004-T,AST-1004,Temperature,30.38,2024-10-21 09:29,30.0
SNS-1004-T,AST-1004,Temperature,31.24,2024-10-22 02:37,30.0
SNS-1004-T,AST-1004,Temperature,29.69,2024-10-23 01:55,30.0
SNS-1004-T,AST-1004,Temperature,29.84,2024-10-24 21:12,30.0
SNS-1004-T,AST-1004,Temperature,33.3,2024-10-25 19:03,30.0
SNS-1004-T,AST-1004,Temperature,30.36,2024-10-26 15:21,30.0
SNS-1004-T,AST-1004,Temperature,30.82,2024-10-27 18:54,30.0
SNS-1004-T,AST-1004,Temperature,30.1,2024-10-28 18:12,30.0
SNS-1004-T,AST-1004,Temperature,31.31,2024-10-29 10:16,30.0
SNS-1004-T,AST-1004,Temperature,30.41,2024-10-30 19:24,30.0
SNS-1004-T,AST-1004,Temperature,30.65,2024-10-31 05:38,30.0
SNS-1004-T,AST-1004,Temperature,29.82,2024-11-01 19:49,30.0
SNS-1004-T,AST-1004,Temperature,30.95,2024-11-02 20:08,30.0
SNS-1004-T,AST-1004,Temperature,29.44,2024-11-03 02:55,30.0
SNS-1004-T,AST-1004,Temperature,31.44,2024-11-04 04:37,30.0
SNS-1004-T,AST-1004,Temperature,29.92,2024-11-05 08:08,30.0
SNS-1004-T,AST-1004,Temperature,31.33,2024-11-06 09:27,30.0
SNS-1004-T,AST-1004,Temperature,31.02,2024-11-07 14:21,30.0
SNS-1004-T,AST-1004,Temperature,30.69,2024-11-08 02:43,30.0
SNS-1004-T,AST-1004,Temperature,29.2,2024-11-09 11:53,30.0
SNS-1004-T,AST-1004,Temperature,29.5,2024-11-10 01:55,30.0
SNS-1004-T,AST-1004,Temperature,32.22,2024-11-11 11:36,30.0
SNS-1004-T,AST-1004,Temperature,30.37,2024-11-12 21:38,30.0
SNS-1004-T,AST-1004,Temperature,29.43,2024-11-13 14:48,30.0
SNS-1004-T,AST-1004,Temperature,31.41,2024-11-14 06:11,30.0
SNS-1004-T,AST-1004,Temperature,30.79,2024-11-15 14:03,30.0
SNS-1004-T,AST-1004,Temperature,29.89,2024-11-16 05:21,30.0
SNS-1004-T,AST-1004,Temperature,30.68,2024-11-17 00:55,30.0
SNS-1004-T,AST-1004,Temperature,30.55,2024-11-18 19:56,30.0
SNS-1004-T,AST-1004,Temperature,32.53,2024-11-19 09:28,30.0
SNS-1004-T,AST-1004,Temperature,33.11,2024-11-20 08:48,30.0
SNS-1004-T,AST-1004,Temperature,31.2,2024-11-21 01:01,30.0
SNS-1004-T,AST-1004,Temperature,29.82,2024-11-22 15:19,30.0
SNS-1004-T,AST-1004,Temperature,31.83,2024-11-23 02:34,30.0
SNS-1004-T,AST-1004,Temperature,31.84,2024-11-24 04:19,30.0
SNS-1004-T,AST-1004,Temperature,30.89,2024-11-25 15:21,30.0
SNS-1004-T,AST-1004,Temperature,28.48,2024-11-26 13:40,30.0
SNS-1004-T,AST-1004,Temperature,30.68,2024-11-27 03:12,30.0
SNS-1004-T,AST-1004,Temperature,29.9,2024-11-28 20:01,30.0
SNS-1004-T,AST-1004,Temperature,31.11,2024-11-29 20:34,30.0
SNS-1004-T,AST-1004,Temperature,32.43,2024-11-30 10:42,30.0
SNS-1004-T,AST-1004,Temperature,30.43,2024-12-01 15:04,30.0
SNS-1004-T,AST-1004,Temperature,31.03,2024-12-02 04:40,30.0
SNS-1004-T,AST-1004,Temperature,30.89,2024-12-03 00:04,30.0
SNS-1004-T,AST-1004,Temperature,30.63,2024-12-04 15:47,30.0
SNS-1004-T,AST-1004,Temperature,31.24,2024-12-05 06:00,30.0
SNS-1004-T,AST-1004,Temperature,30.08,2024-12-06 12:57,30.0
SNS-1004-T,AST-1004,Temperature,30.1,2024-12-07 00:32,30.0
SNS-1004-T,AST-1004,Temperature,30.75,2024-12-08 14:31,30.0
SNS-1004-T,AST-1004,Temperature,29.81,2024-12-09 22:25,30.0
SNS-1004-T,AST-1004,Temperature,30.01,2024-12-10 01:22,30.0
SNS-1004-T,AST-1004,Temperature,32.03,2024-12-11 11:45,30.0
SNS-1004-T,AST-1004,Temperature,30.99,2024-12-12 02:20,30.0
SNS-1004-T,AST-1004,Temperature,29.03,2024-12-13 20:24,30.0
SNS-1004-T,AST-1004,Temperature,32.62,2024-12-14 01:52,30.0
SNS-1004-T,AST-1004,Temperature,31.1,2024-12-15 22:04,30.0
SNS-1004-T,AST-1004,Temperature,28.67,2024-12-16 14:36,30.0
SNS-1004-T,AST-1004,Temperature,31.36,2024-12-17 05:21,30.0
SNS-1004-T,AST-1004,Temperature,31.41,2024-12-18 21:24,30.0
SNS-1004-T,AST-1004,Temperature,31.05,2024-12-19 05:42,30.0
SNS-1004-T,AST-1004,Temperature,29.19,2024-12-20 14:25,30.0
SNS-1004-T,AST-1004,Temperature,30.8,2024-12-21 07:51,30.0
SNS-1004-T,AST-1004,Temperature,30.28,2024-12-22 02:16,30.0
SNS-1004-T,AST-1004,Temperature,28.69,2024-12-23 03:15,30.0
SNS-1004-T,AST-1004,Temperature,31.78,2024-12-24 04:24,30.0
SNS-1004-T,AST-1004,Temperature,30.81,2024-12-25 10:23,30.0
SNS-1004-T,AST-1004,Temperature,30.46,2024-12-26 20:53,30.0
SNS-1004-T,AST-1004,Temperature,28.91,2024-12-27 07:42,30.0
SNS-1004-T,AST-1004,Temperature,29.44,2024-12-28 15:54,30.0
SNS-1004-T,AST-1004,Temperature,31.32,2024-12-29 02:06,30.0
SNS-1004-T,AST-1004,Temperature,29.18,2024-12-30 04:33,30.0
SNS-1004-T,AST-1004,Temperature,29.88,2024-12-31 19:42,30.0
SNS-1004-T,AST-1004,Temperature,30.69,2025-01-01 00:43,30.0
SNS-1004-T,AST-1004,Temperature,29.99,2025-01-02 01:41,30.0
SNS-1004-T,AST-1004,Temperature,31.13,2025-01-03 13:35,30.0
SNS-1004-T,AST-1004,Temperature,29.83,2025-01-04 12:34,30.0
SNS-1004-T,AST-1004,Temperature,30.08,2025-01-05 20:03,30.0
SNS-1004-T,AST-1004,Temperature,30.03,2025-01-06 15:57,30.0
SNS-1004-T,AST-1004,Temperature,30.69,2025-01-07 09:31,30.0
SNS-1004-T,AST-1004,Temperature,31.29,2025-01-08 08:32,30.0
SNS-1004-T,AST-1004,Temperature,30.68,2025-01-09 16:15,30.0
SNS-1004-T,AST-1004,Temperature,31.21,2025-01-10 03:52,30.0
SNS-1004-T,AST-1004,Temperature,30.13,2025-01-11 15:17,30.0
SNS-1004-T,AST-1004,Temperature,31.59,2025-01-12 03:22,30.0
SNS-1004-T,AST-1004,Temperature,29.98,2025-01-13 16:08,30.0
SNS-1004-T,AST-1004,Temperature,30.86,2025-01-14 07:32,30.0
SNS-1004-T,AST-1004,Temperature,29.86,2025-01-15 00:35,30.0
SNS-1004-T,AST-1004,Temperature,30.85,2025-01-16 21:58,30.0
SNS-1004-T,AST-1004,Temperature,30.56,2025-01-17 19:39,30.0
SNS-1004-T,AST-1004,Temperature,29.77,2025-01-18 21:39,30.0
SNS-1004-T,AST-1004,Temperature,29.75,2025-01-19 07:27,30.0
SNS-1004-T,AST-1004,Temperature,30.56,2025-01-20 04:19,30.0
SNS-1004-T,AST-1004,Temperature,30.64,2025-01-21 19:11,30.0
SNS-1004-T,AST-1004,Temperature,32.63,2025-01-22 05:56,30.0
SNS-1004-T,AST-1004,Temperature,31.26,2025-01-23 16:10,30.0
SNS-1004-T,AST-1004,Temperature,29.62,2025-01-24 11:08,30.0
SNS-1004-T,AST-1004,Temperature,30.7,2025-01-25 21:07,30.0
SNS-1004-T,AST-1004,Temperature,31.09,2025-01-26 04:10,30.0
SNS-1004-T,AST-1004,Temperature,31.42,2025-01-27 12:51,30.0
SNS-1004-T,AST-1004,Temperature,31.19,2025-01-28 15:13,30.0
SNS-1004-T,AST-1004,Temperature,30.56,2025-01-29 16:46,30.0
SNS-1004-T,AST-1004,Temperature,31.31,2025-01-30 19:01,30.0
SNS-1004-T,AST-1004,Temperature,29.52,2025-01-31 17:36,30.0
SNS-1004-T,AST-1004,Temperature,32.12,2025-02-01 15:38,30.0
SNS-1004-T,AST-1004,Temperature,31.12,2025-02-02 19:15,30.0
SNS-1004-T,AST-1004,Temperature,31.34,2025-02-03 11:04,30.0
SNS-1004-T,AST-1004,Temperature,31.84,2025-02-04 20:07,30.0
SNS-1004-T,AST-1004,Temperature,28.24,2025-02-05 05:26,30.0
SNS-1004-T,AST-1004,Temperature,30.8,2025-02-06 08:20,30.0
SNS-1004-T,AST-1004,Temperature,29.08,2025-02-07 00:29,30.0
SNS-1004-T,AST-1004,Temperature,29.86,2025-02-08 12:35,30.0
SNS-1004-T,AST-1004,Temperature,30.27,2025-02-09 21:37,30.0
SNS-1004-T,AST-1004,Temperature,29.9,2025-02-10 22:00,30.0
SNS-1004-T,AST-1004,Temperature,30.5,2025-02-11 07:33,30.0
SNS-1004-T,AST-1004,Temperature,30.27,2025-02-12 20:44,30.0
SNS-1004-T,AST-1004,Temperature,31.04,2025-02-13 05:04,30.0
SNS-1004-T,AST-1004,Temperature,29.47,2025-02-14 20:08,30.0
SNS-1004-T,AST-1004,Temperature,29.92,2025-02-15 09:26,30.0
SNS-1004-T,AST-1004,Temperature,29.24,2025-02-16 13:56,30.0
SNS-1004-T,AST-1004,Temperature,30.4,2025-02-17 08:27,30.0
SNS-1004-T,AST-1004,Temperature,27.9,2025-02-18 19:24,30.0
SNS-1004-T,AST-1004,Temperature,30.33,2025-02-19 10:37,30.0
SNS-1004-T,AST-1004,Temperature,29.91,2025-02-20 13:03,30.0
SNS-1004-T,AST-1004,Temperature,30.19,2025-02-21 01:44,30.0
SNS-1004-T,AST-1004,Temperature,30.23,2025-02-22 13:15,30.0
SNS-1004-T,AST-1004,Temperature,29.32,2025-02-23 10:44,30.0
SNS-1004-T,AST-1004,Temperature,28.98,2025-02-24 14:27,30.0
SNS-1004-T,AST-1004,Temperature,28.98,2025-02-25 15:43,30.0
SNS-1004-T,AST-1004,Temperature,29.41,2025-02-26 14:12,30.0
SNS-1004-T,AST-1004,Temperature,30.34,2025-02-27 10:53,30.0
SNS-1004-T,AST-1004,Temperature,27.89,2025-02-28 15:30,30.0
SNS-1004-T,AST-1004,Temperature,28.84,2025-03-01 09:51,30.0
SNS-1004-T,AST-1004,Temperature,29.12,2025-03-02 18:12,30.0
SNS-1004-T,AST-1004,Temperature,27.9,2025-03-03 20:14,30.0
SNS-1004-T,AST-1004,Temperature,29.24,2025-03-04 12:16,30.0
SNS-1004-T,AST-1004,Temperature,30.21,2025-03-05 15:32,30.0
SNS-1004-T,AST-1004,Temperature,30.21,2025-03-06 19:50,30.0
SNS-1004-T,AST-1004,Temperature,29.64,2025-03-07 19:10,30.0
SNS-1004-T,AST-1004,Temperature,29.21,2025-03-08 08:48,30.0
SNS-1004-T,AST-1004,Temperature,27.71,2025-03-09 07:46,30.0
SNS-1004-T,AST-1004,Temperature,29.86,2025-03-10 07:28,30.0
SNS-1004-T,AST-1004,Temperature,30.27,2025-03-11 13:09,30.0
SNS-1004-T,AST-1004,Temperature,29.41,2025-03-12 12:27,30.0
SNS-1004-T,AST-1004,Temperature,28.17,2025-03-13 21:18,30.0
SNS-1004-T,AST-1004,Temperature,29.18,2025-03-14 15:58,30.0
SNS-1004-T,AST-1004,Temperature,28.9,2025-03-15 06:40,30.0
SNS-1004-T,AST-1004,Temperature,28.0,2025-03-16 07:07,30.0
SNS-1004-T,AST-1004,Temperature,28.71,2025-03-17 08:02,30.0
SNS-1004-T,AST-1004,Temperature,28.17,2025-03-18 19:10,30.0
SNS-1004-T,AST-1004,Temperature,29.6,2025-03-19 12:55,30.0
SNS-1004-T,AST-1004,Temperature,28.52,2025-03-20 15:24,30.0
SNS-1004-T,AST-1004,Temperature,30.02,2025-03-21 20:26,30.0
SNS-1004-T,AST-1004,Temperature,27.88,2025-03-22 05:02,30.0
SNS-1004-T,AST-1004,Temperature,29.18,2025-03-23 18:07,30.0
SNS-1004-T,AST-1004,Temperature,30.38,2025-03-24 02:26,30.0
SNS-1004-T,AST-1004,Temperature,29.69,2025-03-25 15:30,30.0
SNS-1004-T,AST-1004,Temperature,29.03,2025-03-26 05:49,30.0
SNS-1004-T,AST-1004,Temperature,28.81,2025-03-27 02:54,30.0
SNS-1004-T,AST-1004,Temperature,28.28,2025-03-28 07:31,30.0
SNS-1004-T,AST-1004,Temperature,30.52,2025-03-29 07:05,30.0
SNS-1004-T,AST-1004,Temperature,29.28,2025-03-30 10:17,30.0
SNS-1004-T,AST-1004,Temperature,31.22,2025-03-31 04:21,30.0
SNS-1004-T,AST-1004,Temperature,29.35,2025-04-01 09:14,30.0
SNS-1004-T,AST-1004,Temperature,28.23,2025-04-02 22:45,30.0
SNS-1004-T,AST-1004,Temperature,27.37,2025-04-03 19:39,30.0
SNS-1004-T,AST-1004,Temperature,29.22,2025-04-04 01:16,30.0
SNS-1004-T,AST-1004,Temperature,30.97,2025-04-05 14:27,30.0
SNS-1004-T,AST-1004,Temperature,31.15,2025-04-06 05:10,30.0
SNS-1004-T,AST-1004,Temperature,30.39,2025-04-07 11:43,30.0
SNS-1004-T,AST-1004,Temperature,30.41,2025-04-08 08:40,30.0
SNS-1004-T,AST-1004,Temperature,29.06,2025-04-09 17:09,30.0
SNS-1004-T,AST-1004,Temperature,28.88,2025-04-10 10:01,30.0
SNS-1004-T,AST-1004,Temperature,31.36,2025-04-11 18:38,30.0
SNS-1004-T,AST-1004,Temperature,23.51,2025-04-12 01:01,30.0
SNS-1004-T,AST-1004,Temperature,29.74,2025-04-13 06:29,30.0
SNS-1004-T,AST-1004,Temperature,29.58,2025-04-14 00:33,30.0
SNS-1004-T,AST-1004,Temperature,31.09,2025-04-15 17:15,30.0
SNS-1004-T,AST-1004,Temperature,30.74,2025-04-16 06:15,30.0
SNS-1004-T,AST-1004,Temperature,30.96,2025-04-17 00:10,30.0
SNS-1004-T,AST-1004,Temperature,30.79,2025-04-18 15:32,30.0
SNS-1004-T,AST-1004,Temperature,30.02,2025-04-19 14:48,30.0
SNS-1004-T,AST-1004,Temperature,28.65,2025-04-20 14:07,30.0
SNS-1004-T,AST-1004,Temperature,31.38,2025-04-21 06:21,30.0
SNS-1004-T,AST-1004,Temperature,27.35,2025-04-22 05:37,30.0
SNS-1004-T,AST-1004,Temperature,29.48,2025-04-23 05:29,30.0
SNS-1004-T,AST-1004,Temperature,30.45,2025-04-24 14:01,30.0
SNS-1004-T,AST-1004,Temperature,31.55,2025-04-25 12:01,30.0
SNS-1004-T,AST-1004,Temperature,31.77,2025-04-26 02:58,30.0
SNS-1004-T,AST-1004,Temperature,29.71,2025-04-27 08:14,30.0
SNS-1004-T,AST-1004,Temperature,30.59,2025-04-28 15:21,30.0
SNS-1004-T,AST-1004,Temperature,29.8,2025-04-29 06:41,30.0
SNS-1004-T,AST-1004,Temperature,28.48,2025-04-30 19:43,30.0
SNS-1004-T,AST-1004,Temperature,29.1,2025-05-01 20:04,30.0
SNS-1004-T,AST-1004,Temperature,30.65,2025-05-02 15:44,30.0
SNS-1004-T,AST-1004,Temperature,31.28,2025-05-03 14:34,30.0
SNS-1004-T,AST-1004,Temperature,29.79,2025-05-04 06:33,30.0
SNS-1004-T,AST-1004,Temperature,29.13,2025-05-05 22:06,30.0
SNS-1004-T,AST-1004,Temperature,28.74,2025-05-06 20:15,30.0
SNS-1004-T,AST-1004,Temperature,29.47,2025-05-07 00:22,30.0
SNS-1004-T,AST-1004,Temperature,28.65,2025-05-08 02:50,30.0
SNS-1004-T,AST-1004,Temperature,28.88,2025-05-09 16:55,30.0
SNS-1004-T,AST-1004,Temperature,29.71,2025-05-10 07:42,30.0
SNS-1004-T,AST-1004,Temperature,30.31,2025-05-11 21:14,30.0
SNS-1004-T,AST-1004,Temperature,28.53,2025-05-12 02:26,30.0
SNS-1004-T,AST-1004,Temperature,28.5,2025-05-13 01:24,30.0
SNS-1004-T,AST-1004,Temperature,28.9,2025-05-14 22:57,30.0
SNS-1004-T,AST-1004,Temperature,29.68,2025-05-15 11:16,30.0
SNS-1004-T,AST-1004,Temperature,29.58,2025-05-16 01:43,30.0
SNS-1004-T,AST-1004,Temperature,29.66,2025-05-17 13:16,30.0
SNS-1004-T,AST-1004,Temperature,30.88,2025-05-18 05:31,30.0
SNS-1004-T,AST-1004,Temperature,28.4,2025-05-19 20:02,30.0
SNS-1004-T,AST-1004,Temperature,28.41,2025-05-20 03:57,30.0
SNS-1004-T,AST-1004,Temperature,29.38,2025-05-21 21:12,30.0
SNS-1004-T,AST-1004,Temperature,29.89,2025-05-22 13:18,30.0
SNS-1004-T,AST-1004,Temperature,30.25,2025-05-23 10:24,30.0
SNS-1004-T,AST-1004,Temperature,30.86,2025-05-24 21:55,30.0
SNS-1004-T,AST-1004,Temperature,30.41,2025-05-25 00:25,30.0
SNS-1004-T,AST-1004,Temperature,28.12,2025-05-26 15:35,30.0
SNS-1004-T,AST-1004,Temperature,30.36,2025-05-27 20:40,30.0
SNS-1004-T,AST-1004,Temperature,31.14,2025-05-28 10:09,30.0
SNS-1004-T,AST-1004,Temperature,28.67,2025-05-29 07:08,30.0
SNS-1004-T,AST-1004,Temperature,31.18,2025-05-30 00:46,30.0
SNS-1004-T,AST-1004,Temperature,23.59,2025-05-31 13:34,30.0
SNS-1004-T,AST-1004,Temperature,30.25,2025-06-01 01:00,30.0
SNS-1004-T,AST-1004,Temperature,30.79,2025-06-02 21:05,30.0
SNS-1004-T,AST-1004,Temperature,28.56,2025-06-03 05:29,30.0
SNS-1004-T,AST-1004,Temperature,29.73,2025-06-04 07:15,30.0
SNS-1004-T,AST-1004,Temperature,27.22,2025-06-05 02:28,30.0
SNS-1004-T,AST-1004,Temperature,29.0,2025-06-06 16:42,30.0
SNS-1004-T,AST-1004,Temperature,31.2,2025-06-07 03:24,30.0
SNS-1004-T,AST-1004,Temperature,28.9,2025-06-08 02:01,30.0
SNS-1004-T,AST-1004,Temperature,28.86,2025-06-09 12:50,30.0
SNS-1004-T,AST-1004,Temperature,28.6,2025-06-10 06:55,30.0
SNS-1004-T,AST-1004,Temperature,31.25,2025-06-11 10:08,30.0
SNS-1004-T,AST-1004,Temperature,29.56,2025-06-12 01:18,30.0
SNS-1004-T,AST-1004,Temperature,29.93,2025-06-13 00:38,30.0
SNS-1004-T,AST-1004,Temperature,31.91,2025-06-14 03:43,30.0
SNS-1004-T,AST-1004,Temperature,30.73,2025-06-15 11:48,30.0
SNS-1004-T,AST-1004,Temperature,27.43,2025-06-16 15:52,30.0
SNS-1004-T,AST-1004,Temperature,30.6,2025-06-17 18:29,30.0
SNS-1004-T,AST-1004,Temperature,29.33,2025-06-18 20:35,30.0
SNS-1004-T,AST-1004,Temperature,31.4,2025-06-19 00:24,30.0
SNS-1004-T,AST-1004,Temperature,29.94,2025-06-20 06:22,30.0
SNS-1004-T,AST-1004,Temperature,29.51,2025-06-21 06:17,30.0
SNS-1004-T,AST-1004,Temperature,29.25,2025-06-22 05:55,30.0
SNS-1004-T,AST-1004,Temperature,28.84,2025-06-23 16:00,30.0
SNS-1004-T,AST-1004,Temperature,29.98,2025-06-24 10:30,30.0
SNS-1004-T,AST-1004,Temperature,29.95,2025-06-25 21:55,30.0
SNS-1004-T,AST-1004,Temperature,30.27,2025-06-26 06:20,30.0
SNS-1004-T,AST-1004,Temperature,30.1,2025-06-27 02:45,30.0
SNS-1004-T,AST-1004,Temperature,29.95,2025-06-28 14:54,30.0
SNS-1004-T,AST-1004,Temperature,31.88,2025-06-29 14:09,30.0
SNS-1004-T,AST-1004,Temperature,31.04,2025-06-30 00:36,30.0
SNS-1004-T,AST-1004,Temperature,28.23,2025-07-01 11:14,30.0
SNS-1004-T,AST-1004,Temperature,30.76,2025-07-02 17:44,30.0
SNS-1004-T,AST-1004,Temperature,31.83,2025-07-03 19:19,30.0
SNS-1004-T,AST-1004,Temperature,29.79,2025-07-04 12:31,30.0
SNS-1004-T,AST-1004,Temperature,28.86,2025-07-05 07:23,30.0
SNS-1004-T,AST-1004,Temperature,31.34,2025-07-06 08:11,30.0
SNS-1004-T,AST-1004,Temperature,31.24,2025-07-07 14:53,30.0
SNS-1004-T,AST-1004,Temperature,30.56,2025-07-08 16:03,30.0
SNS-1004-T,AST-1004,Temperature,30.64,2025-07-09 14:50,30.0
SNS-1004-T,AST-1004,Temperature,30.58,2025-07-10 02:48,30.0
SNS-1004-T,AST-1004,Temperature,31.06,2025-07-11 01:12,30.0
SNS-1004-T,AST-1004,Temperature,29.19,2025-07-12 17:05,30.0
SNS-1004-T,AST-1004,Temperature,30.0,2025-07-13 00:12,30.0
SNS-1004-T,AST-1004,Temperature,31.62,2025-07-14 00:53,30.0
SNS-1004-T,AST-1004,Temperature,30.64,2025-07-15 03:40,30.0
SNS-1004-T,AST-1004,Temperature,29.65,2025-07-16 13:05,30.0
SNS-1004-T,AST-1004,Temperature,30.86,2025-07-17 01:23,30.0
SNS-1004-T,AST-1004,Temperature,30.4,2025-07-18 08:58,30.0
SNS-1004-T,AST-1004,Temperature,31.3,2025-07-19 03:38,30.0
SNS-1004-T,AST-1004,Temperature,27.97,2025-07-20 00:16,30.0
SNS-1004-T,AST-1004,Temperature,31.34,2025-07-21 14:15,30.0
SNS-1004-T,AST-1004,Temperature,30.75,2025-07-22 16:07,30.0
SNS-1004-T,AST-1004,Temperature,29.01,2025-07-23 11:26,30.0
SNS-1004-T,AST-1004,Temperature,31.48,2025-07-24 01:46,30.0
SNS-1004-T,AST-1004,Temperature,30.11,2025-07-25 10:58,30.0
SNS-1004-T,AST-1004,Temperature,30.06,2025-07-26 07:53,30.0
SNS-1004-T,AST-1004,Temperature,29.17,2025-07-27 21:41,30.0
SNS-1004-T,AST-1004,Temperature,29.37,2025-07-28 16:38,30.0
SNS-1004-T,AST-1004,Temperature,29.6,2025-07-29 08:50,30.0
SNS-1004-T,AST-1004,Temperature,30.93,2025-07-30 13:01,30.0
SNS-1004-T,AST-1004,Temperature,31.04,2025-07-31 16:10,30.0
SNS-1004-T,AST-1004,Temperature,29.74,2025-08-01 14:44,30.0
SNS-1004-T,AST-1004,Temperature,32.37,2025-08-02 21:30,30.0
SNS-1004-T,AST-1004,Temperature,29.43,2025-08-03 15:32,30.0
SNS-1004-T,AST-1004,Temperature,29.88,2025-08-04 21:54,30.0
SNS-1004-T,AST-1004,Temperature,30.87,2025-08-05 01:18,30.0
SNS-1004-T,AST-1004,Temperature,29.9,2025-08-06 19:00,30.0
SNS-1004-T,AST-1004,Temperature,28.91,2025-08-07 15:38,30.0
SNS-1004-T,AST-1004,Temperature,32.82,2025-08-08 18:02,30.0
SNS-1004-T,AST-1004,Temperature,30.88,2025-08-09 19:33,30.0
SNS-1004-T,AST-1004,Temperature,30.36,2025-08-10 10:25,30.0
SNS-1004-T,AST-1004,Temperature,31.01,2025-08-11 18:38,30.0
SNS-1004-T,AST-1004,Temperature,31.05,2025-08-12 13:40,30.0
SNS-1004-T,AST-1004,Temperature,29.69,2025-08-13 10:37,30.0
SNS-1004-T,AST-1004,Temperature,29.58,2025-08-14 10:02,30.0
SNS-1004-T,AST-1004,Temperature,31.24,2025-08-15 08:04,30.0
SNS-1004-T,AST-1004,Temperature,29.28,2025-08-16 13:15,30.0
SNS-1004-T,AST-1004,Temperature,30.37,2025-08-17 06:32,30.0
SNS-1004-T,AST-1004,Temperature,30.59,2025-08-18 19:54,30.0
SNS-1004-T,AST-1004,Temperature,31.96,2025-08-19 12:49,30.0
SNS-1004-T,AST-1004,Temperature,30.91,2025-08-20 07:07,30.0
SNS-1004-T,AST-1004,Temperature,31.15,2025-08-21 06:04,30.0
SNS-1004-T,AST-1004,Temperature,29.69,2025-08-22 19:18,30.0
SNS-1004-T,AST-1004,Temperature,30.09,2025-08-23 05:23,30.0
SNS-1004-T,AST-1004,Temperature,30.84,2025-08-24 15:24,30.0
SNS-1004-T,AST-1004,Temperature,29.97,2025-08-25 09:25,30.0
SNS-1004-T,AST-1004,Temperature,31.15,2025-08-26 21:53,30.0
SNS-1004-T,AST-1004,Temperature,30.83,2025-08-27 04:18,30.0
SNS-1004-T,AST-1004,Temperature,29.55,2025-08-28 20:06,30.0
SNS-1004-T,AST-1004,Temperature,30.81,2025-08-29 17:52,30.0
SNS-1004-T,AST-1004,Temperature,29.67,2025-08-30 17:57,30.0
SNS-1004-T,AST-1004,Temperature,30.18,2025-08-31 16:24,30.0
SNS-1004-T,AST-1004,Temperature,30.49,2025-09-01 02:18,30.0
SNS-1004-T,AST-1004,Temperature,31.46,2025-09-02 00:25,30.0
SNS-1004-T,AST-1004,Temperature,31.75,2025-09-03 17:42,30.0
SNS-1004-T,AST-1004,Temperature,30.11,2025-09-04 01:49,30.0
SNS-1004-T,AST-1004,Temperature,30.08,2025-09-05 09:19,30.0
SNS-1004-T,AST-1004,Temperature,30.27,2025-09-06 20:51,30.0
SNS-1004-T,AST-1004,Temperature,31.17,2025-09-07 19:29,30.0
SNS-1004-T,AST-1004,Temperature,30.62,2025-09-08 20:28,30.0
SNS-1004-T,AST-1004,Temperature,31.96,2025-09-09 16:28,30.0
SNS-1004-T,AST-1004,Temperature,29.01,2025-09-10 11:19,30.0
SNS-1004-T,AST-1004,Temperature,29.7,2025-09-11 22:05,30.0
SNS-1004-T,AST-1004,Temperature,31.28,2025-09-12 02:09,30.0
SNS-1004-T,AST-1004,Temperature,29.63,2025-09-13 20:48,30.0
SNS-1004-T,AST-1004,Temperature,32.88,2025-09-14 14:28,30.0
SNS-1004-T,AST-1004,Temperature,32.45,2025-09-15 02:08,30.0
SNS-1004-T,AST-1004,Temperature,30.5,2025-09-16 01:14,30.0
SNS-1004-T,AST-1004,Temperature,32.16,2025-09-17 04:01,30.0
SNS-1004-T,AST-1004,Temperature,31.32,2025-09-18 15:26,30.0
SNS-1004-T,AST-1004,Temperature,29.89,2025-09-19 00:46,30.0
SNS-1004-T,AST-1004,Temperature,28.6,2025-09-20 05:30,30.0
SNS-1004-T,AST-1004,Temperature,30.68,2025-09-21 00:21,30.0
SNS-1004-T,AST-1004,Temperature,30.31,2025-09-22 21:39,30.0
SNS-1004-T,AST-1004,Temperature,29.97,2025-09-23 11:20,30.0
SNS-1004-T,AST-1004,Temperature,30.24,2025-09-24 04:30,30.0
SNS-1004-T,AST-1004,Temperature,32.16,2025-09-25 15:18,30.0
SNS-1004-T,AST-1004,Temperature,30.85,2025-09-26 05:57,30.0
SNS-1004-T,AST-1004,Temperature,30.58,2025-09-27 09:04,30.0
SNS-1004-T,AST-1004,Temperature,32.12,2025-09-28 09:54,30.0
SNS-1004-T,AST-1004,Temperature,31.71,2025-09-29 19:17,30.0
SNS-1004-T,AST-1004,Temperature,30.39,2025-09-30 18:37,30.0
SNS-1004-T,AST-1004,Temperature,31.07,2025-10-01 17:36,30.0
SNS-1004-T,AST-1004,Temperature,28.63,2025-10-02 10:56,30.0
SNS-1004-T,AST-1004,Temperature,28.95,2025-10-03 08:33,30.0
SNS-1004-T,AST-1004,Temperature,31.47,2025-10-04 20:55,30.0
SNS-1004-T,AST-1004,Temperature,31.11,2025-10-05 03:32,30.0
SNS-1004-T,AST-1004,Temperature,30.03,2025-10-06 01:03,30.0
SNS-1004-T,AST-1004,Temperature,31.51,2025-10-07 15:07,30.0
SNS-1004-T,AST-1004,Temperature,32.28,2025-10-08 05:23,30.0
SNS-1004-T,AST-1004,Temperature,31.08,2025-10-09 01:40,30.0
SNS-1004-T,AST-1004,Temperature,31.35,2025-10-10 15:15,30.0
SNS-1004-T,AST-1004,Temperature,28.67,2025-10-11 01:16,30.0
SNS-1004-T,AST-1004,Temperature,31.19,2025-10-12 04:39,30.0
SNS-1004-T,AST-1004,Temperature,30.52,2025-10-13 03:52,30.0
SNS-1004-T,AST-1004,Temperature,31.78,2025-10-14 21:47,30.0
SNS-1004-T,AST-1004,Temperature,30.92,2025-10-15 09:48,30.0
SNS-1004-T,AST-1004,Temperature,32.51,2025-10-16 15:19,30.0
SNS-1004-T,AST-1004,Temperature,31.05,2025-10-17 22:29,30.0
SNS-1004-T,AST-1004,Temperature,33.24,2025-10-18 14:42,30.0
SNS-1004-T,AST-1004,Temperature,31.23,2025-10-19 02:09,30.0
SNS-1004-T,AST-1004,Temperature,31.79,2025-10-20 18:18,30.0
SNS-1004-T,AST-1004,Temperature,32.02,2025-10-21 01:34,30.0
SNS-1004-T,AST-1004,Temperature,30.14,2025-10-22 13:45,30.0
SNS-1004-T,AST-1004,Temperature,31.96,2025-10-23 10:01,30.0
SNS-1004-T,AST-1004,Temperature,29.62,2025-10-24 20:57,30.0
SNS-1004-T,AST-1004,Temperature,30.88,2025-10-25 20:58,30.0
SNS-1004-T,AST-1004,Temperature,33.12,2025-10-26 12:42,30.0
SNS-1004-T,AST-1004,Temperature,31.02,2025-10-27 21:33,30.0
SNS-1004-T,AST-1004,Temperature,31.42,2025-10-28 03:06,30.0
SNS-1004-T,AST-1004,Temperature,28.79,2025-10-29 11:57,30.0
SNS-1004-T,AST-1004,Temperature,28.38,2025-10-30 20:05,30.0
SNS-1004-T,AST-1004,Temperature,32.6,2025-10-31 11:11,30.0
SNS-1004-T,AST-1004,Temperature,32.08,2025-11-01 06:24,30.0
SNS-1004-T,AST-1004,Temperature,33.2,2025-11-02 20:27,30.0
SNS-1004-T,AST-1004,Temperature,31.48,2025-11-03 18:28,30.0
SNS-1004-T,AST-1004,Temperature,33.17,2025-11-04 20:56,30.0
SNS-1004-T,AST-1004,Temperature,32.02,2025-11-05 18:52,30.0
SNS-1004-T,AST-1004,Temperature,31.05,2025-11-06 08:10,30.0
SNS-1004-T,AST-1004,Temperature,30.73,2025-11-07 09:02,30.0
SNS-1004-T,AST-1004,Temperature,31.19,2025-11-08 19:44,30.0
SNS-1004-T,AST-1004,Temperature,31.17,2025-11-09 13:34,30.0
SNS-1004-T,AST-1004,Temperature,30.54,2025-11-10 17:15,30.0
SNS-1004-T,AST-1004,Temperature,31.84,2025-11-11 05:48,30.0
SNS-1004-T,AST-1004,Temperature,30.24,2025-11-12 09:26,30.0
SNS-1004-T,AST-1004,Temperature,30.33,2025-11-13 09:17,30.0
SNS-1004-T,AST-1004,Temperature,29.6,2025-11-14 08:20,30.0
SNS-1004-T,AST-1004,Temperature,31.43,2025-11-15 15:33,30.0
SNS-1004-T,AST-1004,Temperature,30.47,2025-11-16 04:20,30.0
SNS-1004-T,AST-1004,Temperature,31.5,2025-11-17 01:26,30.0
SNS-1004-T,AST-1004,Temperature,32.04,2025-11-18 10:44,30.0
SNS-1004-T,AST-1004,Temperature,31.7,2025-11-19 18:57,30.0
SNS-1004-T,AST-1004,Temperature,30.77,2025-11-20 16:20,30.0
SNS-1004-T,AST-1004,Temperature,31.91,2025-11-21 10:49,30.0
SNS-1004-T,AST-1004,Temperature,30.12,2025-11-22 11:09,30.0
SNS-1004-T,AST-1004,Temperature,33.0,2025-11-23 10:10,30.0
SNS-1004-T,AST-1004,Temperature,29.44,2025-11-24 06:48,30.0
SNS-1004-T,AST-1004,Temperature,30.4,2025-11-25 09:36,30.0
SNS-1004-T,AST-1004,Temperature,33.0,2025-11-26 12:58,30.0
SNS-1004-T,AST-1004,Temperature,31.62,2025-11-27 01:07,30.0
SNS-1004-T,AST-1004,Temperature,29.22,2025-11-28 05:03,30.0
SNS-1004-T,AST-1004,Temperature,30.82,2025-11-29 11:00,30.0
SNS-1004-T,AST-1004,Temperature,33.42,2025-11-30 22:57,30.0
SNS-1004-T,AST-1004,Temperature,28.57,2025-12-01 19:05,30.0
SNS-1004-T,AST-1004,Temperature,32.82,2025-12-02 05:03,30.0
SNS-1004-T,AST-1004,Temperature,31.18,2025-12-03 14:58,30.0
SNS-1004-T,AST-1004,Temperature,31.01,2025-12-04 21:49,30.0
SNS-1004-T,AST-1004,Temperature,30.7,2025-12-05 06:03,30.0
SNS-1004-T,AST-1004,Temperature,29.64,2025-12-06 06:15,30.0
SNS-1004-T,AST-1004,Temperature,31.52,2025-12-07 10:01,30.0
SNS-1004-T,AST-1004,Temperature,30.39,2025-12-08 10:14,30.0
SNS-1004-T,AST-1004,Temperature,30.88,2025-12-09 16:00,30.0
SNS-1004-T,AST-1004,Temperature,31.93,2025-12-10 12:09,30.0
SNS-1004-T,AST-1004,Temperature,29.62,2025-12-11 17:15,30.0
SNS-1004-T,AST-1004,Temperature,32.19,2025-12-12 12:54,30.0
SNS-1004-T,AST-1004,Temperature,30.0,2025-12-13 01:34,30.0
SNS-1004-T,AST-1004,Temperature,30.5,2025-12-14 00:04,30.0
SNS-1004-T,AST-1004,Temperature,30.27,2025-12-15 22:17,30.0
SNS-1004-T,AST-1004,Temperature,30.92,2025-12-16 10:55,30.0
SNS-1004-T,AST-1004,Temperature,29.54,2025-12-17 06:08,30.0
SNS-1004-T,AST-1004,Temperature,29.66,2025-12-18 22:02,30.0
SNS-1004-T,AST-1004,Temperature,31.9,2025-12-19 05:24,30.0
SNS-1004-T,AST-1004,Temperature,31.39,2025-12-20 10:54,30.0
SNS-1004-T,AST-1004,Temperature,31.84,2025-12-21 07:55,30.0
SNS-1004-T,AST-1004,Temperature,30.61,2025-12-22 18:48,30.0
SNS-1004-T,AST-1004,Temperature,31.19,2025-12-23 14:57,30.0
SNS-1004-T,AST-1004,Temperature,31.38,2025-12-24 05:03,30.0
SNS-1004-T,AST-1004,Temperature,30.04,2025-12-25 07:22,30.0
SNS-1004-T,AST-1004,Temperature,32.29,2025-12-26 15:40,30.0
SNS-1004-T,AST-1004,Temperature,27.34,2025-12-27 12:35,30.0
SNS-1004-T,AST-1004,Temperature,29.63,2025-12-28 10:00,30.0
SNS-1004-T,AST-1004,Temperature,30.6,2025-12-29 01:31,30.0
SNS-1004-T,AST-1004,Temperature,31.37,2025-12-30 17:40,30.0
SNS-1004-T,AST-1004,Temperature,30.32,2025-12-31 17:32,30.0
SNS-1004-T,AST-1004,Temperature,29.48,2026-01-01 12:22,30.0
SNS-1004-T,AST-1004,Temperature,28.59,2026-01-02 11:14,30.0
SNS-1004-T,AST-1004,Temperature,30.59,2026-01-03 02:16,30.0
SNS-1004-T,AST-1004,Temperature,31.2,2026-01-04 20:50,30.0
SNS-1004-T,AST-1004,Temperature,31.21,2026-01-05 20:50,30.0
SNS-1004-T,AST-1004,Temperature,30.79,2026-01-06 00:25,30.0
SNS-1004-T,AST-1004,Temperature,31.29,2026-01-07 18:35,30.0
SNS-1004-T,AST-1004,Temperature,32.66,2026-01-08 08:13,30.0
SNS-1004-T,AST-1004,Temperature,31.67,2026-01-09 00:25,30.0
SNS-1004-T,AST-1004,Temperature,28.98,2026-01-10 00:50,30.0
SNS-1004-T,AST-1004,Temperature,29.62,2026-01-11 21:32,30.0
SNS-1004-T,AST-1004,Temperature,30.24,2026-01-12 18:47,30.0
SNS-1004-T,AST-1004,Temperature,30.64,2026-01-13 16:49,30.0
SNS-1004-T,AST-1004,Temperature,30.25,2026-01-14 07:39,30.0
SNS-1004-T,AST-1004,Temperature,31.46,2026-01-15 18:58,30.0
SNS-1004-T,AST-1004,Temperature,30.46,2026-01-16 20:19,30.0
SNS-1004-T,AST-1004,Temperature,30.75,2026-01-17 21:29,30.0
SNS-1004-T,AST-1004,Temperature,29.56,2026-01-18 01:49,30.0
SNS-1004-T,AST-1004,Temperature,31.25,2026-01-19 18:28,30.0
SNS-1004-T,AST-1004,Temperature,31.39,2026-01-20 12:09,30.0
SNS-1004-T,AST-1004,Temperature,30.25,2026-01-21 12:47,30.0
SNS-1004-T,AST-1004,Temperature,29.84,2026-01-22 22:21,30.0
SNS-1004-T,AST-1004,Temperature,30.66,2026-01-23 04:28,30.0
SNS-1004-T,AST-1004,Temperature,32.26,2026-01-24 13:25,30.0
SNS-1004-T,AST-1004,Temperature,29.42,2026-01-25 16:00,30.0
SNS-1004-T,AST-1004,Temperature,30.48,2026-01-26 02:58,30.0
SNS-1004-T,AST-1004,Temperature,29.5,2026-01-27 22:38,30.0
SNS-1004-T,AST-1004,Temperature,32.75,2026-01-28 10:45,30.0
SNS-1004-T,AST-1004,Temperature,28.6,2026-01-29 21:55,30.0
SNS-1004-T,AST-1004,Temperature,29.64,2026-01-30 05:26,30.0
SNS-1004-T,AST-1004,Temperature,30.86,2026-01-31 21:46,30.0
SNS-1004-T,AST-1004,Temperature,31.06,2026-02-01 06:20,30.0
SNS-1004-T,AST-1004,Temperature,29.26,2026-02-02 00:42,30.0
SNS-1004-T,AST-1004,Temperature,29.48,2026-02-03 01:03,30.0
SNS-1004-T,AST-1004,Temperature,29.38,2026-02-04 15:37,30.0
SNS-1004-T,AST-1004,Temperature,29.61,2026-02-05 11:37,30.0
SNS-1004-T,AST-1004,Temperature,29.97,2026-02-06 07:47,30.0
SNS-1004-T,AST-1004,Temperature,29.84,2026-02-07 00:29,30.0
SNS-1004-T,AST-1004,Temperature,30.62,2026-02-08 01:01,30.0
SNS-1004-T,AST-1004,Temperature,30.03,2026-02-09 12:04,30.0
SNS-1004-T,AST-1004,Temperature,30.45,2026-02-10 13:39,30.0
SNS-1004-T,AST-1004,Temperature,30.63,2026-02-11 15:57,30.0
SNS-1004-T,AST-1004,Temperature,28.88,2026-02-12 22:10,30.0
SNS-1004-T,AST-1004,Temperature,31.46,2026-02-13 10:26,30.0
SNS-1004-T,AST-1004,Temperature,29.57,2026-02-14 00:39,30.0
SNS-1004-T,AST-1004,Temperature,30.64,2026-02-15 02:49,30.0
SNS-1004-T,AST-1004,Temperature,28.8,2026-02-16 11:24,30.0
SNS-1004-T,AST-1004,Temperature,29.91,2026-02-17 17:08,30.0
SNS-1004-T,AST-1004,Temperature,29.33,2026-02-18 20:27,30.0
SNS-1004-T,AST-1004,Temperature,30.3,2026-02-19 03:12,30.0
SNS-1004-T,AST-1004,Temperature,28.86,2026-02-20 13:32,30.0
SNS-1004-T,AST-1004,Temperature,28.72,2026-02-21 16:52,30.0
SNS-1004-T,AST-1004,Temperature,31.45,2026-02-22 16:51,30.0
SNS-1004-T,AST-1004,Temperature,29.76,2026-02-23 12:58,30.0
SNS-1004-T,AST-1004,Temperature,31.24,2026-02-24 13:51,30.0
SNS-1004-T,AST-1004,Temperature,30.1,2026-02-25 11:04,30.0
SNS-1004-T,AST-1004,Temperature,30.06,2026-02-26 21:38,30.0
SNS-1004-T,AST-1004,Temperature,29.51,2026-02-27 16:41,30.0
SNS-1004-T,AST-1004,Temperature,30.12,2026-02-28 03:49,30.0
SNS-1004-T,AST-1004,Temperature,31.65,2026-03-01 06:30,30.0
SNS-1004-T,AST-1004,Temperature,31.49,2026-03-02 12:27,30.0
SNS-1004-T,AST-1004,Temperature,29.2,2026-03-03 07:53,30.0
SNS-1004-T,AST-1004,Temperature,30.7,2026-03-04 22:17,30.0
SNS-1004-T,AST-1004,Temperature,30.99,2026-03-05 05:43,30.0
SNS-1004-T,AST-1004,Temperature,30.47,2026-03-06 08:02,30.0
SNS-1004-T,AST-1004,Temperature,31.34,2026-03-07 13:47,30.0
SNS-1004-T,AST-1004,Temperature,29.41,2026-03-08 19:04,30.0
SNS-1004-T,AST-1004,Temperature,30.55,2026-03-09 02:33,30.0
SNS-1004-T,AST-1004,Temperature,28.83,2026-03-10 08:09,30.0
SNS-1004-T,AST-1004,Temperature,29.47,2026-03-11 19:16,30.0
SNS-1004-T,AST-1004,Temperature,31.28,2026-03-12 10:09,30.0
SNS-1004-T,AST-1004,Temperature,30.1,2026-03-13 00:53,30.0
SNS-1004-T,AST-1004,Temperature,28.82,2026-03-14 04:04,30.0
SNS-1004-T,AST-1004,Temperature,31.22,2026-03-15 07:55,30.0
SNS-1004-T,AST-1004,Temperature,30.05,2026-03-16 02:50,30.0
SNS-1004-T,AST-1004,Temperature,29.99,2026-03-17 15:29,30.0
SNS-1004-T,AST-1004,Temperature,30.96,2026-03-18 19:49,30.0
SNS-1004-T,AST-1004,Temperature,30.74,2026-03-19 20:42,30.0
SNS-1004-T,AST-1004,Temperature,29.66,2026-03-20 01:31,30.0
SNS-1004-T,AST-1004,Temperature,29.08,2026-03-21 00:55,30.0
SNS-1004-T,AST-1004,Temperature,29.47,2026-03-22 11:50,30.0
SNS-1004-T,AST-1004,Temperature,30.28,2026-03-23 15:46,30.0
SNS-1004-T,AST-1004,Temperature,30.48,2026-03-24 14:46,30.0
SNS-1004-T,AST-1004,Temperature,29.43,2026-03-25 13:00,30.0
SNS-1004-T,AST-1004,Temperature,32.51,2026-03-26 03:14,30.0
SNS-1004-T,AST-1004,Temperature,30.75,2026-03-27 03:24,30.0
SNS-1004-T,AST-1004,Temperature,30.21,2026-03-28 19:15,30.0
SNS-1004-T,AST-1004,Temperature,28.29,2026-03-29 21:52,30.0
SNS-1004-T,AST-1004,Temperature,30.24,2026-03-30 12:00,30.0
SNS-1004-T,AST-1004,Temperature,29.57,2026-03-31 17:14,30.0
SNS-1004-T,AST-1004,Temperature,28.75,2026-04-01 09:36,30.0
SNS-1004-T,AST-1004,Temperature,30.92,2026-04-02 11:30,30.0
SNS-1004-T,AST-1004,Temperature,28.56,2026-04-03 07:23,30.0
SNS-1004-T,AST-1004,Temperature,30.57,2026-04-04 21:11,30.0
SNS-1004-T,AST-1004,Temperature,29.27,2026-04-05 11:41,30.0
SNS-1004-T,AST-1004,Temperature,30.18,2026-04-06 17:00,30.0
SNS-1004-T,AST-1004,Temperature,30.83,2026-04-07 22:00,30.0
SNS-1004-T,AST-1004,Temperature,30.42,2026-04-08 07:38,30.0
SNS-1004-T,AST-1004,Temperature,28.78,2026-04-09 02:09,30.0
SNS-1004-T,AST-1004,Temperature,30.98,2026-04-10 02:22,30.0
SNS-1004-T,AST-1004,Temperature,30.72,2026-04-11 18:49,30.0
SNS-1004-T,AST-1004,Temperature,30.55,2026-04-12 12:20,30.0
SNS-1004-T,AST-1004,Temperature,29.25,2026-04-13 18:56,30.0
SNS-1004-T,AST-1004,Temperature,30.37,2026-04-14 03:29,30.0
SNS-1004-T,AST-1004,Temperature,28.26,2026-04-15 04:22,30.0
SNS-1004-T,AST-1004,Temperature,28.53,2026-04-16 16:03,30.0
SNS-1004-T,AST-1004,Temperature,28.98,2026-04-17 05:55,30.0
SNS-1004-T,AST-1004,Temperature,29.9,2026-04-18 12:19,30.0
SNS-1004-T,AST-1004,Temperature,29.8,2026-04-19 05:35,30.0
SNS-1004-T,AST-1004,Temperature,29.94,2026-04-20 22:11,30.0
SNS-1004-T,AST-1004,Temperature,28.61,2026-04-21 00:42,30.0
SNS-1004-T,AST-1004,Temperature,29.15,2026-04-22 18:18,30.0
SNS-1004-T,AST-1004,Temperature,30.45,2026-04-23 11:07,30.0
SNS-1004-T,AST-1004,Temperature,28.93,2026-04-24 09:08,30.0
SNS-1004-T,AST-1004,Temperature,29.41,2026-04-25 13:54,30.0
SNS-1004-T,AST-1004,Temperature,30.16,2026-04-26 15:22,30.0
SNS-1004-T,AST-1004,Temperature,29.92,2026-04-27 10:40,30.0
SNS-1004-T,AST-1004,Temperature,27.33,2026-04-28 00:15,30.0
SNS-1004-T,AST-1004,Temperature,28.57,2026-04-29 10:40,30.0
SNS-1004-T,AST-1004,Temperature,28.54,2026-04-30 17:56,30.0
SNS-1004-T,AST-1004,Temperature,28.4,2026-05-01 07:17,30.0
SNS-1004-T,AST-1004,Temperature,24.1,2026-05-02 20:45,30.0
SNS-1004-T,AST-1004,Temperature,30.42,2026-05-03 07:05,30.0
SNS-1004-T,AST-1004,Temperature,29.88,2026-05-04 19:51,30.0
SNS-1004-T,AST-1004,Temperature,28.32,2026-05-05 17:24,30.0
SNS-1004-T,AST-1004,Temperature,31.43,2026-05-06 15:51,30.0
SNS-1004-T,AST-1004,Temperature,29.52,2026-05-07 20:53,30.0
SNS-1004-T,AST-1004,Temperature,31.02,2026-05-08 04:43,30.0
SNS-1004-T,AST-1004,Temperature,30.33,2026-05-09 17:32,30.0
SNS-1004-T,AST-1004,Temperature,28.98,2026-05-10 16:22,30.0
SNS-1004-T,AST-1004,Temperature,31.53,2026-05-11 17:44,30.0
SNS-1004-T,AST-1004,Temperature,30.61,2026-05-12 22:27,30.0
SNS-1004-T,AST-1004,Temperature,30.85,2026-05-13 10:57,30.0
SNS-1004-T,AST-1004,Temperature,30.57,2026-05-14 07:28,30.0
SNS-1004-T,AST-1004,Temperature,28.93,2026-05-15 06:38,30.0
SNS-1004-T,AST-1004,Temperature,29.05,2026-05-16 18:46,30.0
SNS-1004-T,AST-1004,Temperature,27.44,2026-05-17 06:28,30.0
SNS-1004-T,AST-1004,Temperature,29.95,2026-05-18 04:38,30.0
SNS-1004-T,AST-1004,Temperature,30.9,2026-05-19 16:40,30.0
SNS-1004-T,AST-1004,Temperature,30.45,2026-05-20 02:47,30.0
SNS-1004-T,AST-1004,Temperature,29.28,2026-05-21 04:45,30.0
SNS-1004-T,AST-1004,Temperature,28.71,2026-05-22 10:08,30.0
SNS-1004-T,AST-1004,Temperature,31.13,2026-05-23 18:14,30.0
SNS-1004-T,AST-1004,Temperature,30.88,2026-05-24 16:57,30.0
SNS-1004-T,AST-1004,Temperature,29.7,2026-05-25 02:10,30.0
SNS-1004-T,AST-1004,Temperature,29.8,2026-05-26 09:53,30.0
SNS-1004-T,AST-1004,Temperature,30.19,2026-05-27 17:46,30.0
SNS-1004-T,AST-1004,Temperature,30.16,2026-05-28 11:55,30.0
SNS-1004-T,AST-1004,Temperature,29.55,2026-05-29 13:48,30.0
SNS-1004-T,AST-1004,Temperature,29.89,2026-05-30 14:14,30.0
SNS-1004-T,AST-1004,Temperature,31.14,2026-05-31 10:12,30.0
SNS-1004-T,AST-1004,Temperature,28.53,2026-06-01 01:21,30.0
SNS-1004-T,AST-1004,Temperature,30.75,2026-06-02 20:03,30.0
SNS-1004-T,AST-1004,Temperature,30.26,2026-06-03 17:53,30.0
SNS-1004-T,AST-1004,Temperature,30.61,2026-06-04 14:25,30.0
SNS-1004-T,AST-1004,Temperature,29.79,2026-06-05 12:20,30.0
SNS-1004-T,AST-1004,Temperature,30.61,2026-06-06 05:57,30.0
SNS-1004-T,AST-1004,Temperature,31.27,2026-06-07 04:44,30.0
SNS-1004-T,AST-1004,Temperature,32.66,2026-06-08 08:55,30.0
SNS-1004-T,AST-1004,Temperature,31.41,2026-06-09 03:58,30.0
SNS-1004-T,AST-1004,Temperature,31.15,2026-06-10 12:22,30.0
SNS-1004-T,AST-1004,Temperature,28.93,2026-06-11 09:34,30.0
SNS-1004-T,AST-1004,Temperature,31.47,2026-06-12 09:09,30.0
SNS-1004-T,AST-1004,Temperature,28.41,2026-06-13 12:11,30.0
SNS-1004-T,AST-1004,Temperature,30.57,2026-06-14 11:54,30.0
SNS-1004-T,AST-1004,Temperature,30.17,2026-06-15 03:32,30.0
SNS-1004-T,AST-1004,Temperature,30.69,2026-06-16 08:25,30.0
SNS-1004-T,AST-1004,Temperature,29.49,2026-06-17 06:46,30.0
SNS-1004-T,AST-1004,Temperature,29.54,2026-06-18 04:57,30.0
SNS-1004-T,AST-1004,Temperature,30.33,2026-06-19 14:04,30.0
SNS-1004-T,AST-1004,Temperature,31.28,2026-06-20 20:33,30.0
SNS-1004-T,AST-1004,Temperature,29.62,2026-06-21 22:26,30.0
SNS-1004-T,AST-1004,Temperature,31.41,2026-06-22 19:34,30.0
SNS-1004-T,AST-1004,Temperature,30.44,2026-06-23 01:45,30.0
SNS-1004-T,AST-1004,Temperature,31.19,2026-06-24 06:56,30.0
SNS-1004-T,AST-1004,Temperature,29.62,2026-06-25 22:21,30.0
SNS-1004-T,AST-1004,Temperature,31.42,2026-06-26 00:17,30.0
SNS-1004-T,AST-1004,Temperature,31.83,2026-06-27 09:56,30.0
SNS-1004-T,AST-1004,Temperature,31.26,2026-06-28 20:32,30.0
SNS-1004-T,AST-1004,Temperature,30.98,2026-06-29 02:37,30.0
SNS-1004-T,AST-1004,Temperature,30.17,2026-06-30 00:54,30.0
SNS-1004-T,AST-1004,Temperature,30.4,2026-07-01 08:06,30.0
SNS-1004-T,AST-1004,Temperature,30.13,2026-07-02 06:27,30.0
SNS-1004-T,AST-1004,Temperature,30.36,2026-07-03 01:00,30.0
SNS-1004-T,AST-1004,Temperature,31.35,2026-07-04 14:52,30.0
SNS-1004-T,AST-1004,Temperature,32.38,2026-07-05 19:39,30.0
SNS-1004-T,AST-1004,Temperature,30.24,2026-07-06 16:16,30.0
SNS-1004-T,AST-1004,Temperature,29.98,2026-07-07 15:21,30.0
SNS-1004-T,AST-1004,Temperature,28.86,2026-07-08 16:11,30.0
SNS-1004-T,AST-1004,Temperature,26.87,2026-07-09 00:23,30.0
SNS-1004-T,AST-1004,Temperature,29.84,2026-07-10 22:35,30.0
SNS-1004-T,AST-1004,Temperature,31.8,2026-07-11 08:00,30.0
SNS-1004-T,AST-1004,Temperature,31.59,2026-07-12 18:47,30.0
SNS-1004-T,AST-1004,Temperature,30.79,2026-07-13 06:51,30.0
SNS-1004-T,AST-1004,Temperature,29.12,2026-07-14 21:33,30.0
SNS-1004-T,AST-1004,Temperature,31.38,2026-07-15 06:24,30.0
SNS-1004-T,AST-1004,Temperature,30.53,2026-07-16 04:39,30.0
SNS-1004-T,AST-1004,Temperature,29.1,2026-07-17 01:22,30.0
SNS-1004-T,AST-1004,Temperature,28.76,2026-07-18 07:09,30.0
SNS-1004-T,AST-1004,Temperature,29.62,2026-07-19 20:13,30.0
SNS-1004-T,AST-1004,Temperature,29.66,2026-07-20 07:55,30.0
SNS-1004-T,AST-1004,Temperature,30.92,2026-07-21 15:35,30.0
SNS-1004-T,AST-1004,Temperature,30.13,2026-07-22 07:05,30.0
SNS-1004-T,AST-1004,Temperature,30.39,2026-07-23 07:37,30.0
SNS-1004-T,AST-1004,Temperature,31.02,2026-07-24 03:06,30.0
SNS-1004-T,AST-1004,Temperature,29.53,2026-07-25 05:09,30.0
SNS-1004-C,AST-1004,Current,47.97,2024-07-25 01:50,50.0
SNS-1004-C,AST-1004,Current,54.48,2024-07-26 08:04,50.0
SNS-1004-C,AST-1004,Current,51.02,2024-07-27 15:32,50.0
SNS-1004-C,AST-1004,Current,47.9,2024-07-28 11:26,50.0
SNS-1004-C,AST-1004,Current,49.1,2024-07-29 07:30,50.0
SNS-1004-C,AST-1004,Current,49.48,2024-07-30 19:58,50.0
SNS-1004-C,AST-1004,Current,52.37,2024-07-31 22:20,50.0
SNS-1004-C,AST-1004,Current,48.96,2024-08-01 05:36,50.0
SNS-1004-C,AST-1004,Current,52.72,2024-08-02 19:24,50.0
SNS-1004-C,AST-1004,Current,52.36,2024-08-03 12:50,50.0
SNS-1004-C,AST-1004,Current,46.3,2024-08-04 20:36,50.0
SNS-1004-C,AST-1004,Current,47.39,2024-08-05 08:24,50.0
SNS-1004-C,AST-1004,Current,48.66,2024-08-06 11:49,50.0
SNS-1004-C,AST-1004,Current,45.61,2024-08-07 10:14,50.0
SNS-1004-C,AST-1004,Current,53.54,2024-08-08 01:09,50.0
SNS-1004-C,AST-1004,Current,52.15,2024-08-09 09:09,50.0
SNS-1004-C,AST-1004,Current,50.9,2024-08-10 01:34,50.0
SNS-1004-C,AST-1004,Current,53.07,2024-08-11 17:47,50.0
SNS-1004-C,AST-1004,Current,47.4,2024-08-12 07:13,50.0
SNS-1004-C,AST-1004,Current,50.71,2024-08-13 21:17,50.0
SNS-1004-C,AST-1004,Current,50.97,2024-08-14 07:08,50.0
SNS-1004-C,AST-1004,Current,49.1,2024-08-15 06:43,50.0
SNS-1004-C,AST-1004,Current,50.7,2024-08-16 15:40,50.0
SNS-1004-C,AST-1004,Current,50.55,2024-08-17 06:17,50.0
SNS-1004-C,AST-1004,Current,48.32,2024-08-18 12:17,50.0
SNS-1004-C,AST-1004,Current,52.33,2024-08-19 07:56,50.0
SNS-1004-C,AST-1004,Current,49.65,2024-08-20 19:10,50.0
SNS-1004-C,AST-1004,Current,49.14,2024-08-21 01:29,50.0
SNS-1004-C,AST-1004,Current,52.19,2024-08-22 18:46,50.0
SNS-1004-C,AST-1004,Current,48.0,2024-08-23 09:58,50.0
SNS-1004-C,AST-1004,Current,50.56,2024-08-24 21:26,50.0
SNS-1004-C,AST-1004,Current,50.7,2024-08-25 15:56,50.0
SNS-1004-C,AST-1004,Current,52.95,2024-08-26 02:09,50.0
SNS-1004-C,AST-1004,Current,52.13,2024-08-27 11:00,50.0
SNS-1004-C,AST-1004,Current,50.59,2024-08-28 12:06,50.0
SNS-1004-C,AST-1004,Current,52.14,2024-08-29 22:02,50.0
SNS-1004-C,AST-1004,Current,49.46,2024-08-30 08:53,50.0
SNS-1004-C,AST-1004,Current,52.15,2024-08-31 10:48,50.0
SNS-1004-C,AST-1004,Current,53.31,2024-09-01 05:47,50.0
SNS-1004-C,AST-1004,Current,50.85,2024-09-02 21:14,50.0
SNS-1004-C,AST-1004,Current,50.62,2024-09-03 00:29,50.0
SNS-1004-C,AST-1004,Current,47.5,2024-09-04 00:17,50.0
SNS-1004-C,AST-1004,Current,44.66,2024-09-05 13:41,50.0
SNS-1004-C,AST-1004,Current,49.43,2024-09-06 09:08,50.0
SNS-1004-C,AST-1004,Current,53.23,2024-09-07 04:05,50.0
SNS-1004-C,AST-1004,Current,50.75,2024-09-08 17:18,50.0
SNS-1004-C,AST-1004,Current,52.28,2024-09-09 12:42,50.0
SNS-1004-C,AST-1004,Current,50.0,2024-09-10 00:13,50.0
SNS-1004-C,AST-1004,Current,50.93,2024-09-11 12:55,50.0
SNS-1004-C,AST-1004,Current,53.13,2024-09-12 11:18,50.0
SNS-1004-C,AST-1004,Current,54.93,2024-09-13 18:10,50.0
SNS-1004-C,AST-1004,Current,53.22,2024-09-14 15:14,50.0
SNS-1004-C,AST-1004,Current,52.13,2024-09-15 21:42,50.0
SNS-1004-C,AST-1004,Current,50.69,2024-09-16 13:08,50.0
SNS-1004-C,AST-1004,Current,46.7,2024-09-17 06:13,50.0
SNS-1004-C,AST-1004,Current,51.21,2024-09-18 11:01,50.0
SNS-1004-C,AST-1004,Current,51.48,2024-09-19 03:27,50.0
SNS-1004-C,AST-1004,Current,50.2,2024-09-20 05:56,50.0
SNS-1004-C,AST-1004,Current,49.81,2024-09-21 18:15,50.0
SNS-1004-C,AST-1004,Current,50.59,2024-09-22 19:21,50.0
SNS-1004-C,AST-1004,Current,54.09,2024-09-23 14:27,50.0
SNS-1004-C,AST-1004,Current,57.04,2024-09-24 18:06,50.0
SNS-1004-C,AST-1004,Current,56.97,2024-09-25 09:43,50.0
SNS-1004-C,AST-1004,Current,48.26,2024-09-26 15:48,50.0
SNS-1004-C,AST-1004,Current,51.45,2024-09-27 03:20,50.0
SNS-1004-C,AST-1004,Current,53.33,2024-09-28 04:56,50.0
SNS-1004-C,AST-1004,Current,54.53,2024-09-29 12:23,50.0
SNS-1004-C,AST-1004,Current,51.76,2024-09-30 14:58,50.0
SNS-1004-C,AST-1004,Current,53.02,2024-10-01 20:51,50.0
SNS-1004-C,AST-1004,Current,45.82,2024-10-02 20:08,50.0
SNS-1004-C,AST-1004,Current,51.69,2024-10-03 12:38,50.0
SNS-1004-C,AST-1004,Current,49.25,2024-10-04 06:27,50.0
SNS-1004-C,AST-1004,Current,52.93,2024-10-05 06:50,50.0
SNS-1004-C,AST-1004,Current,47.92,2024-10-06 22:08,50.0
SNS-1004-C,AST-1004,Current,50.91,2024-10-07 10:31,50.0
SNS-1004-C,AST-1004,Current,52.12,2024-10-08 16:36,50.0
SNS-1004-C,AST-1004,Current,54.45,2024-10-09 00:34,50.0
SNS-1004-C,AST-1004,Current,50.1,2024-10-10 15:47,50.0
SNS-1004-C,AST-1004,Current,51.76,2024-10-11 22:50,50.0
SNS-1004-C,AST-1004,Current,52.16,2024-10-12 01:14,50.0
SNS-1004-C,AST-1004,Current,55.49,2024-10-13 02:18,50.0
SNS-1004-C,AST-1004,Current,52.28,2024-10-14 20:53,50.0
SNS-1004-C,AST-1004,Current,47.38,2024-10-15 08:39,50.0
SNS-1004-C,AST-1004,Current,47.57,2024-10-16 00:25,50.0
SNS-1004-C,AST-1004,Current,47.49,2024-10-17 06:35,50.0
SNS-1004-C,AST-1004,Current,50.74,2024-10-18 12:38,50.0
SNS-1004-C,AST-1004,Current,50.58,2024-10-19 06:23,50.0
SNS-1004-C,AST-1004,Current,52.85,2024-10-20 00:50,50.0
SNS-1004-C,AST-1004,Current,50.22,2024-10-21 04:52,50.0
SNS-1004-C,AST-1004,Current,51.87,2024-10-22 07:54,50.0
SNS-1004-C,AST-1004,Current,55.39,2024-10-23 15:51,50.0
SNS-1004-C,AST-1004,Current,49.45,2024-10-24 12:42,50.0
SNS-1004-C,AST-1004,Current,49.14,2024-10-25 01:07,50.0
SNS-1004-C,AST-1004,Current,56.31,2024-10-26 02:25,50.0
SNS-1004-C,AST-1004,Current,52.43,2024-10-27 08:30,50.0
SNS-1004-C,AST-1004,Current,49.6,2024-10-28 12:58,50.0
SNS-1004-C,AST-1004,Current,50.04,2024-10-29 22:22,50.0
SNS-1004-C,AST-1004,Current,51.11,2024-10-30 03:40,50.0
SNS-1004-C,AST-1004,Current,49.6,2024-10-31 08:00,50.0
SNS-1004-C,AST-1004,Current,49.28,2024-11-01 05:40,50.0
SNS-1004-C,AST-1004,Current,52.21,2024-11-02 09:17,50.0
SNS-1004-C,AST-1004,Current,50.13,2024-11-03 02:28,50.0
SNS-1004-C,AST-1004,Current,53.05,2024-11-04 19:09,50.0
SNS-1004-C,AST-1004,Current,50.27,2024-11-05 04:06,50.0
SNS-1004-C,AST-1004,Current,51.86,2024-11-06 10:22,50.0
SNS-1004-C,AST-1004,Current,51.13,2024-11-07 07:52,50.0
SNS-1004-C,AST-1004,Current,49.44,2024-11-08 07:05,50.0
SNS-1004-C,AST-1004,Current,47.58,2024-11-09 06:48,50.0
SNS-1004-C,AST-1004,Current,52.09,2024-11-10 20:25,50.0
SNS-1004-C,AST-1004,Current,49.58,2024-11-11 22:10,50.0
SNS-1004-C,AST-1004,Current,55.67,2024-11-12 21:49,50.0
SNS-1004-C,AST-1004,Current,55.55,2024-11-13 22:26,50.0
SNS-1004-C,AST-1004,Current,51.6,2024-11-14 04:28,50.0
SNS-1004-C,AST-1004,Current,50.28,2024-11-15 03:50,50.0
SNS-1004-C,AST-1004,Current,48.42,2024-11-16 22:17,50.0
SNS-1004-C,AST-1004,Current,50.46,2024-11-17 08:48,50.0
SNS-1004-C,AST-1004,Current,49.2,2024-11-18 20:54,50.0
SNS-1004-C,AST-1004,Current,55.09,2024-11-19 06:53,50.0
SNS-1004-C,AST-1004,Current,49.31,2024-11-20 00:41,50.0
SNS-1004-C,AST-1004,Current,52.22,2024-11-21 18:10,50.0
SNS-1004-C,AST-1004,Current,48.21,2024-11-22 15:05,50.0
SNS-1004-C,AST-1004,Current,52.15,2024-11-23 15:28,50.0
SNS-1004-C,AST-1004,Current,48.76,2024-11-24 04:32,50.0
SNS-1004-C,AST-1004,Current,53.43,2024-11-25 14:02,50.0
SNS-1004-C,AST-1004,Current,51.67,2024-11-26 04:10,50.0
SNS-1004-C,AST-1004,Current,55.46,2024-11-27 20:27,50.0
SNS-1004-C,AST-1004,Current,43.93,2024-11-28 08:31,50.0
SNS-1004-C,AST-1004,Current,49.48,2024-11-29 10:52,50.0
SNS-1004-C,AST-1004,Current,52.86,2024-11-30 17:06,50.0
SNS-1004-C,AST-1004,Current,46.54,2024-12-01 18:10,50.0
SNS-1004-C,AST-1004,Current,51.74,2024-12-02 04:18,50.0
SNS-1004-C,AST-1004,Current,51.15,2024-12-03 08:42,50.0
SNS-1004-C,AST-1004,Current,50.94,2024-12-04 07:30,50.0
SNS-1004-C,AST-1004,Current,54.75,2024-12-05 03:16,50.0
SNS-1004-C,AST-1004,Current,54.17,2024-12-06 18:28,50.0
SNS-1004-C,AST-1004,Current,54.09,2024-12-07 16:18,50.0
SNS-1004-C,AST-1004,Current,54.97,2024-12-08 04:30,50.0
SNS-1004-C,AST-1004,Current,48.32,2024-12-09 06:40,50.0
SNS-1004-C,AST-1004,Current,51.43,2024-12-10 22:12,50.0
SNS-1004-C,AST-1004,Current,49.38,2024-12-11 21:05,50.0
SNS-1004-C,AST-1004,Current,52.77,2024-12-12 21:31,50.0
SNS-1004-C,AST-1004,Current,50.43,2024-12-13 10:19,50.0
SNS-1004-C,AST-1004,Current,51.66,2024-12-14 11:05,50.0
SNS-1004-C,AST-1004,Current,46.38,2024-12-15 11:48,50.0
SNS-1004-C,AST-1004,Current,49.46,2024-12-16 20:44,50.0
SNS-1004-C,AST-1004,Current,53.14,2024-12-17 16:01,50.0
SNS-1004-C,AST-1004,Current,50.83,2024-12-18 22:52,50.0
SNS-1004-C,AST-1004,Current,49.58,2024-12-19 01:19,50.0
SNS-1004-C,AST-1004,Current,49.89,2024-12-20 13:25,50.0
SNS-1004-C,AST-1004,Current,44.98,2024-12-21 21:33,50.0
SNS-1004-C,AST-1004,Current,48.4,2024-12-22 20:41,50.0
SNS-1004-C,AST-1004,Current,51.63,2024-12-23 13:55,50.0
SNS-1004-C,AST-1004,Current,48.01,2024-12-24 10:24,50.0
SNS-1004-C,AST-1004,Current,49.36,2024-12-25 20:49,50.0
SNS-1004-C,AST-1004,Current,49.65,2024-12-26 04:08,50.0
SNS-1004-C,AST-1004,Current,50.44,2024-12-27 02:56,50.0
SNS-1004-C,AST-1004,Current,50.34,2024-12-28 15:04,50.0
SNS-1004-C,AST-1004,Current,49.27,2024-12-29 17:56,50.0
SNS-1004-C,AST-1004,Current,49.1,2024-12-30 16:12,50.0
SNS-1004-C,AST-1004,Current,51.33,2024-12-31 22:48,50.0
SNS-1004-C,AST-1004,Current,54.08,2025-01-01 22:16,50.0
SNS-1004-C,AST-1004,Current,52.28,2025-01-02 06:06,50.0
SNS-1004-C,AST-1004,Current,45.72,2025-01-03 12:31,50.0
SNS-1004-C,AST-1004,Current,52.76,2025-01-04 10:47,50.0
SNS-1004-C,AST-1004,Current,49.1,2025-01-05 19:38,50.0
SNS-1004-C,AST-1004,Current,45.84,2025-01-06 19:49,50.0
SNS-1004-C,AST-1004,Current,49.94,2025-01-07 11:43,50.0
SNS-1004-C,AST-1004,Current,54.53,2025-01-08 20:26,50.0
SNS-1004-C,AST-1004,Current,50.74,2025-01-09 03:27,50.0
SNS-1004-C,AST-1004,Current,48.11,2025-01-10 13:50,50.0
SNS-1004-C,AST-1004,Current,48.62,2025-01-11 15:48,50.0
SNS-1004-C,AST-1004,Current,53.93,2025-01-12 22:48,50.0
SNS-1004-C,AST-1004,Current,44.72,2025-01-13 13:37,50.0
SNS-1004-C,AST-1004,Current,51.2,2025-01-14 09:32,50.0
SNS-1004-C,AST-1004,Current,51.56,2025-01-15 05:01,50.0
SNS-1004-C,AST-1004,Current,51.89,2025-01-16 05:47,50.0
SNS-1004-C,AST-1004,Current,49.79,2025-01-17 16:56,50.0
SNS-1004-C,AST-1004,Current,52.34,2025-01-18 01:14,50.0
SNS-1004-C,AST-1004,Current,50.63,2025-01-19 07:50,50.0
SNS-1004-C,AST-1004,Current,48.99,2025-01-20 22:00,50.0
SNS-1004-C,AST-1004,Current,49.44,2025-01-21 17:03,50.0
SNS-1004-C,AST-1004,Current,48.63,2025-01-22 01:14,50.0
SNS-1004-C,AST-1004,Current,51.28,2025-01-23 09:47,50.0
SNS-1004-C,AST-1004,Current,50.03,2025-01-24 06:38,50.0
SNS-1004-C,AST-1004,Current,47.7,2025-01-25 18:39,50.0
SNS-1004-C,AST-1004,Current,49.43,2025-01-26 20:24,50.0
SNS-1004-C,AST-1004,Current,51.45,2025-01-27 11:40,50.0
SNS-1004-C,AST-1004,Current,50.81,2025-01-28 14:15,50.0
SNS-1004-C,AST-1004,Current,46.62,2025-01-29 13:51,50.0
SNS-1004-C,AST-1004,Current,49.33,2025-01-30 04:27,50.0
SNS-1004-C,AST-1004,Current,47.64,2025-01-31 11:48,50.0
SNS-1004-C,AST-1004,Current,51.34,2025-02-01 08:39,50.0
SNS-1004-C,AST-1004,Current,49.17,2025-02-02 21:16,50.0
SNS-1004-C,AST-1004,Current,48.79,2025-02-03 09:52,50.0
SNS-1004-C,AST-1004,Current,50.33,2025-02-04 22:41,50.0
SNS-1004-C,AST-1004,Current,48.16,2025-02-05 09:20,50.0
SNS-1004-C,AST-1004,Current,53.71,2025-02-06 09:42,50.0
SNS-1004-C,AST-1004,Current,51.6,2025-02-07 21:41,50.0
SNS-1004-C,AST-1004,Current,51.24,2025-02-08 02:28,50.0
SNS-1004-C,AST-1004,Current,55.46,2025-02-09 13:38,50.0
SNS-1004-C,AST-1004,Current,48.59,2025-02-10 02:09,50.0
SNS-1004-C,AST-1004,Current,50.01,2025-02-11 07:17,50.0
SNS-1004-C,AST-1004,Current,50.29,2025-02-12 04:54,50.0
SNS-1004-C,AST-1004,Current,48.67,2025-02-13 05:28,50.0
SNS-1004-C,AST-1004,Current,44.7,2025-02-14 02:24,50.0
SNS-1004-C,AST-1004,Current,48.45,2025-02-15 10:50,50.0
SNS-1004-C,AST-1004,Current,49.2,2025-02-16 03:04,50.0
SNS-1004-C,AST-1004,Current,49.37,2025-02-17 05:21,50.0
SNS-1004-C,AST-1004,Current,48.82,2025-02-18 00:57,50.0
SNS-1004-C,AST-1004,Current,49.22,2025-02-19 15:47,50.0
SNS-1004-C,AST-1004,Current,52.19,2025-02-20 05:58,50.0
SNS-1004-C,AST-1004,Current,47.67,2025-02-21 04:46,50.0
SNS-1004-C,AST-1004,Current,51.3,2025-02-22 22:27,50.0
SNS-1004-C,AST-1004,Current,47.4,2025-02-23 09:12,50.0
SNS-1004-C,AST-1004,Current,55.2,2025-02-24 13:24,50.0
SNS-1004-C,AST-1004,Current,50.24,2025-02-25 21:29,50.0
SNS-1004-C,AST-1004,Current,51.82,2025-02-26 18:03,50.0
SNS-1004-C,AST-1004,Current,47.71,2025-02-27 02:05,50.0
SNS-1004-C,AST-1004,Current,46.85,2025-02-28 11:17,50.0
SNS-1004-C,AST-1004,Current,53.61,2025-03-01 14:47,50.0
SNS-1004-C,AST-1004,Current,47.07,2025-03-02 09:27,50.0
SNS-1004-C,AST-1004,Current,50.78,2025-03-03 08:36,50.0
SNS-1004-C,AST-1004,Current,47.77,2025-03-04 13:24,50.0
SNS-1004-C,AST-1004,Current,49.0,2025-03-05 18:01,50.0
SNS-1004-C,AST-1004,Current,51.89,2025-03-06 09:52,50.0
SNS-1004-C,AST-1004,Current,48.12,2025-03-07 05:49,50.0
SNS-1004-C,AST-1004,Current,49.18,2025-03-08 02:15,50.0
SNS-1004-C,AST-1004,Current,50.19,2025-03-09 11:26,50.0
SNS-1004-C,AST-1004,Current,51.89,2025-03-10 15:54,50.0
SNS-1004-C,AST-1004,Current,50.06,2025-03-11 19:41,50.0
SNS-1004-C,AST-1004,Current,49.7,2025-03-12 05:39,50.0
SNS-1004-C,AST-1004,Current,55.77,2025-03-13 08:21,50.0
SNS-1004-C,AST-1004,Current,47.95,2025-03-14 04:06,50.0
SNS-1004-C,AST-1004,Current,50.19,2025-03-15 13:43,50.0
SNS-1004-C,AST-1004,Current,48.7,2025-03-16 22:09,50.0
SNS-1004-C,AST-1004,Current,54.75,2025-03-17 20:41,50.0
SNS-1004-C,AST-1004,Current,47.78,2025-03-18 14:36,50.0
SNS-1004-C,AST-1004,Current,46.85,2025-03-19 00:48,50.0
SNS-1004-C,AST-1004,Current,47.87,2025-03-20 14:29,50.0
SNS-1004-C,AST-1004,Current,50.53,2025-03-21 02:46,50.0
SNS-1004-C,AST-1004,Current,48.68,2025-03-22 14:35,50.0
SNS-1004-C,AST-1004,Current,48.64,2025-03-23 13:35,50.0
SNS-1004-C,AST-1004,Current,51.0,2025-03-24 08:10,50.0
SNS-1004-C,AST-1004,Current,54.46,2025-03-25 21:40,50.0
SNS-1004-C,AST-1004,Current,49.93,2025-03-26 11:47,50.0
SNS-1004-C,AST-1004,Current,49.39,2025-03-27 05:31,50.0
SNS-1004-C,AST-1004,Current,44.88,2025-03-28 05:16,50.0
SNS-1004-C,AST-1004,Current,54.62,2025-03-29 21:40,50.0
SNS-1004-C,AST-1004,Current,51.09,2025-03-30 22:22,50.0
SNS-1004-C,AST-1004,Current,53.83,2025-03-31 08:50,50.0
SNS-1004-C,AST-1004,Current,49.05,2025-04-01 05:42,50.0
SNS-1004-C,AST-1004,Current,46.65,2025-04-02 19:10,50.0
SNS-1004-C,AST-1004,Current,52.8,2025-04-03 01:49,50.0
SNS-1004-C,AST-1004,Current,45.66,2025-04-04 20:51,50.0
SNS-1004-C,AST-1004,Current,51.54,2025-04-05 22:50,50.0
SNS-1004-C,AST-1004,Current,49.61,2025-04-06 10:12,50.0
SNS-1004-C,AST-1004,Current,49.98,2025-04-07 07:40,50.0
SNS-1004-C,AST-1004,Current,50.5,2025-04-08 01:08,50.0
SNS-1004-C,AST-1004,Current,47.31,2025-04-09 17:44,50.0
SNS-1004-C,AST-1004,Current,52.29,2025-04-10 02:34,50.0
SNS-1004-C,AST-1004,Current,47.7,2025-04-11 20:55,50.0
SNS-1004-C,AST-1004,Current,50.48,2025-04-12 01:15,50.0
SNS-1004-C,AST-1004,Current,47.46,2025-04-13 13:07,50.0
SNS-1004-C,AST-1004,Current,47.41,2025-04-14 14:35,50.0
SNS-1004-C,AST-1004,Current,48.88,2025-04-15 11:30,50.0
SNS-1004-C,AST-1004,Current,50.26,2025-04-16 16:01,50.0
SNS-1004-C,AST-1004,Current,48.27,2025-04-17 10:57,50.0
SNS-1004-C,AST-1004,Current,54.06,2025-04-18 22:03,50.0
SNS-1004-C,AST-1004,Current,48.14,2025-04-19 18:47,50.0
SNS-1004-C,AST-1004,Current,54.12,2025-04-20 18:12,50.0
SNS-1004-C,AST-1004,Current,53.57,2025-04-21 02:38,50.0
SNS-1004-C,AST-1004,Current,48.97,2025-04-22 13:40,50.0
SNS-1004-C,AST-1004,Current,52.95,2025-04-23 12:24,50.0
SNS-1004-C,AST-1004,Current,50.12,2025-04-24 22:07,50.0
SNS-1004-C,AST-1004,Current,52.76,2025-04-25 09:38,50.0
SNS-1004-C,AST-1004,Current,50.25,2025-04-26 08:58,50.0
SNS-1004-C,AST-1004,Current,51.59,2025-04-27 15:49,50.0
SNS-1004-C,AST-1004,Current,50.17,2025-04-28 14:34,50.0
SNS-1004-C,AST-1004,Current,46.58,2025-04-29 06:35,50.0
SNS-1004-C,AST-1004,Current,50.37,2025-04-30 21:13,50.0
SNS-1004-C,AST-1004,Current,52.21,2025-05-01 05:15,50.0
SNS-1004-C,AST-1004,Current,48.49,2025-05-02 08:47,50.0
SNS-1004-C,AST-1004,Current,52.31,2025-05-03 05:13,50.0
SNS-1004-C,AST-1004,Current,50.88,2025-05-04 17:49,50.0
SNS-1004-C,AST-1004,Current,49.01,2025-05-05 18:40,50.0
SNS-1004-C,AST-1004,Current,47.02,2025-05-06 05:16,50.0
SNS-1004-C,AST-1004,Current,48.44,2025-05-07 05:49,50.0
SNS-1004-C,AST-1004,Current,47.72,2025-05-08 07:24,50.0
SNS-1004-C,AST-1004,Current,49.76,2025-05-09 21:03,50.0
SNS-1004-C,AST-1004,Current,54.03,2025-05-10 00:45,50.0
SNS-1004-C,AST-1004,Current,50.72,2025-05-11 05:45,50.0
SNS-1004-C,AST-1004,Current,57.44,2025-05-12 12:20,50.0
SNS-1004-C,AST-1004,Current,49.83,2025-05-13 01:39,50.0
SNS-1004-C,AST-1004,Current,48.4,2025-05-14 00:06,50.0
SNS-1004-C,AST-1004,Current,48.5,2025-05-15 07:05,50.0
SNS-1004-C,AST-1004,Current,49.85,2025-05-16 12:18,50.0
SNS-1004-C,AST-1004,Current,48.66,2025-05-17 08:42,50.0
SNS-1004-C,AST-1004,Current,49.29,2025-05-18 14:46,50.0
SNS-1004-C,AST-1004,Current,46.6,2025-05-19 02:45,50.0
SNS-1004-C,AST-1004,Current,54.07,2025-05-20 05:50,50.0
SNS-1004-C,AST-1004,Current,47.95,2025-05-21 08:37,50.0
SNS-1004-C,AST-1004,Current,55.82,2025-05-22 10:58,50.0
SNS-1004-C,AST-1004,Current,50.44,2025-05-23 01:56,50.0
SNS-1004-C,AST-1004,Current,53.91,2025-05-24 15:05,50.0
SNS-1004-C,AST-1004,Current,48.09,2025-05-25 04:41,50.0
SNS-1004-C,AST-1004,Current,48.2,2025-05-26 00:43,50.0
SNS-1004-C,AST-1004,Current,50.7,2025-05-27 07:00,50.0
SNS-1004-C,AST-1004,Current,48.41,2025-05-28 14:24,50.0
SNS-1004-C,AST-1004,Current,50.27,2025-05-29 22:56,50.0
SNS-1004-C,AST-1004,Current,48.1,2025-05-30 22:06,50.0
SNS-1004-C,AST-1004,Current,47.17,2025-05-31 22:03,50.0
SNS-1004-C,AST-1004,Current,47.44,2025-06-01 17:22,50.0
SNS-1004-C,AST-1004,Current,49.52,2025-06-02 13:45,50.0
SNS-1004-C,AST-1004,Current,45.99,2025-06-03 03:47,50.0
SNS-1004-C,AST-1004,Current,46.54,2025-06-04 21:53,50.0
SNS-1004-C,AST-1004,Current,47.21,2025-06-05 11:05,50.0
SNS-1004-C,AST-1004,Current,50.12,2025-06-06 16:07,50.0
SNS-1004-C,AST-1004,Current,49.28,2025-06-07 18:33,50.0
SNS-1004-C,AST-1004,Current,49.26,2025-06-08 12:41,50.0
SNS-1004-C,AST-1004,Current,49.23,2025-06-09 12:57,50.0
SNS-1004-C,AST-1004,Current,52.73,2025-06-10 02:46,50.0
SNS-1004-C,AST-1004,Current,46.75,2025-06-11 15:09,50.0
SNS-1004-C,AST-1004,Current,50.43,2025-06-12 18:16,50.0
SNS-1004-C,AST-1004,Current,49.29,2025-06-13 21:02,50.0
SNS-1004-C,AST-1004,Current,48.21,2025-06-14 10:34,50.0
SNS-1004-C,AST-1004,Current,51.02,2025-06-15 13:10,50.0
SNS-1004-C,AST-1004,Current,49.92,2025-06-16 15:38,50.0
SNS-1004-C,AST-1004,Current,48.87,2025-06-17 10:00,50.0
SNS-1004-C,AST-1004,Current,53.46,2025-06-18 15:19,50.0
SNS-1004-C,AST-1004,Current,52.55,2025-06-19 15:14,50.0
SNS-1004-C,AST-1004,Current,48.38,2025-06-20 13:01,50.0
SNS-1004-C,AST-1004,Current,42.22,2025-06-21 16:25,50.0
SNS-1004-C,AST-1004,Current,46.85,2025-06-22 08:34,50.0
SNS-1004-C,AST-1004,Current,52.73,2025-06-23 14:50,50.0
SNS-1004-C,AST-1004,Current,51.4,2025-06-24 12:34,50.0
SNS-1004-C,AST-1004,Current,46.84,2025-06-25 09:48,50.0
SNS-1004-C,AST-1004,Current,49.41,2025-06-26 11:42,50.0
SNS-1004-C,AST-1004,Current,47.11,2025-06-27 04:12,50.0
SNS-1004-C,AST-1004,Current,51.96,2025-06-28 07:23,50.0
SNS-1004-C,AST-1004,Current,52.02,2025-06-29 09:54,50.0
SNS-1004-C,AST-1004,Current,47.38,2025-06-30 13:21,50.0
SNS-1004-C,AST-1004,Current,54.05,2025-07-01 15:27,50.0
SNS-1004-C,AST-1004,Current,48.57,2025-07-02 10:56,50.0
SNS-1004-C,AST-1004,Current,53.67,2025-07-03 04:23,50.0
SNS-1004-C,AST-1004,Current,47.93,2025-07-04 09:04,50.0
SNS-1004-C,AST-1004,Current,47.87,2025-07-05 02:35,50.0
SNS-1004-C,AST-1004,Current,43.43,2025-07-06 14:25,50.0
SNS-1004-C,AST-1004,Current,57.51,2025-07-07 13:35,50.0
SNS-1004-C,AST-1004,Current,52.02,2025-07-08 17:43,50.0
SNS-1004-C,AST-1004,Current,47.37,2025-07-09 08:20,50.0
SNS-1004-C,AST-1004,Current,48.9,2025-07-10 04:53,50.0
SNS-1004-C,AST-1004,Current,51.8,2025-07-11 04:40,50.0
SNS-1004-C,AST-1004,Current,53.83,2025-07-12 18:52,50.0
SNS-1004-C,AST-1004,Current,47.32,2025-07-13 19:06,50.0
SNS-1004-C,AST-1004,Current,50.74,2025-07-14 15:11,50.0
SNS-1004-C,AST-1004,Current,51.95,2025-07-15 02:41,50.0
SNS-1004-C,AST-1004,Current,47.51,2025-07-16 20:52,50.0
SNS-1004-C,AST-1004,Current,49.58,2025-07-17 15:38,50.0
SNS-1004-C,AST-1004,Current,51.16,2025-07-18 12:26,50.0
SNS-1004-C,AST-1004,Current,51.63,2025-07-19 10:37,50.0
SNS-1004-C,AST-1004,Current,53.99,2025-07-20 14:30,50.0
SNS-1004-C,AST-1004,Current,46.99,2025-07-21 14:53,50.0
SNS-1004-C,AST-1004,Current,51.34,2025-07-22 10:46,50.0
SNS-1004-C,AST-1004,Current,50.75,2025-07-23 08:27,50.0
SNS-1004-C,AST-1004,Current,48.12,2025-07-24 04:19,50.0
SNS-1004-C,AST-1004,Current,46.83,2025-07-25 04:20,50.0
SNS-1004-C,AST-1004,Current,50.7,2025-07-26 19:48,50.0
SNS-1004-C,AST-1004,Current,48.7,2025-07-27 03:09,50.0
SNS-1004-C,AST-1004,Current,50.53,2025-07-28 03:28,50.0
SNS-1004-C,AST-1004,Current,50.58,2025-07-29 18:33,50.0
SNS-1004-C,AST-1004,Current,48.66,2025-07-30 13:42,50.0
SNS-1004-C,AST-1004,Current,56.26,2025-07-31 11:49,50.0
SNS-1004-C,AST-1004,Current,50.95,2025-08-01 16:01,50.0
SNS-1004-C,AST-1004,Current,47.69,2025-08-02 02:03,50.0
SNS-1004-C,AST-1004,Current,52.73,2025-08-03 11:31,50.0
SNS-1004-C,AST-1004,Current,54.01,2025-08-04 07:02,50.0
SNS-1004-C,AST-1004,Current,48.79,2025-08-05 21:47,50.0
SNS-1004-C,AST-1004,Current,48.76,2025-08-06 22:25,50.0
SNS-1004-C,AST-1004,Current,51.51,2025-08-07 10:29,50.0
SNS-1004-C,AST-1004,Current,46.98,2025-08-08 09:22,50.0
SNS-1004-C,AST-1004,Current,52.74,2025-08-09 22:00,50.0
SNS-1004-C,AST-1004,Current,49.97,2025-08-10 12:41,50.0
SNS-1004-C,AST-1004,Current,52.09,2025-08-11 03:07,50.0
SNS-1004-C,AST-1004,Current,48.09,2025-08-12 03:06,50.0
SNS-1004-C,AST-1004,Current,48.13,2025-08-13 19:38,50.0
SNS-1004-C,AST-1004,Current,52.47,2025-08-14 13:23,50.0
SNS-1004-C,AST-1004,Current,47.58,2025-08-15 17:07,50.0
SNS-1004-C,AST-1004,Current,48.05,2025-08-16 07:57,50.0
SNS-1004-C,AST-1004,Current,53.7,2025-08-17 04:38,50.0
SNS-1004-C,AST-1004,Current,46.67,2025-08-18 15:22,50.0
SNS-1004-C,AST-1004,Current,53.49,2025-08-19 16:27,50.0
SNS-1004-C,AST-1004,Current,54.0,2025-08-20 04:14,50.0
SNS-1004-C,AST-1004,Current,51.31,2025-08-21 02:48,50.0
SNS-1004-C,AST-1004,Current,50.17,2025-08-22 10:14,50.0
SNS-1004-C,AST-1004,Current,50.61,2025-08-23 04:33,50.0
SNS-1004-C,AST-1004,Current,48.02,2025-08-24 14:25,50.0
SNS-1004-C,AST-1004,Current,53.07,2025-08-25 20:30,50.0
SNS-1004-C,AST-1004,Current,52.39,2025-08-26 21:29,50.0
SNS-1004-C,AST-1004,Current,54.97,2025-08-27 18:01,50.0
SNS-1004-C,AST-1004,Current,54.82,2025-08-28 18:41,50.0
SNS-1004-C,AST-1004,Current,54.31,2025-08-29 05:34,50.0
SNS-1004-C,AST-1004,Current,50.48,2025-08-30 17:36,50.0
SNS-1004-C,AST-1004,Current,52.96,2025-08-31 09:58,50.0
SNS-1004-C,AST-1004,Current,53.4,2025-09-01 13:55,50.0
SNS-1004-C,AST-1004,Current,53.87,2025-09-02 05:30,50.0
SNS-1004-C,AST-1004,Current,57.6,2025-09-03 05:54,50.0
SNS-1004-C,AST-1004,Current,54.17,2025-09-04 01:52,50.0
SNS-1004-C,AST-1004,Current,57.69,2025-09-05 14:35,50.0
SNS-1004-C,AST-1004,Current,53.09,2025-09-06 06:30,50.0
SNS-1004-C,AST-1004,Current,57.49,2025-09-07 09:12,50.0
SNS-1004-C,AST-1004,Current,51.84,2025-09-08 02:39,50.0
SNS-1004-C,AST-1004,Current,49.6,2025-09-09 11:18,50.0
SNS-1004-C,AST-1004,Current,52.53,2025-09-10 14:18,50.0
SNS-1004-C,AST-1004,Current,51.02,2025-09-11 14:54,50.0
SNS-1004-C,AST-1004,Current,56.62,2025-09-12 09:36,50.0
SNS-1004-C,AST-1004,Current,49.26,2025-09-13 08:26,50.0
SNS-1004-C,AST-1004,Current,50.35,2025-09-14 04:14,50.0
SNS-1004-C,AST-1004,Current,53.54,2025-09-15 17:27,50.0
SNS-1004-C,AST-1004,Current,52.93,2025-09-16 16:40,50.0
SNS-1004-C,AST-1004,Current,50.66,2025-09-17 21:42,50.0
SNS-1004-C,AST-1004,Current,48.83,2025-09-18 00:53,50.0
SNS-1004-C,AST-1004,Current,47.96,2025-09-19 16:43,50.0
SNS-1004-C,AST-1004,Current,51.81,2025-09-20 06:43,50.0
SNS-1004-C,AST-1004,Current,54.34,2025-09-21 20:09,50.0
SNS-1004-C,AST-1004,Current,51.34,2025-09-22 17:12,50.0
SNS-1004-C,AST-1004,Current,46.39,2025-09-23 06:28,50.0
SNS-1004-C,AST-1004,Current,45.48,2025-09-24 09:55,50.0
SNS-1004-C,AST-1004,Current,54.66,2025-09-25 14:36,50.0
SNS-1004-C,AST-1004,Current,49.79,2025-09-26 03:28,50.0
SNS-1004-C,AST-1004,Current,47.4,2025-09-27 04:26,50.0
SNS-1004-C,AST-1004,Current,48.83,2025-09-28 14:41,50.0
SNS-1004-C,AST-1004,Current,50.89,2025-09-29 02:06,50.0
SNS-1004-C,AST-1004,Current,51.56,2025-09-30 09:47,50.0
SNS-1004-C,AST-1004,Current,49.82,2025-10-01 22:08,50.0
SNS-1004-C,AST-1004,Current,51.25,2025-10-02 21:17,50.0
SNS-1004-C,AST-1004,Current,51.06,2025-10-03 07:14,50.0
SNS-1004-C,AST-1004,Current,50.34,2025-10-04 22:32,50.0
SNS-1004-C,AST-1004,Current,49.29,2025-10-05 00:49,50.0
SNS-1004-C,AST-1004,Current,48.33,2025-10-06 22:17,50.0
SNS-1004-C,AST-1004,Current,51.87,2025-10-07 02:35,50.0
SNS-1004-C,AST-1004,Current,51.9,2025-10-08 21:06,50.0
SNS-1004-C,AST-1004,Current,50.89,2025-10-09 02:33,50.0
SNS-1004-C,AST-1004,Current,51.92,2025-10-10 18:16,50.0
SNS-1004-C,AST-1004,Current,54.87,2025-10-11 00:23,50.0
SNS-1004-C,AST-1004,Current,55.82,2025-10-12 17:43,50.0
SNS-1004-C,AST-1004,Current,48.89,2025-10-13 15:32,50.0
SNS-1004-C,AST-1004,Current,52.02,2025-10-14 10:11,50.0
SNS-1004-C,AST-1004,Current,51.27,2025-10-15 04:32,50.0
SNS-1004-C,AST-1004,Current,50.94,2025-10-16 12:21,50.0
SNS-1004-C,AST-1004,Current,52.99,2025-10-17 08:28,50.0
SNS-1004-C,AST-1004,Current,55.28,2025-10-18 05:07,50.0
SNS-1004-C,AST-1004,Current,51.99,2025-10-19 18:01,50.0
SNS-1004-C,AST-1004,Current,52.42,2025-10-20 00:46,50.0
SNS-1004-C,AST-1004,Current,54.61,2025-10-21 16:00,50.0
SNS-1004-C,AST-1004,Current,49.6,2025-10-22 11:16,50.0
SNS-1004-C,AST-1004,Current,49.33,2025-10-23 13:33,50.0
SNS-1004-C,AST-1004,Current,50.43,2025-10-24 17:19,50.0
SNS-1004-C,AST-1004,Current,48.1,2025-10-25 08:58,50.0
SNS-1004-C,AST-1004,Current,52.93,2025-10-26 01:31,50.0
SNS-1004-C,AST-1004,Current,51.85,2025-10-27 00:09,50.0
SNS-1004-C,AST-1004,Current,51.81,2025-10-28 16:46,50.0
SNS-1004-C,AST-1004,Current,49.38,2025-10-29 08:02,50.0
SNS-1004-C,AST-1004,Current,55.1,2025-10-30 18:12,50.0
SNS-1004-C,AST-1004,Current,48.73,2025-10-31 11:42,50.0
SNS-1004-C,AST-1004,Current,54.71,2025-11-01 03:05,50.0
SNS-1004-C,AST-1004,Current,49.66,2025-11-02 08:53,50.0
SNS-1004-C,AST-1004,Current,46.36,2025-11-03 03:35,50.0
SNS-1004-C,AST-1004,Current,52.94,2025-11-04 18:11,50.0
SNS-1004-C,AST-1004,Current,50.18,2025-11-05 09:56,50.0
SNS-1004-C,AST-1004,Current,50.84,2025-11-06 18:19,50.0
SNS-1004-C,AST-1004,Current,50.46,2025-11-07 13:20,50.0
SNS-1004-C,AST-1004,Current,49.96,2025-11-08 22:20,50.0
SNS-1004-C,AST-1004,Current,54.02,2025-11-09 21:11,50.0
SNS-1004-C,AST-1004,Current,54.76,2025-11-10 07:21,50.0
SNS-1004-C,AST-1004,Current,54.3,2025-11-11 01:23,50.0
SNS-1004-C,AST-1004,Current,51.2,2025-11-12 15:44,50.0
SNS-1004-C,AST-1004,Current,52.63,2025-11-13 17:55,50.0
SNS-1004-C,AST-1004,Current,53.12,2025-11-14 11:58,50.0
SNS-1004-C,AST-1004,Current,53.4,2025-11-15 20:41,50.0
SNS-1004-C,AST-1004,Current,52.42,2025-11-16 00:15,50.0
SNS-1004-C,AST-1004,Current,52.13,2025-11-17 10:55,50.0
SNS-1004-C,AST-1004,Current,53.03,2025-11-18 04:08,50.0
SNS-1004-C,AST-1004,Current,53.0,2025-11-19 14:54,50.0
SNS-1004-C,AST-1004,Current,50.66,2025-11-20 19:19,50.0
SNS-1004-C,AST-1004,Current,53.72,2025-11-21 08:18,50.0
SNS-1004-C,AST-1004,Current,54.61,2025-11-22 13:58,50.0
SNS-1004-C,AST-1004,Current,55.64,2025-11-23 03:30,50.0
SNS-1004-C,AST-1004,Current,56.95,2025-11-24 20:20,50.0
SNS-1004-C,AST-1004,Current,56.93,2025-11-25 15:46,50.0
SNS-1004-C,AST-1004,Current,55.91,2025-11-26 21:04,50.0
SNS-1004-C,AST-1004,Current,53.52,2025-11-27 01:13,50.0
SNS-1004-C,AST-1004,Current,51.31,2025-11-28 02:24,50.0
SNS-1004-C,AST-1004,Current,53.96,2025-11-29 15:23,50.0
SNS-1004-C,AST-1004,Current,50.04,2025-11-30 04:35,50.0
SNS-1004-C,AST-1004,Current,50.13,2025-12-01 19:03,50.0
SNS-1004-C,AST-1004,Current,51.91,2025-12-02 13:00,50.0
SNS-1004-C,AST-1004,Current,51.87,2025-12-03 21:39,50.0
SNS-1004-C,AST-1004,Current,51.21,2025-12-04 01:42,50.0
SNS-1004-C,AST-1004,Current,48.74,2025-12-05 18:44,50.0
SNS-1004-C,AST-1004,Current,51.74,2025-12-06 05:57,50.0
SNS-1004-C,AST-1004,Current,50.51,2025-12-07 03:11,50.0
SNS-1004-C,AST-1004,Current,53.12,2025-12-08 02:50,50.0
SNS-1004-C,AST-1004,Current,47.41,2025-12-09 18:05,50.0
SNS-1004-C,AST-1004,Current,52.59,2025-12-10 16:42,50.0
SNS-1004-C,AST-1004,Current,49.33,2025-12-11 19:53,50.0
SNS-1004-C,AST-1004,Current,52.62,2025-12-12 00:50,50.0
SNS-1004-C,AST-1004,Current,47.5,2025-12-13 09:22,50.0
SNS-1004-C,AST-1004,Current,48.55,2025-12-14 01:57,50.0
SNS-1004-C,AST-1004,Current,52.11,2025-12-15 01:05,50.0
SNS-1004-C,AST-1004,Current,53.27,2025-12-16 11:58,50.0
SNS-1004-C,AST-1004,Current,53.74,2025-12-17 04:55,50.0
SNS-1004-C,AST-1004,Current,44.65,2025-12-18 06:55,50.0
SNS-1004-C,AST-1004,Current,50.45,2025-12-19 17:09,50.0
SNS-1004-C,AST-1004,Current,57.0,2025-12-20 22:33,50.0
SNS-1004-C,AST-1004,Current,53.25,2025-12-21 22:40,50.0
SNS-1004-C,AST-1004,Current,52.21,2025-12-22 15:30,50.0
SNS-1004-C,AST-1004,Current,51.62,2025-12-23 18:09,50.0
SNS-1004-C,AST-1004,Current,50.52,2025-12-24 17:58,50.0
SNS-1004-C,AST-1004,Current,52.78,2025-12-25 04:06,50.0
SNS-1004-C,AST-1004,Current,49.88,2025-12-26 02:08,50.0
SNS-1004-C,AST-1004,Current,52.19,2025-12-27 09:32,50.0
SNS-1004-C,AST-1004,Current,47.24,2025-12-28 06:07,50.0
SNS-1004-C,AST-1004,Current,55.21,2025-12-29 19:57,50.0
SNS-1004-C,AST-1004,Current,46.93,2025-12-30 00:46,50.0
SNS-1004-C,AST-1004,Current,49.72,2025-12-31 21:38,50.0
SNS-1004-C,AST-1004,Current,48.25,2026-01-01 00:11,50.0
SNS-1004-C,AST-1004,Current,50.58,2026-01-02 07:22,50.0
SNS-1004-C,AST-1004,Current,45.99,2026-01-03 00:56,50.0
SNS-1004-C,AST-1004,Current,49.91,2026-01-04 11:54,50.0
SNS-1004-C,AST-1004,Current,49.15,2026-01-05 10:01,50.0
SNS-1004-C,AST-1004,Current,52.57,2026-01-06 10:53,50.0
SNS-1004-C,AST-1004,Current,54.05,2026-01-07 11:41,50.0
SNS-1004-C,AST-1004,Current,47.49,2026-01-08 02:25,50.0
SNS-1004-C,AST-1004,Current,51.13,2026-01-09 02:37,50.0
SNS-1004-C,AST-1004,Current,50.12,2026-01-10 20:40,50.0
SNS-1004-C,AST-1004,Current,52.74,2026-01-11 09:39,50.0
SNS-1004-C,AST-1004,Current,55.64,2026-01-12 18:18,50.0
SNS-1004-C,AST-1004,Current,53.84,2026-01-13 22:23,50.0
SNS-1004-C,AST-1004,Current,49.16,2026-01-14 21:01,50.0
SNS-1004-C,AST-1004,Current,52.72,2026-01-15 11:23,50.0
SNS-1004-C,AST-1004,Current,47.86,2026-01-16 08:30,50.0
SNS-1004-C,AST-1004,Current,52.01,2026-01-17 13:32,50.0
SNS-1004-C,AST-1004,Current,52.77,2026-01-18 04:43,50.0
SNS-1004-C,AST-1004,Current,48.82,2026-01-19 11:19,50.0
SNS-1004-C,AST-1004,Current,45.3,2026-01-20 08:36,50.0
SNS-1004-C,AST-1004,Current,50.96,2026-01-21 14:33,50.0
SNS-1004-C,AST-1004,Current,50.34,2026-01-22 01:52,50.0
SNS-1004-C,AST-1004,Current,57.7,2026-01-23 19:00,50.0
SNS-1004-C,AST-1004,Current,49.14,2026-01-24 14:09,50.0
SNS-1004-C,AST-1004,Current,54.7,2026-01-25 06:33,50.0
SNS-1004-C,AST-1004,Current,49.79,2026-01-26 14:17,50.0
SNS-1004-C,AST-1004,Current,51.1,2026-01-27 11:10,50.0
SNS-1004-C,AST-1004,Current,50.86,2026-01-28 04:01,50.0
SNS-1004-C,AST-1004,Current,48.17,2026-01-29 13:08,50.0
SNS-1004-C,AST-1004,Current,51.92,2026-01-30 20:47,50.0
SNS-1004-C,AST-1004,Current,50.86,2026-01-31 03:26,50.0
SNS-1004-C,AST-1004,Current,53.13,2026-02-01 11:38,50.0
SNS-1004-C,AST-1004,Current,51.41,2026-02-02 10:13,50.0
SNS-1004-C,AST-1004,Current,50.47,2026-02-03 05:30,50.0
SNS-1004-C,AST-1004,Current,51.29,2026-02-04 04:16,50.0
SNS-1004-C,AST-1004,Current,52.56,2026-02-05 00:52,50.0
SNS-1004-C,AST-1004,Current,49.87,2026-02-06 00:10,50.0
SNS-1004-C,AST-1004,Current,51.63,2026-02-07 15:29,50.0
SNS-1004-C,AST-1004,Current,51.7,2026-02-08 01:47,50.0
SNS-1004-C,AST-1004,Current,49.47,2026-02-09 16:40,50.0
SNS-1004-C,AST-1004,Current,47.53,2026-02-10 16:37,50.0
SNS-1004-C,AST-1004,Current,48.59,2026-02-11 03:25,50.0
SNS-1004-C,AST-1004,Current,52.28,2026-02-12 15:41,50.0
SNS-1004-C,AST-1004,Current,53.04,2026-02-13 21:20,50.0
SNS-1004-C,AST-1004,Current,47.17,2026-02-14 17:53,50.0
SNS-1004-C,AST-1004,Current,45.35,2026-02-15 07:38,50.0
SNS-1004-C,AST-1004,Current,48.1,2026-02-16 02:33,50.0
SNS-1004-C,AST-1004,Current,53.1,2026-02-17 11:01,50.0
SNS-1004-C,AST-1004,Current,50.23,2026-02-18 13:07,50.0
SNS-1004-C,AST-1004,Current,51.33,2026-02-19 19:06,50.0
SNS-1004-C,AST-1004,Current,48.89,2026-02-20 19:42,50.0
SNS-1004-C,AST-1004,Current,50.4,2026-02-21 13:37,50.0
SNS-1004-C,AST-1004,Current,53.03,2026-02-22 17:05,50.0
SNS-1004-C,AST-1004,Current,53.06,2026-02-23 11:09,50.0
SNS-1004-C,AST-1004,Current,50.18,2026-02-24 19:55,50.0
SNS-1004-C,AST-1004,Current,51.11,2026-02-25 06:29,50.0
SNS-1004-C,AST-1004,Current,51.64,2026-02-26 17:13,50.0
SNS-1004-C,AST-1004,Current,50.03,2026-02-27 15:33,50.0
SNS-1004-C,AST-1004,Current,47.43,2026-02-28 01:56,50.0
SNS-1004-C,AST-1004,Current,49.44,2026-03-01 01:34,50.0
SNS-1004-C,AST-1004,Current,50.39,2026-03-02 12:35,50.0
SNS-1004-C,AST-1004,Current,51.33,2026-03-03 08:43,50.0
SNS-1004-C,AST-1004,Current,47.75,2026-03-04 07:11,50.0
SNS-1004-C,AST-1004,Current,48.68,2026-03-05 22:19,50.0
SNS-1004-C,AST-1004,Current,51.93,2026-03-06 22:21,50.0
SNS-1004-C,AST-1004,Current,52.78,2026-03-07 05:24,50.0
SNS-1004-C,AST-1004,Current,48.94,2026-03-08 00:22,50.0
SNS-1004-C,AST-1004,Current,46.95,2026-03-09 06:35,50.0
SNS-1004-C,AST-1004,Current,48.17,2026-03-10 04:15,50.0
SNS-1004-C,AST-1004,Current,53.85,2026-03-11 14:57,50.0
SNS-1004-C,AST-1004,Current,52.65,2026-03-12 11:43,50.0
SNS-1004-C,AST-1004,Current,48.92,2026-03-13 11:04,50.0
SNS-1004-C,AST-1004,Current,52.84,2026-03-14 00:42,50.0
SNS-1004-C,AST-1004,Current,42.45,2026-03-15 08:10,50.0
SNS-1004-C,AST-1004,Current,47.76,2026-03-16 04:36,50.0
SNS-1004-C,AST-1004,Current,52.23,2026-03-17 09:39,50.0
SNS-1004-C,AST-1004,Current,46.75,2026-03-18 18:43,50.0
SNS-1004-C,AST-1004,Current,52.55,2026-03-19 12:04,50.0
SNS-1004-C,AST-1004,Current,50.21,2026-03-20 08:31,50.0
SNS-1004-C,AST-1004,Current,53.22,2026-03-21 15:06,50.0
SNS-1004-C,AST-1004,Current,53.26,2026-03-22 14:24,50.0
SNS-1004-C,AST-1004,Current,48.69,2026-03-23 12:29,50.0
SNS-1004-C,AST-1004,Current,50.74,2026-03-24 09:02,50.0
SNS-1004-C,AST-1004,Current,52.55,2026-03-25 00:41,50.0
SNS-1004-C,AST-1004,Current,50.44,2026-03-26 03:22,50.0
SNS-1004-C,AST-1004,Current,50.53,2026-03-27 22:25,50.0
SNS-1004-C,AST-1004,Current,50.07,2026-03-28 04:06,50.0
SNS-1004-C,AST-1004,Current,47.56,2026-03-29 15:19,50.0
SNS-1004-C,AST-1004,Current,53.47,2026-03-30 06:46,50.0
SNS-1004-C,AST-1004,Current,50.75,2026-03-31 18:36,50.0
SNS-1004-C,AST-1004,Current,45.02,2026-04-01 04:15,50.0
SNS-1004-C,AST-1004,Current,53.32,2026-04-02 15:52,50.0
SNS-1004-C,AST-1004,Current,55.36,2026-04-03 09:35,50.0
SNS-1004-C,AST-1004,Current,49.06,2026-04-04 01:33,50.0
SNS-1004-C,AST-1004,Current,49.96,2026-04-05 03:19,50.0
SNS-1004-C,AST-1004,Current,52.32,2026-04-06 12:46,50.0
SNS-1004-C,AST-1004,Current,48.48,2026-04-07 15:17,50.0
SNS-1004-C,AST-1004,Current,51.19,2026-04-08 01:02,50.0
SNS-1004-C,AST-1004,Current,51.65,2026-04-09 21:45,50.0
SNS-1004-C,AST-1004,Current,50.23,2026-04-10 15:42,50.0
SNS-1004-C,AST-1004,Current,52.94,2026-04-11 21:21,50.0
SNS-1004-C,AST-1004,Current,51.03,2026-04-12 07:48,50.0
SNS-1004-C,AST-1004,Current,47.67,2026-04-13 18:04,50.0
SNS-1004-C,AST-1004,Current,53.05,2026-04-14 15:54,50.0
SNS-1004-C,AST-1004,Current,52.65,2026-04-15 22:26,50.0
SNS-1004-C,AST-1004,Current,45.51,2026-04-16 01:21,50.0
SNS-1004-C,AST-1004,Current,50.3,2026-04-17 08:54,50.0
SNS-1004-C,AST-1004,Current,51.53,2026-04-18 19:30,50.0
SNS-1004-C,AST-1004,Current,49.23,2026-04-19 10:25,50.0
SNS-1004-C,AST-1004,Current,47.58,2026-04-20 07:36,50.0
SNS-1004-C,AST-1004,Current,47.27,2026-04-21 16:58,50.0
SNS-1004-C,AST-1004,Current,48.09,2026-04-22 09:42,50.0
SNS-1004-C,AST-1004,Current,44.21,2026-04-23 04:22,50.0
SNS-1004-C,AST-1004,Current,50.9,2026-04-24 20:08,50.0
SNS-1004-C,AST-1004,Current,52.66,2026-04-25 09:30,50.0
SNS-1004-C,AST-1004,Current,47.0,2026-04-26 01:50,50.0
SNS-1004-C,AST-1004,Current,49.91,2026-04-27 02:12,50.0
SNS-1004-C,AST-1004,Current,47.34,2026-04-28 15:29,50.0
SNS-1004-C,AST-1004,Current,46.28,2026-04-29 02:47,50.0
SNS-1004-C,AST-1004,Current,47.0,2026-04-30 21:42,50.0
SNS-1004-C,AST-1004,Current,46.01,2026-05-01 17:18,50.0
SNS-1004-C,AST-1004,Current,51.72,2026-05-02 12:44,50.0
SNS-1004-C,AST-1004,Current,51.53,2026-05-03 07:47,50.0
SNS-1004-C,AST-1004,Current,48.39,2026-05-04 04:05,50.0
SNS-1004-C,AST-1004,Current,51.5,2026-05-05 20:02,50.0
SNS-1004-C,AST-1004,Current,49.88,2026-05-06 19:51,50.0
SNS-1004-C,AST-1004,Current,53.09,2026-05-07 19:10,50.0
SNS-1004-C,AST-1004,Current,47.21,2026-05-08 03:10,50.0
SNS-1004-C,AST-1004,Current,47.84,2026-05-09 16:51,50.0
SNS-1004-C,AST-1004,Current,49.12,2026-05-10 00:16,50.0
SNS-1004-C,AST-1004,Current,47.26,2026-05-11 02:33,50.0
SNS-1004-C,AST-1004,Current,48.61,2026-05-12 16:49,50.0
SNS-1004-C,AST-1004,Current,49.54,2026-05-13 22:53,50.0
SNS-1004-C,AST-1004,Current,30.63,2026-05-14 22:06,50.0
SNS-1004-C,AST-1004,Current,54.57,2026-05-15 03:46,50.0
SNS-1004-C,AST-1004,Current,53.45,2026-05-16 14:54,50.0
SNS-1004-C,AST-1004,Current,47.71,2026-05-17 22:51,50.0
SNS-1004-C,AST-1004,Current,49.39,2026-05-18 01:26,50.0
SNS-1004-C,AST-1004,Current,47.62,2026-05-19 00:44,50.0
SNS-1004-C,AST-1004,Current,46.65,2026-05-20 12:51,50.0
SNS-1004-C,AST-1004,Current,48.11,2026-05-21 09:38,50.0
SNS-1004-C,AST-1004,Current,50.91,2026-05-22 20:46,50.0
SNS-1004-C,AST-1004,Current,54.5,2026-05-23 16:31,50.0
SNS-1004-C,AST-1004,Current,50.33,2026-05-24 16:16,50.0
SNS-1004-C,AST-1004,Current,47.65,2026-05-25 01:28,50.0
SNS-1004-C,AST-1004,Current,37.56,2026-05-26 18:50,50.0
SNS-1004-C,AST-1004,Current,49.11,2026-05-27 20:55,50.0
SNS-1004-C,AST-1004,Current,46.86,2026-05-28 12:48,50.0
SNS-1004-C,AST-1004,Current,50.93,2026-05-29 01:35,50.0
SNS-1004-C,AST-1004,Current,51.69,2026-05-30 04:52,50.0
SNS-1004-C,AST-1004,Current,49.96,2026-05-31 15:17,50.0
SNS-1004-C,AST-1004,Current,54.98,2026-06-01 22:07,50.0
SNS-1004-C,AST-1004,Current,52.93,2026-06-02 09:37,50.0
SNS-1004-C,AST-1004,Current,47.93,2026-06-03 09:20,50.0
SNS-1004-C,AST-1004,Current,49.58,2026-06-04 04:05,50.0
SNS-1004-C,AST-1004,Current,49.47,2026-06-05 09:36,50.0
SNS-1004-C,AST-1004,Current,49.45,2026-06-06 00:54,50.0
SNS-1004-C,AST-1004,Current,53.59,2026-06-07 18:09,50.0
SNS-1004-C,AST-1004,Current,47.15,2026-06-08 11:35,50.0
SNS-1004-C,AST-1004,Current,47.83,2026-06-09 21:51,50.0
SNS-1004-C,AST-1004,Current,50.49,2026-06-10 13:06,50.0
SNS-1004-C,AST-1004,Current,48.56,2026-06-11 16:27,50.0
SNS-1004-C,AST-1004,Current,48.24,2026-06-12 10:09,50.0
SNS-1004-C,AST-1004,Current,48.49,2026-06-13 15:13,50.0
SNS-1004-C,AST-1004,Current,51.48,2026-06-14 12:03,50.0
SNS-1004-C,AST-1004,Current,53.94,2026-06-15 11:54,50.0
SNS-1004-C,AST-1004,Current,51.52,2026-06-16 22:09,50.0
SNS-1004-C,AST-1004,Current,52.64,2026-06-17 02:16,50.0
SNS-1004-C,AST-1004,Current,53.54,2026-06-18 21:25,50.0
SNS-1004-C,AST-1004,Current,49.62,2026-06-19 06:35,50.0
SNS-1004-C,AST-1004,Current,51.6,2026-06-20 08:53,50.0
SNS-1004-C,AST-1004,Current,52.32,2026-06-21 06:01,50.0
SNS-1004-C,AST-1004,Current,47.66,2026-06-22 01:53,50.0
SNS-1004-C,AST-1004,Current,48.04,2026-06-23 18:32,50.0
SNS-1004-C,AST-1004,Current,52.36,2026-06-24 17:24,50.0
SNS-1004-C,AST-1004,Current,51.27,2026-06-25 19:25,50.0
SNS-1004-C,AST-1004,Current,49.3,2026-06-26 03:43,50.0
SNS-1004-C,AST-1004,Current,45.72,2026-06-27 12:14,50.0
SNS-1004-C,AST-1004,Current,54.09,2026-06-28 06:22,50.0
SNS-1004-C,AST-1004,Current,47.17,2026-06-29 08:16,50.0
SNS-1004-C,AST-1004,Current,50.46,2026-06-30 01:37,50.0
SNS-1004-C,AST-1004,Current,51.36,2026-07-01 09:48,50.0
SNS-1004-C,AST-1004,Current,49.63,2026-07-02 03:18,50.0
SNS-1004-C,AST-1004,Current,47.82,2026-07-03 09:41,50.0
SNS-1004-C,AST-1004,Current,46.38,2026-07-04 00:28,50.0
SNS-1004-C,AST-1004,Current,48.81,2026-07-05 11:13,50.0
SNS-1004-C,AST-1004,Current,50.35,2026-07-06 03:01,50.0
SNS-1004-C,AST-1004,Current,51.31,2026-07-07 08:00,50.0
SNS-1004-C,AST-1004,Current,50.51,2026-07-08 04:38,50.0
SNS-1004-C,AST-1004,Current,46.67,2026-07-09 17:34,50.0
SNS-1004-C,AST-1004,Current,52.02,2026-07-10 05:38,50.0
SNS-1004-C,AST-1004,Current,49.75,2026-07-11 18:18,50.0
SNS-1004-C,AST-1004,Current,49.02,2026-07-12 15:20,50.0
SNS-1004-C,AST-1004,Current,50.75,2026-07-13 11:26,50.0
SNS-1004-C,AST-1004,Current,53.36,2026-07-14 06:02,50.0
SNS-1004-C,AST-1004,Current,50.77,2026-07-15 04:39,50.0
SNS-1004-C,AST-1004,Current,50.79,2026-07-16 09:05,50.0
SNS-1004-C,AST-1004,Current,49.84,2026-07-17 15:28,50.0
SNS-1004-C,AST-1004,Current,50.96,2026-07-18 02:18,50.0
SNS-1004-C,AST-1004,Current,70.7,2026-07-19 05:23,50.0
SNS-1004-C,AST-1004,Current,49.49,2026-07-20 18:15,50.0
SNS-1004-C,AST-1004,Current,55.04,2026-07-21 12:33,50.0
SNS-1004-C,AST-1004,Current,53.32,2026-07-22 01:37,50.0
SNS-1004-C,AST-1004,Current,52.93,2026-07-23 03:16,50.0
SNS-1004-C,AST-1004,Current,50.46,2026-07-24 02:28,50.0
SNS-1004-C,AST-1004,Current,57.7,2026-07-25 01:36,50.0
SNS-1004-H,AST-1004,Humidity,45.88,2024-07-25 10:06,45.0
SNS-1004-H,AST-1004,Humidity,44.59,2024-07-26 06:48,45.0
SNS-1004-H,AST-1004,Humidity,44.21,2024-07-27 10:17,45.0
SNS-1004-H,AST-1004,Humidity,47.3,2024-07-28 21:38,45.0
SNS-1004-H,AST-1004,Humidity,45.77,2024-07-29 11:22,45.0
SNS-1004-H,AST-1004,Humidity,48.17,2024-07-30 04:13,45.0
SNS-1004-H,AST-1004,Humidity,42.28,2024-07-31 08:42,45.0
SNS-1004-H,AST-1004,Humidity,46.91,2024-08-01 08:49,45.0
SNS-1004-H,AST-1004,Humidity,47.63,2024-08-02 15:01,45.0
SNS-1004-H,AST-1004,Humidity,47.81,2024-08-03 17:07,45.0
SNS-1004-H,AST-1004,Humidity,44.73,2024-08-04 10:34,45.0
SNS-1004-H,AST-1004,Humidity,47.31,2024-08-05 21:05,45.0
SNS-1004-H,AST-1004,Humidity,43.46,2024-08-06 20:39,45.0
SNS-1004-H,AST-1004,Humidity,45.66,2024-08-07 09:28,45.0
SNS-1004-H,AST-1004,Humidity,45.51,2024-08-08 17:35,45.0
SNS-1004-H,AST-1004,Humidity,46.33,2024-08-09 05:28,45.0
SNS-1004-H,AST-1004,Humidity,44.31,2024-08-10 07:06,45.0
SNS-1004-H,AST-1004,Humidity,45.88,2024-08-11 19:05,45.0
SNS-1004-H,AST-1004,Humidity,44.76,2024-08-12 05:36,45.0
SNS-1004-H,AST-1004,Humidity,44.67,2024-08-13 13:20,45.0
SNS-1004-H,AST-1004,Humidity,43.34,2024-08-14 04:16,45.0
SNS-1004-H,AST-1004,Humidity,45.79,2024-08-15 04:40,45.0
SNS-1004-H,AST-1004,Humidity,43.07,2024-08-16 17:06,45.0
SNS-1004-H,AST-1004,Humidity,44.39,2024-08-17 14:29,45.0
SNS-1004-H,AST-1004,Humidity,44.05,2024-08-18 06:50,45.0
SNS-1004-H,AST-1004,Humidity,46.76,2024-08-19 13:30,45.0
SNS-1004-H,AST-1004,Humidity,47.76,2024-08-20 04:08,45.0
SNS-1004-H,AST-1004,Humidity,43.05,2024-08-21 01:07,45.0
SNS-1004-H,AST-1004,Humidity,47.32,2024-08-22 17:55,45.0
SNS-1004-H,AST-1004,Humidity,48.83,2024-08-23 20:58,45.0
SNS-1004-H,AST-1004,Humidity,42.94,2024-08-24 13:03,45.0
SNS-1004-H,AST-1004,Humidity,44.05,2024-08-25 04:21,45.0
SNS-1004-H,AST-1004,Humidity,45.93,2024-08-26 07:26,45.0
SNS-1004-H,AST-1004,Humidity,45.76,2024-08-27 02:46,45.0
SNS-1004-H,AST-1004,Humidity,44.64,2024-08-28 11:32,45.0
SNS-1004-H,AST-1004,Humidity,44.33,2024-08-29 11:10,45.0
SNS-1004-H,AST-1004,Humidity,45.57,2024-08-30 15:12,45.0
SNS-1004-H,AST-1004,Humidity,45.2,2024-08-31 15:35,45.0
SNS-1004-H,AST-1004,Humidity,48.14,2024-09-01 20:50,45.0
SNS-1004-H,AST-1004,Humidity,44.99,2024-09-02 19:58,45.0
SNS-1004-H,AST-1004,Humidity,47.67,2024-09-03 08:11,45.0
SNS-1004-H,AST-1004,Humidity,45.54,2024-09-04 16:46,45.0
SNS-1004-H,AST-1004,Humidity,42.27,2024-09-05 05:01,45.0
SNS-1004-H,AST-1004,Humidity,47.86,2024-09-06 10:54,45.0
SNS-1004-H,AST-1004,Humidity,46.61,2024-09-07 11:12,45.0
SNS-1004-H,AST-1004,Humidity,44.16,2024-09-08 16:33,45.0
SNS-1004-H,AST-1004,Humidity,44.5,2024-09-09 04:16,45.0
SNS-1004-H,AST-1004,Humidity,47.85,2024-09-10 04:20,45.0
SNS-1004-H,AST-1004,Humidity,44.63,2024-09-11 01:12,45.0
SNS-1004-H,AST-1004,Humidity,44.95,2024-09-12 03:36,45.0
SNS-1004-H,AST-1004,Humidity,43.81,2024-09-13 09:50,45.0
SNS-1004-H,AST-1004,Humidity,43.21,2024-09-14 03:34,45.0
SNS-1004-H,AST-1004,Humidity,47.02,2024-09-15 20:50,45.0
SNS-1004-H,AST-1004,Humidity,46.09,2024-09-16 17:05,45.0
SNS-1004-H,AST-1004,Humidity,47.99,2024-09-17 03:30,45.0
SNS-1004-H,AST-1004,Humidity,44.93,2024-09-18 09:53,45.0
SNS-1004-H,AST-1004,Humidity,46.88,2024-09-19 22:14,45.0
SNS-1004-H,AST-1004,Humidity,45.43,2024-09-20 04:44,45.0
SNS-1004-H,AST-1004,Humidity,46.96,2024-09-21 18:36,45.0
SNS-1004-H,AST-1004,Humidity,42.22,2024-09-22 07:49,45.0
SNS-1004-H,AST-1004,Humidity,44.63,2024-09-23 21:24,45.0
SNS-1004-H,AST-1004,Humidity,49.89,2024-09-24 00:49,45.0
SNS-1004-H,AST-1004,Humidity,48.29,2024-09-25 10:49,45.0
SNS-1004-H,AST-1004,Humidity,45.75,2024-09-26 22:15,45.0
SNS-1004-H,AST-1004,Humidity,45.46,2024-09-27 21:49,45.0
SNS-1004-H,AST-1004,Humidity,46.75,2024-09-28 05:43,45.0
SNS-1004-H,AST-1004,Humidity,46.63,2024-09-29 07:35,45.0
SNS-1004-H,AST-1004,Humidity,42.66,2024-09-30 11:27,45.0
SNS-1004-H,AST-1004,Humidity,46.66,2024-10-01 06:56,45.0
SNS-1004-H,AST-1004,Humidity,46.37,2024-10-02 04:47,45.0
SNS-1004-H,AST-1004,Humidity,46.45,2024-10-03 11:13,45.0
SNS-1004-H,AST-1004,Humidity,47.76,2024-10-04 22:55,45.0
SNS-1004-H,AST-1004,Humidity,45.3,2024-10-05 09:03,45.0
SNS-1004-H,AST-1004,Humidity,43.6,2024-10-06 12:43,45.0
SNS-1004-H,AST-1004,Humidity,46.82,2024-10-07 07:44,45.0
SNS-1004-H,AST-1004,Humidity,46.81,2024-10-08 08:55,45.0
SNS-1004-H,AST-1004,Humidity,47.17,2024-10-09 20:50,45.0
SNS-1004-H,AST-1004,Humidity,47.94,2024-10-10 12:52,45.0
SNS-1004-H,AST-1004,Humidity,46.73,2024-10-11 10:35,45.0
SNS-1004-H,AST-1004,Humidity,40.95,2024-10-12 09:16,45.0
SNS-1004-H,AST-1004,Humidity,47.71,2024-10-13 13:35,45.0
SNS-1004-H,AST-1004,Humidity,45.56,2024-10-14 12:26,45.0
SNS-1004-H,AST-1004,Humidity,45.72,2024-10-15 09:48,45.0
SNS-1004-H,AST-1004,Humidity,44.48,2024-10-16 22:32,45.0
SNS-1004-H,AST-1004,Humidity,46.29,2024-10-17 21:19,45.0
SNS-1004-H,AST-1004,Humidity,44.74,2024-10-18 12:14,45.0
SNS-1004-H,AST-1004,Humidity,46.81,2024-10-19 21:03,45.0
SNS-1004-H,AST-1004,Humidity,44.29,2024-10-20 22:19,45.0
SNS-1004-H,AST-1004,Humidity,48.21,2024-10-21 17:07,45.0
SNS-1004-H,AST-1004,Humidity,46.96,2024-10-22 19:06,45.0
SNS-1004-H,AST-1004,Humidity,46.49,2024-10-23 07:27,45.0
SNS-1004-H,AST-1004,Humidity,44.1,2024-10-24 05:24,45.0
SNS-1004-H,AST-1004,Humidity,44.42,2024-10-25 05:36,45.0
SNS-1004-H,AST-1004,Humidity,48.29,2024-10-26 16:24,45.0
SNS-1004-H,AST-1004,Humidity,46.32,2024-10-27 17:44,45.0
SNS-1004-H,AST-1004,Humidity,46.72,2024-10-28 07:14,45.0
SNS-1004-H,AST-1004,Humidity,45.61,2024-10-29 06:12,45.0
SNS-1004-H,AST-1004,Humidity,45.39,2024-10-30 05:15,45.0
SNS-1004-H,AST-1004,Humidity,45.87,2024-10-31 13:27,45.0
SNS-1004-H,AST-1004,Humidity,45.36,2024-11-01 05:01,45.0
SNS-1004-H,AST-1004,Humidity,44.93,2024-11-02 09:25,45.0
SNS-1004-H,AST-1004,Humidity,45.94,2024-11-03 11:15,45.0
SNS-1004-H,AST-1004,Humidity,46.84,2024-11-04 19:09,45.0
SNS-1004-H,AST-1004,Humidity,30.88,2024-11-05 02:26,45.0
SNS-1004-H,AST-1004,Humidity,45.68,2024-11-06 06:58,45.0
SNS-1004-H,AST-1004,Humidity,44.73,2024-11-07 11:51,45.0
SNS-1004-H,AST-1004,Humidity,48.63,2024-11-08 05:14,45.0
SNS-1004-H,AST-1004,Humidity,42.71,2024-11-09 22:53,45.0
SNS-1004-H,AST-1004,Humidity,46.59,2024-11-10 20:55,45.0
SNS-1004-H,AST-1004,Humidity,46.37,2024-11-11 13:07,45.0
SNS-1004-H,AST-1004,Humidity,49.62,2024-11-12 10:55,45.0
SNS-1004-H,AST-1004,Humidity,47.47,2024-11-13 07:42,45.0
SNS-1004-H,AST-1004,Humidity,46.6,2024-11-14 09:47,45.0
SNS-1004-H,AST-1004,Humidity,48.04,2024-11-15 17:11,45.0
SNS-1004-H,AST-1004,Humidity,46.67,2024-11-16 09:32,45.0
SNS-1004-H,AST-1004,Humidity,45.31,2024-11-17 12:32,45.0
SNS-1004-H,AST-1004,Humidity,44.27,2024-11-18 21:55,45.0
SNS-1004-H,AST-1004,Humidity,43.46,2024-11-19 02:17,45.0
SNS-1004-H,AST-1004,Humidity,43.6,2024-11-20 05:37,45.0
SNS-1004-H,AST-1004,Humidity,43.89,2024-11-21 20:50,45.0
SNS-1004-H,AST-1004,Humidity,45.21,2024-11-22 01:06,45.0
SNS-1004-H,AST-1004,Humidity,44.3,2024-11-23 22:48,45.0
SNS-1004-H,AST-1004,Humidity,44.62,2024-11-24 13:45,45.0
SNS-1004-H,AST-1004,Humidity,46.14,2024-11-25 03:34,45.0
SNS-1004-H,AST-1004,Humidity,46.93,2024-11-26 20:36,45.0
SNS-1004-H,AST-1004,Humidity,40.82,2024-11-27 08:57,45.0
SNS-1004-H,AST-1004,Humidity,45.8,2024-11-28 15:54,45.0
SNS-1004-H,AST-1004,Humidity,45.1,2024-11-29 02:36,45.0
SNS-1004-H,AST-1004,Humidity,46.58,2024-11-30 14:39,45.0
SNS-1004-H,AST-1004,Humidity,43.18,2024-12-01 12:28,45.0
SNS-1004-H,AST-1004,Humidity,47.41,2024-12-02 06:31,45.0
SNS-1004-H,AST-1004,Humidity,44.46,2024-12-03 18:13,45.0
SNS-1004-H,AST-1004,Humidity,46.51,2024-12-04 14:39,45.0
SNS-1004-H,AST-1004,Humidity,47.0,2024-12-05 16:43,45.0
SNS-1004-H,AST-1004,Humidity,46.55,2024-12-06 22:51,45.0
SNS-1004-H,AST-1004,Humidity,47.6,2024-12-07 09:50,45.0
SNS-1004-H,AST-1004,Humidity,43.65,2024-12-08 15:13,45.0
SNS-1004-H,AST-1004,Humidity,43.23,2024-12-09 14:05,45.0
SNS-1004-H,AST-1004,Humidity,42.21,2024-12-10 10:43,45.0
SNS-1004-H,AST-1004,Humidity,45.65,2024-12-11 06:15,45.0
SNS-1004-H,AST-1004,Humidity,48.81,2024-12-12 04:27,45.0
SNS-1004-H,AST-1004,Humidity,46.08,2024-12-13 21:42,45.0
SNS-1004-H,AST-1004,Humidity,45.86,2024-12-14 17:50,45.0
SNS-1004-H,AST-1004,Humidity,45.59,2024-12-15 10:38,45.0
SNS-1004-H,AST-1004,Humidity,46.81,2024-12-16 20:26,45.0
SNS-1004-H,AST-1004,Humidity,44.39,2024-12-17 04:23,45.0
SNS-1004-H,AST-1004,Humidity,44.42,2024-12-18 03:34,45.0
SNS-1004-H,AST-1004,Humidity,44.49,2024-12-19 17:18,45.0
SNS-1004-H,AST-1004,Humidity,41.69,2024-12-20 05:25,45.0
SNS-1004-H,AST-1004,Humidity,49.15,2024-12-21 20:35,45.0
SNS-1004-H,AST-1004,Humidity,41.35,2024-12-22 14:05,45.0
SNS-1004-H,AST-1004,Humidity,44.19,2024-12-23 21:24,45.0
SNS-1004-H,AST-1004,Humidity,48.37,2024-12-24 13:11,45.0
SNS-1004-H,AST-1004,Humidity,45.4,2024-12-25 17:12,45.0
SNS-1004-H,AST-1004,Humidity,46.95,2024-12-26 12:39,45.0
SNS-1004-H,AST-1004,Humidity,48.99,2024-12-27 10:21,45.0
SNS-1004-H,AST-1004,Humidity,47.08,2024-12-28 01:17,45.0
SNS-1004-H,AST-1004,Humidity,41.86,2024-12-29 01:11,45.0
SNS-1004-H,AST-1004,Humidity,47.81,2024-12-30 03:40,45.0
SNS-1004-H,AST-1004,Humidity,46.54,2024-12-31 20:08,45.0
SNS-1004-H,AST-1004,Humidity,47.1,2025-01-01 11:03,45.0
SNS-1004-H,AST-1004,Humidity,45.13,2025-01-02 20:27,45.0
SNS-1004-H,AST-1004,Humidity,44.01,2025-01-03 04:22,45.0
SNS-1004-H,AST-1004,Humidity,46.97,2025-01-04 17:45,45.0
SNS-1004-H,AST-1004,Humidity,48.65,2025-01-05 02:54,45.0
SNS-1004-H,AST-1004,Humidity,43.34,2025-01-06 09:37,45.0
SNS-1004-H,AST-1004,Humidity,46.85,2025-01-07 11:43,45.0
SNS-1004-H,AST-1004,Humidity,44.13,2025-01-08 07:25,45.0
SNS-1004-H,AST-1004,Humidity,45.76,2025-01-09 14:11,45.0
SNS-1004-H,AST-1004,Humidity,47.18,2025-01-10 14:56,45.0
SNS-1004-H,AST-1004,Humidity,46.71,2025-01-11 20:35,45.0
SNS-1004-H,AST-1004,Humidity,44.31,2025-01-12 11:42,45.0
SNS-1004-H,AST-1004,Humidity,45.57,2025-01-13 12:15,45.0
SNS-1004-H,AST-1004,Humidity,45.06,2025-01-14 02:22,45.0
SNS-1004-H,AST-1004,Humidity,45.03,2025-01-15 19:28,45.0
SNS-1004-H,AST-1004,Humidity,44.25,2025-01-16 16:09,45.0
SNS-1004-H,AST-1004,Humidity,44.58,2025-01-17 14:13,45.0
SNS-1004-H,AST-1004,Humidity,44.11,2025-01-18 12:38,45.0
SNS-1004-H,AST-1004,Humidity,45.21,2025-01-19 06:47,45.0
SNS-1004-H,AST-1004,Humidity,46.33,2025-01-20 02:50,45.0
SNS-1004-H,AST-1004,Humidity,48.2,2025-01-21 13:54,45.0
SNS-1004-H,AST-1004,Humidity,46.15,2025-01-22 07:00,45.0
SNS-1004-H,AST-1004,Humidity,43.57,2025-01-23 00:51,45.0
SNS-1004-H,AST-1004,Humidity,45.49,2025-01-24 04:52,45.0
SNS-1004-H,AST-1004,Humidity,44.32,2025-01-25 07:16,45.0
SNS-1004-H,AST-1004,Humidity,46.47,2025-01-26 14:13,45.0
SNS-1004-H,AST-1004,Humidity,46.07,2025-01-27 17:30,45.0
SNS-1004-H,AST-1004,Humidity,50.11,2025-01-28 17:50,45.0
SNS-1004-H,AST-1004,Humidity,45.96,2025-01-29 14:50,45.0
SNS-1004-H,AST-1004,Humidity,44.54,2025-01-30 21:00,45.0
SNS-1004-H,AST-1004,Humidity,42.36,2025-01-31 05:19,45.0
SNS-1004-H,AST-1004,Humidity,46.27,2025-02-01 14:14,45.0
SNS-1004-H,AST-1004,Humidity,42.18,2025-02-02 14:12,45.0
SNS-1004-H,AST-1004,Humidity,47.21,2025-02-03 13:08,45.0
SNS-1004-H,AST-1004,Humidity,44.01,2025-02-04 07:45,45.0
SNS-1004-H,AST-1004,Humidity,42.69,2025-02-05 03:14,45.0
SNS-1004-H,AST-1004,Humidity,46.47,2025-02-06 14:35,45.0
SNS-1004-H,AST-1004,Humidity,48.23,2025-02-07 21:13,45.0
SNS-1004-H,AST-1004,Humidity,46.94,2025-02-08 01:07,45.0
SNS-1004-H,AST-1004,Humidity,44.63,2025-02-09 09:07,45.0
SNS-1004-H,AST-1004,Humidity,48.84,2025-02-10 01:11,45.0
SNS-1004-H,AST-1004,Humidity,45.04,2025-02-11 14:49,45.0
SNS-1004-H,AST-1004,Humidity,40.11,2025-02-12 22:47,45.0
SNS-1004-H,AST-1004,Humidity,41.91,2025-02-13 15:36,45.0
SNS-1004-H,AST-1004,Humidity,42.41,2025-02-14 12:09,45.0
SNS-1004-H,AST-1004,Humidity,45.97,2025-02-15 10:44,45.0
SNS-1004-H,AST-1004,Humidity,41.5,2025-02-16 01:49,45.0
SNS-1004-H,AST-1004,Humidity,42.79,2025-02-17 15:19,45.0
SNS-1004-H,AST-1004,Humidity,45.6,2025-02-18 03:49,45.0
SNS-1004-H,AST-1004,Humidity,50.06,2025-02-19 00:03,45.0
SNS-1004-H,AST-1004,Humidity,45.65,2025-02-20 00:38,45.0
SNS-1004-H,AST-1004,Humidity,42.62,2025-02-21 03:56,45.0
SNS-1004-H,AST-1004,Humidity,45.81,2025-02-22 13:19,45.0
SNS-1004-H,AST-1004,Humidity,43.26,2025-02-23 17:36,45.0
SNS-1004-H,AST-1004,Humidity,44.52,2025-02-24 11:15,45.0
SNS-1004-H,AST-1004,Humidity,45.25,2025-02-25 01:33,45.0
SNS-1004-H,AST-1004,Humidity,42.04,2025-02-26 21:00,45.0
SNS-1004-H,AST-1004,Humidity,45.09,2025-02-27 21:50,45.0
SNS-1004-H,AST-1004,Humidity,43.07,2025-02-28 04:04,45.0
SNS-1004-H,AST-1004,Humidity,44.94,2025-03-01 17:42,45.0
SNS-1004-H,AST-1004,Humidity,43.78,2025-03-02 20:30,45.0
SNS-1004-H,AST-1004,Humidity,43.83,2025-03-03 17:29,45.0
SNS-1004-H,AST-1004,Humidity,42.49,2025-03-04 04:40,45.0
SNS-1004-H,AST-1004,Humidity,44.93,2025-03-05 00:19,45.0
SNS-1004-H,AST-1004,Humidity,43.4,2025-03-06 18:22,45.0
SNS-1004-H,AST-1004,Humidity,43.62,2025-03-07 22:20,45.0
SNS-1004-H,AST-1004,Humidity,42.35,2025-03-08 04:52,45.0
SNS-1004-H,AST-1004,Humidity,46.39,2025-03-09 03:06,45.0
SNS-1004-H,AST-1004,Humidity,45.83,2025-03-10 04:37,45.0
SNS-1004-H,AST-1004,Humidity,49.8,2025-03-11 14:02,45.0
SNS-1004-H,AST-1004,Humidity,46.49,2025-03-12 00:02,45.0
SNS-1004-H,AST-1004,Humidity,46.3,2025-03-13 10:01,45.0
SNS-1004-H,AST-1004,Humidity,43.68,2025-03-14 13:11,45.0
SNS-1004-H,AST-1004,Humidity,46.38,2025-03-15 03:26,45.0
SNS-1004-H,AST-1004,Humidity,45.8,2025-03-16 17:06,45.0
SNS-1004-H,AST-1004,Humidity,46.03,2025-03-17 19:29,45.0
SNS-1004-H,AST-1004,Humidity,44.55,2025-03-18 03:02,45.0
SNS-1004-H,AST-1004,Humidity,44.73,2025-03-19 16:36,45.0
SNS-1004-H,AST-1004,Humidity,44.38,2025-03-20 04:54,45.0
SNS-1004-H,AST-1004,Humidity,39.59,2025-03-21 08:50,45.0
SNS-1004-H,AST-1004,Humidity,48.39,2025-03-22 05:05,45.0
SNS-1004-H,AST-1004,Humidity,59.14,2025-03-23 17:17,45.0
SNS-1004-H,AST-1004,Humidity,45.19,2025-03-24 12:45,45.0
SNS-1004-H,AST-1004,Humidity,43.0,2025-03-25 12:56,45.0
SNS-1004-H,AST-1004,Humidity,44.16,2025-03-26 15:27,45.0
SNS-1004-H,AST-1004,Humidity,46.72,2025-03-27 16:04,45.0
SNS-1004-H,AST-1004,Humidity,43.55,2025-03-28 01:20,45.0
SNS-1004-H,AST-1004,Humidity,44.96,2025-03-29 12:32,45.0
SNS-1004-H,AST-1004,Humidity,48.39,2025-03-30 08:26,45.0
SNS-1004-H,AST-1004,Humidity,44.95,2025-03-31 13:27,45.0
SNS-1004-H,AST-1004,Humidity,45.17,2025-04-01 08:58,45.0
SNS-1004-H,AST-1004,Humidity,44.7,2025-04-02 10:35,45.0
SNS-1004-H,AST-1004,Humidity,42.37,2025-04-03 12:43,45.0
SNS-1004-H,AST-1004,Humidity,46.74,2025-04-04 03:37,45.0
SNS-1004-H,AST-1004,Humidity,42.92,2025-04-05 19:20,45.0
SNS-1004-H,AST-1004,Humidity,43.48,2025-04-06 09:13,45.0
SNS-1004-H,AST-1004,Humidity,45.13,2025-04-07 21:54,45.0
SNS-1004-H,AST-1004,Humidity,45.77,2025-04-08 16:28,45.0
SNS-1004-H,AST-1004,Humidity,42.36,2025-04-09 20:51,45.0
SNS-1004-H,AST-1004,Humidity,45.65,2025-04-10 01:44,45.0
SNS-1004-H,AST-1004,Humidity,46.14,2025-04-11 06:48,45.0
SNS-1004-H,AST-1004,Humidity,46.87,2025-04-12 07:47,45.0
SNS-1004-H,AST-1004,Humidity,40.5,2025-04-13 14:58,45.0
SNS-1004-H,AST-1004,Humidity,42.24,2025-04-14 16:00,45.0
SNS-1004-H,AST-1004,Humidity,44.5,2025-04-15 03:58,45.0
SNS-1004-H,AST-1004,Humidity,44.75,2025-04-16 18:27,45.0
SNS-1004-H,AST-1004,Humidity,42.2,2025-04-17 11:14,45.0
SNS-1004-H,AST-1004,Humidity,47.51,2025-04-18 16:24,45.0
SNS-1004-H,AST-1004,Humidity,46.23,2025-04-19 06:55,45.0
SNS-1004-H,AST-1004,Humidity,43.16,2025-04-20 08:49,45.0
SNS-1004-H,AST-1004,Humidity,45.46,2025-04-21 12:16,45.0
SNS-1004-H,AST-1004,Humidity,46.09,2025-04-22 17:09,45.0
SNS-1004-H,AST-1004,Humidity,42.31,2025-04-23 04:37,45.0
SNS-1004-H,AST-1004,Humidity,42.68,2025-04-24 13:27,45.0
SNS-1004-H,AST-1004,Humidity,41.39,2025-04-25 07:03,45.0
SNS-1004-H,AST-1004,Humidity,45.07,2025-04-26 11:43,45.0
SNS-1004-H,AST-1004,Humidity,43.68,2025-04-27 09:21,45.0
SNS-1004-H,AST-1004,Humidity,45.3,2025-04-28 12:38,45.0
SNS-1004-H,AST-1004,Humidity,46.87,2025-04-29 17:53,45.0
SNS-1004-H,AST-1004,Humidity,40.92,2025-04-30 04:57,45.0
SNS-1004-H,AST-1004,Humidity,46.52,2025-05-01 01:31,45.0
SNS-1004-H,AST-1004,Humidity,42.9,2025-05-02 11:49,45.0
SNS-1004-H,AST-1004,Humidity,46.13,2025-05-03 16:24,45.0
SNS-1004-H,AST-1004,Humidity,44.15,2025-05-04 20:57,45.0
SNS-1004-H,AST-1004,Humidity,43.8,2025-05-05 09:57,45.0
SNS-1004-H,AST-1004,Humidity,41.31,2025-05-06 17:26,45.0
SNS-1004-H,AST-1004,Humidity,42.52,2025-05-07 11:10,45.0
SNS-1004-H,AST-1004,Humidity,55.78,2025-05-08 16:22,45.0
SNS-1004-H,AST-1004,Humidity,46.04,2025-05-09 09:09,45.0
SNS-1004-H,AST-1004,Humidity,41.66,2025-05-10 08:41,45.0
SNS-1004-H,AST-1004,Humidity,42.95,2025-05-11 21:05,45.0
SNS-1004-H,AST-1004,Humidity,46.46,2025-05-12 08:18,45.0
SNS-1004-H,AST-1004,Humidity,46.64,2025-05-13 06:29,45.0
SNS-1004-H,AST-1004,Humidity,43.56,2025-05-14 06:05,45.0
SNS-1004-H,AST-1004,Humidity,45.91,2025-05-15 20:18,45.0
SNS-1004-H,AST-1004,Humidity,54.54,2025-05-16 14:42,45.0
SNS-1004-H,AST-1004,Humidity,44.09,2025-05-17 22:55,45.0
SNS-1004-H,AST-1004,Humidity,44.02,2025-05-18 00:34,45.0
SNS-1004-H,AST-1004,Humidity,43.7,2025-05-19 15:05,45.0
SNS-1004-H,AST-1004,Humidity,43.28,2025-05-20 06:27,45.0
SNS-1004-H,AST-1004,Humidity,47.0,2025-05-21 05:10,45.0
SNS-1004-H,AST-1004,Humidity,44.52,2025-05-22 06:02,45.0
SNS-1004-H,AST-1004,Humidity,44.28,2025-05-23 01:29,45.0
SNS-1004-H,AST-1004,Humidity,43.68,2025-05-24 02:44,45.0
SNS-1004-H,AST-1004,Humidity,40.36,2025-05-25 18:44,45.0
SNS-1004-H,AST-1004,Humidity,45.33,2025-05-26 04:55,45.0
SNS-1004-H,AST-1004,Humidity,43.7,2025-05-27 11:27,45.0
SNS-1004-H,AST-1004,Humidity,44.95,2025-05-28 09:49,45.0
SNS-1004-H,AST-1004,Humidity,46.13,2025-05-29 21:17,45.0
SNS-1004-H,AST-1004,Humidity,43.74,2025-05-30 12:14,45.0
SNS-1004-H,AST-1004,Humidity,44.97,2025-05-31 03:19,45.0
SNS-1004-H,AST-1004,Humidity,47.09,2025-06-01 01:10,45.0
SNS-1004-H,AST-1004,Humidity,43.75,2025-06-02 00:46,45.0
SNS-1004-H,AST-1004,Humidity,44.63,2025-06-03 10:18,45.0
SNS-1004-H,AST-1004,Humidity,46.35,2025-06-04 11:54,45.0
SNS-1004-H,AST-1004,Humidity,44.26,2025-06-05 10:52,45.0
SNS-1004-H,AST-1004,Humidity,42.66,2025-06-06 14:04,45.0
SNS-1004-H,AST-1004,Humidity,44.19,2025-06-07 07:37,45.0
SNS-1004-H,AST-1004,Humidity,42.46,2025-06-08 06:09,45.0
SNS-1004-H,AST-1004,Humidity,48.48,2025-06-09 00:24,45.0
SNS-1004-H,AST-1004,Humidity,48.09,2025-06-10 13:00,45.0
SNS-1004-H,AST-1004,Humidity,44.5,2025-06-11 10:27,45.0
SNS-1004-H,AST-1004,Humidity,48.08,2025-06-12 04:12,45.0
SNS-1004-H,AST-1004,Humidity,48.26,2025-06-13 11:13,45.0
SNS-1004-H,AST-1004,Humidity,46.07,2025-06-14 05:54,45.0
SNS-1004-H,AST-1004,Humidity,44.1,2025-06-15 02:17,45.0
SNS-1004-H,AST-1004,Humidity,45.38,2025-06-16 07:10,45.0
SNS-1004-H,AST-1004,Humidity,43.09,2025-06-17 15:21,45.0
SNS-1004-H,AST-1004,Humidity,44.35,2025-06-18 10:44,45.0
SNS-1004-H,AST-1004,Humidity,43.39,2025-06-19 00:12,45.0
SNS-1004-H,AST-1004,Humidity,41.74,2025-06-20 01:42,45.0
SNS-1004-H,AST-1004,Humidity,41.1,2025-06-21 15:58,45.0
SNS-1004-H,AST-1004,Humidity,47.88,2025-06-22 12:45,45.0
SNS-1004-H,AST-1004,Humidity,41.39,2025-06-23 09:00,45.0
SNS-1004-H,AST-1004,Humidity,44.45,2025-06-24 02:56,45.0
SNS-1004-H,AST-1004,Humidity,44.93,2025-06-25 13:29,45.0
SNS-1004-H,AST-1004,Humidity,43.6,2025-06-26 08:11,45.0
SNS-1004-H,AST-1004,Humidity,44.2,2025-06-27 08:56,45.0
SNS-1004-H,AST-1004,Humidity,49.11,2025-06-28 15:37,45.0
SNS-1004-H,AST-1004,Humidity,45.36,2025-06-29 08:46,45.0
SNS-1004-H,AST-1004,Humidity,44.37,2025-06-30 12:30,45.0
SNS-1004-H,AST-1004,Humidity,47.45,2025-07-01 14:22,45.0
SNS-1004-H,AST-1004,Humidity,45.07,2025-07-02 04:50,45.0
SNS-1004-H,AST-1004,Humidity,44.82,2025-07-03 11:28,45.0
SNS-1004-H,AST-1004,Humidity,45.76,2025-07-04 07:37,45.0
SNS-1004-H,AST-1004,Humidity,46.77,2025-07-05 07:26,45.0
SNS-1004-H,AST-1004,Humidity,45.97,2025-07-06 05:30,45.0
SNS-1004-H,AST-1004,Humidity,45.4,2025-07-07 00:25,45.0
SNS-1004-H,AST-1004,Humidity,43.5,2025-07-08 01:17,45.0
SNS-1004-H,AST-1004,Humidity,43.43,2025-07-09 09:05,45.0
SNS-1004-H,AST-1004,Humidity,42.72,2025-07-10 16:19,45.0
SNS-1004-H,AST-1004,Humidity,42.39,2025-07-11 07:35,45.0
SNS-1004-H,AST-1004,Humidity,46.83,2025-07-12 11:34,45.0
SNS-1004-H,AST-1004,Humidity,44.86,2025-07-13 20:38,45.0
SNS-1004-H,AST-1004,Humidity,44.93,2025-07-14 02:43,45.0
SNS-1004-H,AST-1004,Humidity,45.83,2025-07-15 00:40,45.0
SNS-1004-H,AST-1004,Humidity,42.03,2025-07-16 10:53,45.0
SNS-1004-H,AST-1004,Humidity,43.31,2025-07-17 19:04,45.0
SNS-1004-H,AST-1004,Humidity,48.91,2025-07-18 04:17,45.0
SNS-1004-H,AST-1004,Humidity,45.62,2025-07-19 09:08,45.0
SNS-1004-H,AST-1004,Humidity,44.35,2025-07-20 08:22,45.0
SNS-1004-H,AST-1004,Humidity,45.0,2025-07-21 15:04,45.0
SNS-1004-H,AST-1004,Humidity,45.12,2025-07-22 11:56,45.0
SNS-1004-H,AST-1004,Humidity,45.99,2025-07-23 13:21,45.0
SNS-1004-H,AST-1004,Humidity,47.61,2025-07-24 13:47,45.0
SNS-1004-H,AST-1004,Humidity,46.48,2025-07-25 22:14,45.0
SNS-1004-H,AST-1004,Humidity,47.53,2025-07-26 07:51,45.0
SNS-1004-H,AST-1004,Humidity,44.44,2025-07-27 18:40,45.0
SNS-1004-H,AST-1004,Humidity,43.17,2025-07-28 08:35,45.0
SNS-1004-H,AST-1004,Humidity,40.31,2025-07-29 16:30,45.0
SNS-1004-H,AST-1004,Humidity,48.65,2025-07-30 00:01,45.0
SNS-1004-H,AST-1004,Humidity,45.14,2025-07-31 03:30,45.0
SNS-1004-H,AST-1004,Humidity,44.33,2025-08-01 03:14,45.0
SNS-1004-H,AST-1004,Humidity,49.4,2025-08-02 11:43,45.0
SNS-1004-H,AST-1004,Humidity,44.52,2025-08-03 22:27,45.0
SNS-1004-H,AST-1004,Humidity,47.79,2025-08-04 21:10,45.0
SNS-1004-H,AST-1004,Humidity,48.09,2025-08-05 21:22,45.0
SNS-1004-H,AST-1004,Humidity,44.98,2025-08-06 16:11,45.0
SNS-1004-H,AST-1004,Humidity,45.2,2025-08-07 20:14,45.0
SNS-1004-H,AST-1004,Humidity,46.81,2025-08-08 18:27,45.0
SNS-1004-H,AST-1004,Humidity,48.51,2025-08-09 06:48,45.0
SNS-1004-H,AST-1004,Humidity,44.27,2025-08-10 04:51,45.0
SNS-1004-H,AST-1004,Humidity,43.25,2025-08-11 12:48,45.0
SNS-1004-H,AST-1004,Humidity,42.5,2025-08-12 11:09,45.0
SNS-1004-H,AST-1004,Humidity,47.21,2025-08-13 13:38,45.0
SNS-1004-H,AST-1004,Humidity,42.65,2025-08-14 07:13,45.0
SNS-1004-H,AST-1004,Humidity,46.4,2025-08-15 07:19,45.0
SNS-1004-H,AST-1004,Humidity,48.26,2025-08-16 19:45,45.0
SNS-1004-H,AST-1004,Humidity,46.52,2025-08-17 02:57,45.0
SNS-1004-H,AST-1004,Humidity,46.37,2025-08-18 09:33,45.0
SNS-1004-H,AST-1004,Humidity,50.0,2025-08-19 09:45,45.0
SNS-1004-H,AST-1004,Humidity,47.38,2025-08-20 03:08,45.0
SNS-1004-H,AST-1004,Humidity,43.97,2025-08-21 16:35,45.0
SNS-1004-H,AST-1004,Humidity,45.27,2025-08-22 00:21,45.0
SNS-1004-H,AST-1004,Humidity,47.74,2025-08-23 21:28,45.0
SNS-1004-H,AST-1004,Humidity,45.74,2025-08-24 19:32,45.0
SNS-1004-H,AST-1004,Humidity,42.3,2025-08-25 22:57,45.0
SNS-1004-H,AST-1004,Humidity,48.56,2025-08-26 07:58,45.0
SNS-1004-H,AST-1004,Humidity,43.98,2025-08-27 14:47,45.0
SNS-1004-H,AST-1004,Humidity,45.14,2025-08-28 17:47,45.0
SNS-1004-H,AST-1004,Humidity,44.53,2025-08-29 00:24,45.0
SNS-1004-H,AST-1004,Humidity,47.74,2025-08-30 06:27,45.0
SNS-1004-H,AST-1004,Humidity,48.68,2025-08-31 01:09,45.0
SNS-1004-H,AST-1004,Humidity,43.71,2025-09-01 14:49,45.0
SNS-1004-H,AST-1004,Humidity,47.03,2025-09-02 04:56,45.0
SNS-1004-H,AST-1004,Humidity,45.59,2025-09-03 13:39,45.0
SNS-1004-H,AST-1004,Humidity,44.71,2025-09-04 01:21,45.0
SNS-1004-H,AST-1004,Humidity,43.29,2025-09-05 08:37,45.0
SNS-1004-H,AST-1004,Humidity,44.88,2025-09-06 16:45,45.0
SNS-1004-H,AST-1004,Humidity,44.92,2025-09-07 09:40,45.0
SNS-1004-H,AST-1004,Humidity,45.52,2025-09-08 18:15,45.0
SNS-1004-H,AST-1004,Humidity,45.49,2025-09-09 10:33,45.0
SNS-1004-H,AST-1004,Humidity,48.33,2025-09-10 08:08,45.0
SNS-1004-H,AST-1004,Humidity,44.63,2025-09-11 02:52,45.0
SNS-1004-H,AST-1004,Humidity,56.31,2025-09-12 04:30,45.0
SNS-1004-H,AST-1004,Humidity,45.38,2025-09-13 19:26,45.0
SNS-1004-H,AST-1004,Humidity,46.31,2025-09-14 21:15,45.0
SNS-1004-H,AST-1004,Humidity,45.15,2025-09-15 11:29,45.0
SNS-1004-H,AST-1004,Humidity,47.17,2025-09-16 05:30,45.0
SNS-1004-H,AST-1004,Humidity,43.55,2025-09-17 19:52,45.0
SNS-1004-H,AST-1004,Humidity,46.03,2025-09-18 03:33,45.0
SNS-1004-H,AST-1004,Humidity,41.7,2025-09-19 08:58,45.0
SNS-1004-H,AST-1004,Humidity,46.04,2025-09-20 06:35,45.0
SNS-1004-H,AST-1004,Humidity,47.34,2025-09-21 12:43,45.0
SNS-1004-H,AST-1004,Humidity,43.7,2025-09-22 12:41,45.0
SNS-1004-H,AST-1004,Humidity,47.22,2025-09-23 18:45,45.0
SNS-1004-H,AST-1004,Humidity,48.16,2025-09-24 06:25,45.0
SNS-1004-H,AST-1004,Humidity,43.76,2025-09-25 00:12,45.0
SNS-1004-H,AST-1004,Humidity,50.56,2025-09-26 01:13,45.0
SNS-1004-H,AST-1004,Humidity,48.55,2025-09-27 21:13,45.0
SNS-1004-H,AST-1004,Humidity,44.94,2025-09-28 06:14,45.0
SNS-1004-H,AST-1004,Humidity,44.88,2025-09-29 08:09,45.0
SNS-1004-H,AST-1004,Humidity,46.3,2025-09-30 08:57,45.0
SNS-1004-H,AST-1004,Humidity,50.84,2025-10-01 20:36,45.0
SNS-1004-H,AST-1004,Humidity,46.54,2025-10-02 11:52,45.0
SNS-1004-H,AST-1004,Humidity,47.56,2025-10-03 01:57,45.0
SNS-1004-H,AST-1004,Humidity,47.04,2025-10-04 02:06,45.0
SNS-1004-H,AST-1004,Humidity,49.21,2025-10-05 03:30,45.0
SNS-1004-H,AST-1004,Humidity,46.78,2025-10-06 08:38,45.0
SNS-1004-H,AST-1004,Humidity,46.62,2025-10-07 15:32,45.0
SNS-1004-H,AST-1004,Humidity,48.13,2025-10-08 08:18,45.0
SNS-1004-H,AST-1004,Humidity,47.84,2025-10-09 21:13,45.0
SNS-1004-H,AST-1004,Humidity,46.65,2025-10-10 14:43,45.0
SNS-1004-H,AST-1004,Humidity,47.97,2025-10-11 19:46,45.0
SNS-1004-H,AST-1004,Humidity,44.43,2025-10-12 04:42,45.0
SNS-1004-H,AST-1004,Humidity,50.08,2025-10-13 19:14,45.0
SNS-1004-H,AST-1004,Humidity,49.65,2025-10-14 19:51,45.0
SNS-1004-H,AST-1004,Humidity,45.35,2025-10-15 21:27,45.0
SNS-1004-H,AST-1004,Humidity,45.83,2025-10-16 00:03,45.0
SNS-1004-H,AST-1004,Humidity,48.05,2025-10-17 02:20,45.0
SNS-1004-H,AST-1004,Humidity,49.51,2025-10-18 04:52,45.0
SNS-1004-H,AST-1004,Humidity,47.61,2025-10-19 15:34,45.0
SNS-1004-H,AST-1004,Humidity,46.34,2025-10-20 05:54,45.0
SNS-1004-H,AST-1004,Humidity,47.44,2025-10-21 02:23,45.0
SNS-1004-H,AST-1004,Humidity,44.73,2025-10-22 05:07,45.0
SNS-1004-H,AST-1004,Humidity,48.69,2025-10-23 21:08,45.0
SNS-1004-H,AST-1004,Humidity,47.79,2025-10-24 07:13,45.0
SNS-1004-H,AST-1004,Humidity,46.33,2025-10-25 21:07,45.0
SNS-1004-H,AST-1004,Humidity,44.33,2025-10-26 18:22,45.0
SNS-1004-H,AST-1004,Humidity,41.98,2025-10-27 22:14,45.0
SNS-1004-H,AST-1004,Humidity,45.72,2025-10-28 11:22,45.0
SNS-1004-H,AST-1004,Humidity,47.78,2025-10-29 09:01,45.0
SNS-1004-H,AST-1004,Humidity,43.98,2025-10-30 02:12,45.0
SNS-1004-H,AST-1004,Humidity,44.66,2025-10-31 13:12,45.0
SNS-1004-H,AST-1004,Humidity,48.44,2025-11-01 14:43,45.0
SNS-1004-H,AST-1004,Humidity,46.18,2025-11-02 18:11,45.0
SNS-1004-H,AST-1004,Humidity,49.48,2025-11-03 15:24,45.0
SNS-1004-H,AST-1004,Humidity,44.59,2025-11-04 20:24,45.0
SNS-1004-H,AST-1004,Humidity,47.96,2025-11-05 02:10,45.0
SNS-1004-H,AST-1004,Humidity,46.26,2025-11-06 20:37,45.0
SNS-1004-H,AST-1004,Humidity,45.52,2025-11-07 13:21,45.0
SNS-1004-H,AST-1004,Humidity,47.27,2025-11-08 09:48,45.0
SNS-1004-H,AST-1004,Humidity,44.53,2025-11-09 02:13,45.0
SNS-1004-H,AST-1004,Humidity,43.48,2025-11-10 06:29,45.0
SNS-1004-H,AST-1004,Humidity,46.99,2025-11-11 22:29,45.0
SNS-1004-H,AST-1004,Humidity,47.93,2025-11-12 05:30,45.0
SNS-1004-H,AST-1004,Humidity,48.26,2025-11-13 10:04,45.0
SNS-1004-H,AST-1004,Humidity,45.68,2025-11-14 18:28,45.0
SNS-1004-H,AST-1004,Humidity,44.25,2025-11-15 06:24,45.0
SNS-1004-H,AST-1004,Humidity,43.82,2025-11-16 21:01,45.0
SNS-1004-H,AST-1004,Humidity,44.08,2025-11-17 22:38,45.0
SNS-1004-H,AST-1004,Humidity,44.63,2025-11-18 00:40,45.0
SNS-1004-H,AST-1004,Humidity,45.64,2025-11-19 00:42,45.0
SNS-1004-H,AST-1004,Humidity,48.15,2025-11-20 17:34,45.0
SNS-1004-H,AST-1004,Humidity,45.93,2025-11-21 04:04,45.0
SNS-1004-H,AST-1004,Humidity,44.08,2025-11-22 17:33,45.0
SNS-1004-H,AST-1004,Humidity,45.77,2025-11-23 05:28,45.0
SNS-1004-H,AST-1004,Humidity,48.5,2025-11-24 16:43,45.0
SNS-1004-H,AST-1004,Humidity,47.4,2025-11-25 04:31,45.0
SNS-1004-H,AST-1004,Humidity,40.09,2025-11-26 02:10,45.0
SNS-1004-H,AST-1004,Humidity,46.99,2025-11-27 05:15,45.0
SNS-1004-H,AST-1004,Humidity,44.91,2025-11-28 18:19,45.0
SNS-1004-H,AST-1004,Humidity,45.07,2025-11-29 19:36,45.0
SNS-1004-H,AST-1004,Humidity,48.14,2025-11-30 13:58,45.0
SNS-1004-H,AST-1004,Humidity,44.46,2025-12-01 21:18,45.0
SNS-1004-H,AST-1004,Humidity,42.51,2025-12-02 01:37,45.0
SNS-1004-H,AST-1004,Humidity,50.01,2025-12-03 10:06,45.0
SNS-1004-H,AST-1004,Humidity,47.66,2025-12-04 09:33,45.0
SNS-1004-H,AST-1004,Humidity,44.21,2025-12-05 09:19,45.0
SNS-1004-H,AST-1004,Humidity,45.31,2025-12-06 01:14,45.0
SNS-1004-H,AST-1004,Humidity,47.14,2025-12-07 07:40,45.0
SNS-1004-H,AST-1004,Humidity,47.57,2025-12-08 08:19,45.0
SNS-1004-H,AST-1004,Humidity,46.19,2025-12-09 22:22,45.0
SNS-1004-H,AST-1004,Humidity,45.91,2025-12-10 02:50,45.0
SNS-1004-H,AST-1004,Humidity,47.26,2025-12-11 22:24,45.0
SNS-1004-H,AST-1004,Humidity,47.32,2025-12-12 01:48,45.0
SNS-1004-H,AST-1004,Humidity,43.65,2025-12-13 11:10,45.0
SNS-1004-H,AST-1004,Humidity,45.83,2025-12-14 17:29,45.0
SNS-1004-H,AST-1004,Humidity,45.11,2025-12-15 02:03,45.0
SNS-1004-H,AST-1004,Humidity,46.95,2025-12-16 03:01,45.0
SNS-1004-H,AST-1004,Humidity,45.07,2025-12-17 19:44,45.0
SNS-1004-H,AST-1004,Humidity,46.77,2025-12-18 05:31,45.0
SNS-1004-H,AST-1004,Humidity,43.68,2025-12-19 05:57,45.0
SNS-1004-H,AST-1004,Humidity,45.87,2025-12-20 16:15,45.0
SNS-1004-H,AST-1004,Humidity,47.59,2025-12-21 08:31,45.0
SNS-1004-H,AST-1004,Humidity,46.33,2025-12-22 20:54,45.0
SNS-1004-H,AST-1004,Humidity,44.45,2025-12-23 10:15,45.0
SNS-1004-H,AST-1004,Humidity,46.3,2025-12-24 10:18,45.0
SNS-1004-H,AST-1004,Humidity,46.17,2025-12-25 09:56,45.0
SNS-1004-H,AST-1004,Humidity,45.91,2025-12-26 10:50,45.0
SNS-1004-H,AST-1004,Humidity,42.92,2025-12-27 21:11,45.0
SNS-1004-H,AST-1004,Humidity,42.66,2025-12-28 05:56,45.0
SNS-1004-H,AST-1004,Humidity,45.0,2025-12-29 15:08,45.0
SNS-1004-H,AST-1004,Humidity,46.25,2025-12-30 09:11,45.0
SNS-1004-H,AST-1004,Humidity,48.26,2025-12-31 16:38,45.0
SNS-1004-H,AST-1004,Humidity,47.19,2026-01-01 02:42,45.0
SNS-1004-H,AST-1004,Humidity,46.15,2026-01-02 15:32,45.0
SNS-1004-H,AST-1004,Humidity,43.82,2026-01-03 20:34,45.0
SNS-1004-H,AST-1004,Humidity,47.43,2026-01-04 10:06,45.0
SNS-1004-H,AST-1004,Humidity,44.16,2026-01-05 16:05,45.0
SNS-1004-H,AST-1004,Humidity,45.01,2026-01-06 20:41,45.0
SNS-1004-H,AST-1004,Humidity,42.29,2026-01-07 09:50,45.0
SNS-1004-H,AST-1004,Humidity,46.04,2026-01-08 18:58,45.0
SNS-1004-H,AST-1004,Humidity,44.95,2026-01-09 20:44,45.0
SNS-1004-H,AST-1004,Humidity,45.8,2026-01-10 05:31,45.0
SNS-1004-H,AST-1004,Humidity,45.66,2026-01-11 00:13,45.0
SNS-1004-H,AST-1004,Humidity,42.15,2026-01-12 17:33,45.0
SNS-1004-H,AST-1004,Humidity,44.6,2026-01-13 21:51,45.0
SNS-1004-H,AST-1004,Humidity,42.96,2026-01-14 03:34,45.0
SNS-1004-H,AST-1004,Humidity,44.26,2026-01-15 18:25,45.0
SNS-1004-H,AST-1004,Humidity,47.38,2026-01-16 06:08,45.0
SNS-1004-H,AST-1004,Humidity,44.71,2026-01-17 03:34,45.0
SNS-1004-H,AST-1004,Humidity,49.17,2026-01-18 06:43,45.0
SNS-1004-H,AST-1004,Humidity,44.72,2026-01-19 15:15,45.0
SNS-1004-H,AST-1004,Humidity,43.79,2026-01-20 00:49,45.0
SNS-1004-H,AST-1004,Humidity,45.07,2026-01-21 05:32,45.0
SNS-1004-H,AST-1004,Humidity,42.84,2026-01-22 10:10,45.0
SNS-1004-H,AST-1004,Humidity,44.6,2026-01-23 17:24,45.0
SNS-1004-H,AST-1004,Humidity,43.4,2026-01-24 06:29,45.0
SNS-1004-H,AST-1004,Humidity,43.07,2026-01-25 07:36,45.0
SNS-1004-H,AST-1004,Humidity,47.89,2026-01-26 06:04,45.0
SNS-1004-H,AST-1004,Humidity,48.9,2026-01-27 18:58,45.0
SNS-1004-H,AST-1004,Humidity,43.29,2026-01-28 11:30,45.0
SNS-1004-H,AST-1004,Humidity,44.4,2026-01-29 07:58,45.0
SNS-1004-H,AST-1004,Humidity,46.98,2026-01-30 09:51,45.0
SNS-1004-H,AST-1004,Humidity,43.89,2026-01-31 19:36,45.0
SNS-1004-H,AST-1004,Humidity,46.79,2026-02-01 03:21,45.0
SNS-1004-H,AST-1004,Humidity,46.78,2026-02-02 08:08,45.0
SNS-1004-H,AST-1004,Humidity,44.81,2026-02-03 05:04,45.0
SNS-1004-H,AST-1004,Humidity,41.82,2026-02-04 03:52,45.0
SNS-1004-H,AST-1004,Humidity,43.26,2026-02-05 02:14,45.0
SNS-1004-H,AST-1004,Humidity,42.76,2026-02-06 16:46,45.0
SNS-1004-H,AST-1004,Humidity,43.83,2026-02-07 06:40,45.0
SNS-1004-H,AST-1004,Humidity,45.45,2026-02-08 03:04,45.0
SNS-1004-H,AST-1004,Humidity,43.36,2026-02-09 09:52,45.0
SNS-1004-H,AST-1004,Humidity,48.33,2026-02-10 02:14,45.0
SNS-1004-H,AST-1004,Humidity,45.73,2026-02-11 12:51,45.0
SNS-1004-H,AST-1004,Humidity,46.55,2026-02-12 00:04,45.0
SNS-1004-H,AST-1004,Humidity,40.53,2026-02-13 11:11,45.0
SNS-1004-H,AST-1004,Humidity,47.27,2026-02-14 14:45,45.0
SNS-1004-H,AST-1004,Humidity,49.37,2026-02-15 15:11,45.0
SNS-1004-H,AST-1004,Humidity,45.81,2026-02-16 05:23,45.0
SNS-1004-H,AST-1004,Humidity,45.6,2026-02-17 00:38,45.0
SNS-1004-H,AST-1004,Humidity,46.9,2026-02-18 15:54,45.0
SNS-1004-H,AST-1004,Humidity,47.46,2026-02-19 09:43,45.0
SNS-1004-H,AST-1004,Humidity,43.18,2026-02-20 18:56,45.0
SNS-1004-H,AST-1004,Humidity,46.47,2026-02-21 22:35,45.0
SNS-1004-H,AST-1004,Humidity,45.57,2026-02-22 03:48,45.0
SNS-1004-H,AST-1004,Humidity,46.02,2026-02-23 00:30,45.0
SNS-1004-H,AST-1004,Humidity,44.74,2026-02-24 15:53,45.0
SNS-1004-H,AST-1004,Humidity,44.99,2026-02-25 09:15,45.0
SNS-1004-H,AST-1004,Humidity,45.27,2026-02-26 10:22,45.0
SNS-1004-H,AST-1004,Humidity,42.71,2026-02-27 10:05,45.0
SNS-1004-H,AST-1004,Humidity,43.66,2026-02-28 07:06,45.0
SNS-1004-H,AST-1004,Humidity,44.68,2026-03-01 21:53,45.0
SNS-1004-H,AST-1004,Humidity,46.62,2026-03-02 03:29,45.0
SNS-1004-H,AST-1004,Humidity,43.37,2026-03-03 18:54,45.0
SNS-1004-H,AST-1004,Humidity,48.52,2026-03-04 20:37,45.0
SNS-1004-H,AST-1004,Humidity,41.78,2026-03-05 18:11,45.0
SNS-1004-H,AST-1004,Humidity,43.56,2026-03-06 14:40,45.0
SNS-1004-H,AST-1004,Humidity,45.31,2026-03-07 13:14,45.0
SNS-1004-H,AST-1004,Humidity,45.17,2026-03-08 19:57,45.0
SNS-1004-H,AST-1004,Humidity,45.2,2026-03-09 06:35,45.0
SNS-1004-H,AST-1004,Humidity,47.35,2026-03-10 21:36,45.0
SNS-1004-H,AST-1004,Humidity,42.93,2026-03-11 16:17,45.0
SNS-1004-H,AST-1004,Humidity,43.72,2026-03-12 22:31,45.0
SNS-1004-H,AST-1004,Humidity,42.3,2026-03-13 05:44,45.0
SNS-1004-H,AST-1004,Humidity,41.58,2026-03-14 11:38,45.0
SNS-1004-H,AST-1004,Humidity,47.99,2026-03-15 06:52,45.0
SNS-1004-H,AST-1004,Humidity,45.37,2026-03-16 11:33,45.0
SNS-1004-H,AST-1004,Humidity,47.83,2026-03-17 14:18,45.0
SNS-1004-H,AST-1004,Humidity,45.65,2026-03-18 02:02,45.0
SNS-1004-H,AST-1004,Humidity,44.77,2026-03-19 09:05,45.0
SNS-1004-H,AST-1004,Humidity,48.91,2026-03-20 22:36,45.0
SNS-1004-H,AST-1004,Humidity,47.27,2026-03-21 02:45,45.0
SNS-1004-H,AST-1004,Humidity,43.11,2026-03-22 17:33,45.0
SNS-1004-H,AST-1004,Humidity,45.71,2026-03-23 04:37,45.0
SNS-1004-H,AST-1004,Humidity,45.63,2026-03-24 13:39,45.0
SNS-1004-H,AST-1004,Humidity,45.41,2026-03-25 05:52,45.0
SNS-1004-H,AST-1004,Humidity,49.21,2026-03-26 22:34,45.0
SNS-1004-H,AST-1004,Humidity,46.38,2026-03-27 09:55,45.0
SNS-1004-H,AST-1004,Humidity,45.12,2026-03-28 05:55,45.0
SNS-1004-H,AST-1004,Humidity,43.4,2026-03-29 05:22,45.0
SNS-1004-H,AST-1004,Humidity,43.13,2026-03-30 03:15,45.0
SNS-1004-H,AST-1004,Humidity,46.76,2026-03-31 02:17,45.0
SNS-1004-H,AST-1004,Humidity,43.61,2026-04-01 17:44,45.0
SNS-1004-H,AST-1004,Humidity,43.28,2026-04-02 14:37,45.0
SNS-1004-H,AST-1004,Humidity,40.62,2026-04-03 07:13,45.0
SNS-1004-H,AST-1004,Humidity,45.46,2026-04-04 10:12,45.0
SNS-1004-H,AST-1004,Humidity,46.49,2026-04-05 10:47,45.0
SNS-1004-H,AST-1004,Humidity,45.3,2026-04-06 08:35,45.0
SNS-1004-H,AST-1004,Humidity,43.19,2026-04-07 02:58,45.0
SNS-1004-H,AST-1004,Humidity,46.31,2026-04-08 03:28,45.0
SNS-1004-H,AST-1004,Humidity,44.17,2026-04-09 15:37,45.0
SNS-1004-H,AST-1004,Humidity,46.47,2026-04-10 00:54,45.0
SNS-1004-H,AST-1004,Humidity,45.41,2026-04-11 07:18,45.0
SNS-1004-H,AST-1004,Humidity,45.27,2026-04-12 16:08,45.0
SNS-1004-H,AST-1004,Humidity,45.18,2026-04-13 13:52,45.0
SNS-1004-H,AST-1004,Humidity,45.37,2026-04-14 22:06,45.0
SNS-1004-H,AST-1004,Humidity,45.74,2026-04-15 16:49,45.0
SNS-1004-H,AST-1004,Humidity,46.84,2026-04-16 04:11,45.0
SNS-1004-H,AST-1004,Humidity,46.43,2026-04-17 17:28,45.0
SNS-1004-H,AST-1004,Humidity,43.07,2026-04-18 02:45,45.0
SNS-1004-H,AST-1004,Humidity,43.38,2026-04-19 05:48,45.0
SNS-1004-H,AST-1004,Humidity,46.72,2026-04-20 14:14,45.0
SNS-1004-H,AST-1004,Humidity,45.04,2026-04-21 10:35,45.0
SNS-1004-H,AST-1004,Humidity,43.15,2026-04-22 14:15,45.0
SNS-1004-H,AST-1004,Humidity,43.77,2026-04-23 04:50,45.0
SNS-1004-H,AST-1004,Humidity,46.45,2026-04-24 05:57,45.0
SNS-1004-H,AST-1004,Humidity,43.92,2026-04-25 02:05,45.0
SNS-1004-H,AST-1004,Humidity,44.16,2026-04-26 14:41,45.0
SNS-1004-H,AST-1004,Humidity,45.01,2026-04-27 08:49,45.0
SNS-1004-H,AST-1004,Humidity,46.66,2026-04-28 20:56,45.0
SNS-1004-H,AST-1004,Humidity,45.32,2026-04-29 03:03,45.0
SNS-1004-H,AST-1004,Humidity,41.43,2026-04-30 12:33,45.0
SNS-1004-H,AST-1004,Humidity,47.66,2026-05-01 14:27,45.0
SNS-1004-H,AST-1004,Humidity,45.44,2026-05-02 11:55,45.0
SNS-1004-H,AST-1004,Humidity,45.33,2026-05-03 13:20,45.0
SNS-1004-H,AST-1004,Humidity,44.67,2026-05-04 17:34,45.0
SNS-1004-H,AST-1004,Humidity,47.88,2026-05-05 00:05,45.0
SNS-1004-H,AST-1004,Humidity,42.63,2026-05-06 05:25,45.0
SNS-1004-H,AST-1004,Humidity,43.85,2026-05-07 11:58,45.0
SNS-1004-H,AST-1004,Humidity,46.87,2026-05-08 22:05,45.0
SNS-1004-H,AST-1004,Humidity,45.83,2026-05-09 17:50,45.0
SNS-1004-H,AST-1004,Humidity,43.43,2026-05-10 15:35,45.0
SNS-1004-H,AST-1004,Humidity,44.48,2026-05-11 13:56,45.0
SNS-1004-H,AST-1004,Humidity,46.82,2026-05-12 05:18,45.0
SNS-1004-H,AST-1004,Humidity,43.54,2026-05-13 14:02,45.0
SNS-1004-H,AST-1004,Humidity,46.89,2026-05-14 09:20,45.0
SNS-1004-H,AST-1004,Humidity,43.49,2026-05-15 18:24,45.0
SNS-1004-H,AST-1004,Humidity,44.35,2026-05-16 03:04,45.0
SNS-1004-H,AST-1004,Humidity,44.27,2026-05-17 20:41,45.0
SNS-1004-H,AST-1004,Humidity,46.32,2026-05-18 15:06,45.0
SNS-1004-H,AST-1004,Humidity,46.18,2026-05-19 15:09,45.0
SNS-1004-H,AST-1004,Humidity,43.82,2026-05-20 02:31,45.0
SNS-1004-H,AST-1004,Humidity,44.4,2026-05-21 20:09,45.0
SNS-1004-H,AST-1004,Humidity,42.08,2026-05-22 08:49,45.0
SNS-1004-H,AST-1004,Humidity,46.99,2026-05-23 11:18,45.0
SNS-1004-H,AST-1004,Humidity,45.02,2026-05-24 18:22,45.0
SNS-1004-H,AST-1004,Humidity,45.83,2026-05-25 06:54,45.0
SNS-1004-H,AST-1004,Humidity,43.94,2026-05-26 21:43,45.0
SNS-1004-H,AST-1004,Humidity,42.61,2026-05-27 13:54,45.0
SNS-1004-H,AST-1004,Humidity,43.13,2026-05-28 12:54,45.0
SNS-1004-H,AST-1004,Humidity,46.98,2026-05-29 21:03,45.0
SNS-1004-H,AST-1004,Humidity,45.53,2026-05-30 10:28,45.0
SNS-1004-H,AST-1004,Humidity,47.24,2026-05-31 10:11,45.0
SNS-1004-H,AST-1004,Humidity,44.76,2026-06-01 15:06,45.0
SNS-1004-H,AST-1004,Humidity,45.26,2026-06-02 02:50,45.0
SNS-1004-H,AST-1004,Humidity,42.6,2026-06-03 07:20,45.0
SNS-1004-H,AST-1004,Humidity,48.32,2026-06-04 21:20,45.0
SNS-1004-H,AST-1004,Humidity,47.76,2026-06-05 15:57,45.0
SNS-1004-H,AST-1004,Humidity,45.65,2026-06-06 01:22,45.0
SNS-1004-H,AST-1004,Humidity,46.43,2026-06-07 04:37,45.0
SNS-1004-H,AST-1004,Humidity,45.64,2026-06-08 02:39,45.0
SNS-1004-H,AST-1004,Humidity,46.66,2026-06-09 14:19,45.0
SNS-1004-H,AST-1004,Humidity,42.12,2026-06-10 03:23,45.0
SNS-1004-H,AST-1004,Humidity,48.37,2026-06-11 16:41,45.0
SNS-1004-H,AST-1004,Humidity,45.59,2026-06-12 18:29,45.0
SNS-1004-H,AST-1004,Humidity,46.5,2026-06-13 17:07,45.0
SNS-1004-H,AST-1004,Humidity,46.17,2026-06-14 18:17,45.0
SNS-1004-H,AST-1004,Humidity,43.97,2026-06-15 16:49,45.0
SNS-1004-H,AST-1004,Humidity,46.36,2026-06-16 16:40,45.0
SNS-1004-H,AST-1004,Humidity,48.24,2026-06-17 16:32,45.0
SNS-1004-H,AST-1004,Humidity,41.58,2026-06-18 04:45,45.0
SNS-1004-H,AST-1004,Humidity,46.89,2026-06-19 00:58,45.0
SNS-1004-H,AST-1004,Humidity,46.37,2026-06-20 13:47,45.0
SNS-1004-H,AST-1004,Humidity,43.22,2026-06-21 19:32,45.0
SNS-1004-H,AST-1004,Humidity,44.77,2026-06-22 19:49,45.0
SNS-1004-H,AST-1004,Humidity,41.25,2026-06-23 10:18,45.0
SNS-1004-H,AST-1004,Humidity,43.66,2026-06-24 01:54,45.0
SNS-1004-H,AST-1004,Humidity,29.21,2026-06-25 10:42,45.0
SNS-1004-H,AST-1004,Humidity,46.41,2026-06-26 00:01,45.0
SNS-1004-H,AST-1004,Humidity,43.6,2026-06-27 12:21,45.0
SNS-1004-H,AST-1004,Humidity,46.43,2026-06-28 19:20,45.0
SNS-1004-H,AST-1004,Humidity,48.84,2026-06-29 17:11,45.0
SNS-1004-H,AST-1004,Humidity,41.47,2026-06-30 00:11,45.0
SNS-1004-H,AST-1004,Humidity,45.57,2026-07-01 16:18,45.0
SNS-1004-H,AST-1004,Humidity,42.57,2026-07-02 18:24,45.0
SNS-1004-H,AST-1004,Humidity,47.16,2026-07-03 00:46,45.0
SNS-1004-H,AST-1004,Humidity,47.27,2026-07-04 02:17,45.0
SNS-1004-H,AST-1004,Humidity,43.5,2026-07-05 05:50,45.0
SNS-1004-H,AST-1004,Humidity,43.96,2026-07-06 03:16,45.0
SNS-1004-H,AST-1004,Humidity,42.56,2026-07-07 04:24,45.0
SNS-1004-H,AST-1004,Humidity,43.33,2026-07-08 07:43,45.0
SNS-1004-H,AST-1004,Humidity,44.67,2026-07-09 21:08,45.0
SNS-1004-H,AST-1004,Humidity,44.36,2026-07-10 21:26,45.0
SNS-1004-H,AST-1004,Humidity,43.97,2026-07-11 03:51,45.0
SNS-1004-H,AST-1004,Humidity,44.45,2026-07-12 20:02,45.0
SNS-1004-H,AST-1004,Humidity,48.82,2026-07-13 00:34,45.0
SNS-1004-H,AST-1004,Humidity,46.57,2026-07-14 19:32,45.0
SNS-1004-H,AST-1004,Humidity,44.87,2026-07-15 08:55,45.0
SNS-1004-H,AST-1004,Humidity,47.41,2026-07-16 21:19,45.0
SNS-1004-H,AST-1004,Humidity,48.73,2026-07-17 09:45,45.0
SNS-1004-H,AST-1004,Humidity,45.56,2026-07-18 07:03,45.0
SNS-1004-H,AST-1004,Humidity,47.28,2026-07-19 02:20,45.0
SNS-1004-H,AST-1004,Humidity,44.0,2026-07-20 04:45,45.0
SNS-1004-H,AST-1004,Humidity,45.0,2026-07-21 06:20,45.0
SNS-1004-H,AST-1004,Humidity,45.37,2026-07-22 09:20,45.0
SNS-1004-H,AST-1004,Humidity,43.69,2026-07-23 15:45,45.0
SNS-1004-H,AST-1004,Humidity,43.43,2026-07-24 18:38,45.0
SNS-1004-H,AST-1004,Humidity,44.38,2026-07-25 11:58,45.0
